*** Using Compiler 'V6.21', folder: 'D:\keil5\ARM\ARMCLANG\Bin'
Build target 'Target 1'
assembling startup_stm32f407xx.s...
armclang: warning: no such include directory: 'Drivers/CMSIS/Device/ST/STM32F4xx/Include' [-Wmissing-include-dirs]
../Core/Src/encoder.c(6): warning: In file included from...../Drivers/STM32F4xx_HAL_Driver/inc\stm32f4xx_hal.h(30): warning: In file included from...../Drivers/CMSIS\stm32f4xx_hal_conf.h(220): warning: In file included from...../Drivers/STM32F4xx_HAL_Driver/inc\stm32f4xx_hal_rcc.h(29): warning: In file included from...../Drivers/STM32F4xx_HAL_Driver/inc\stm32f4xx_hal_def.h(30): warning: In file included from...../Drivers/CMSIS\stm32f4xx.h(11): warning: invalid UTF-8 in comment [-Winvalid-utf8]
   11 |   *              - To use or not the peripheral<92>s drivers in application code(i.e. 
      |                                                ^
../Drivers/CMSIS\stm32f4xx.h(12): warning: invalid UTF-8 in comment [-Winvalid-utf8]
   12 |   *                code will be based on direct access to peripheral<92>s registers 
      |                                                                     ^
../Core/Src/encoder.c(6): warning: In file included from...../Drivers/STM32F4xx_HAL_Driver/inc\stm32f4xx_hal.h(30): warning: In file included from...../Drivers/CMSIS\stm32f4xx_hal_conf.h(368): warning: In file included from...../Drivers/STM32F4xx_HAL_Driver/inc\stm32f4xx_hal_pcd.h(29): warning: In file included from...../Drivers/STM32F4xx_HAL_Driver/inc\stm32f4xx_ll_usb.h(186): warning: padding struct 'USB_OTG_HCTypeDef' with 1 byte to align 'xfer_buff' [-Wpadded]
  186 |   uint8_t   *xfer_buff;         /*!< Pointer to transfer buffer.                                                */
      |              ^
../Drivers/STM32F4xx_HAL_Driver/inc\stm32f4xx_ll_usb.h(198): warning: padding struct 'USB_OTG_HCTypeDef' with 2 bytes to align 'dma_addr' [-Wpadded]
  198 |   uint32_t  dma_addr;           /*!< 32 bits aligned transfer buffer address.                                   */
      |             ^
../Drivers/STM32F4xx_HAL_Driver/inc\stm32f4xx_ll_usb.h(156): warning: padding size of 'USB_OTG_HCTypeDef' with 2 bytes to alignment boundary [-Wpadded]
  156 | typedef struct
      |         ^
../Core/Src/encoder.c(6): warning: In file included from...../Drivers/STM32F4xx_HAL_Driver/inc\stm32f4xx_hal.h(30): warning: In file included from...../Drivers/CMSIS\stm32f4xx_hal_conf.h(344): warning: In file included from...../Drivers/STM32F4xx_HAL_Driver/inc\stm32f4xx_hal_tim.h(316): warning: padding struct 'TIM_HandleTypeDef' with 3 bytes to align 'hdma' [-Wpadded]
  316 |   DMA_HandleTypeDef           *hdma[7];      /*!< DMA Handlers array
      |                                ^
../Drivers/STM32F4xx_HAL_Driver/inc\stm32f4xx_hal_tim.h(310): warning: padding size of 'TIM_HandleTypeDef' with 2 bytes to alignment boundary [-Wpadded]
  310 | typedef struct
      |         ^
../Core/Src/encoder.c(51): warning: mixing declarations and code is incompatible with standards before C99 [-Wdeclaration-after-statement]
   51 |         float v = (float)d * MM_PER_COUNT * (1000.0f / (float)dt_ms);
      |               ^
../Core/Src/encoder.c(74): warning: mixing declarations and code is incompatible with standards before C99 [-Wdeclaration-after-statement]
   74 |     float mm = (float)s_odo_cnt[m] * MM_PER_COUNT;
      |           ^
../Core/Src/encoder.c(24): warning: unsafe buffer access [-Wunsafe-buffer-usage]
   24 |         __HAL_TIM_SET_COUNTER(s_tim[i], 0);
      |                               ^~~~~
../Drivers/STM32F4xx_HAL_Driver/inc\stm32f4xx_hal_tim.h(1216): note: expanded from macro '__HAL_TIM_SET_COUNTER'
 1216 | #define __HAL_TIM_SET_COUNTER(__HANDLE__, __COUNTER__)  ((__HANDLE__)->Instance->CNT = (__COUNTER__))
      |                                                           ^~~~~~~~~~
../Core/Src/encoder.c(25): warning: unsafe buffer access [-Wunsafe-buffer-usage]
   25 |         s_last_cnt[i] = 0;
      |         ^~~~~~~~~~
../Core/Src/encoder.c(26): warning: unsafe buffer access [-Wunsafe-buffer-usage]
   26 |         s_delta[i] = 0;
      |         ^~~~~~~
../Core/Src/encoder.c(27): warning: unsafe buffer access [-Wunsafe-buffer-usage]
   27 |         s_speed_mmps[i] = 0;
      |         ^~~~~~~~~~~~
../Core/Src/encoder.c(28): warning: unsafe buffer access [-Wunsafe-buffer-usage]
   28 |         s_odo_cnt[i] = 0;
      |         ^~~~~~~~~
../Core/Src/encoder.c(39): warning: unsafe buffer access [-Wunsafe-buffer-usage]
   39 |         uint16_t now = (uint16_t)__HAL_TIM_GET_COUNTER(s_tim[i]);
      |                                                        ^~~~~
../Drivers/STM32F4xx_HAL_Driver/inc\stm32f4xx_hal_tim.h(1224): note: expanded from macro '__HAL_TIM_GET_COUNTER'
 1224 |    ((__HANDLE__)->Instance->CNT)
      |      ^~~~~~~~~~
../Core/Src/encoder.c(45): warning: unsafe buffer access [-Wunsafe-buffer-usage]
   45 |         int16_t d = (int16_t)((uint16_t)(now - s_last_cnt[i]));
      |                                                ^~~~~~~~~~
../Core/Src/encoder.c(46): warning: unsafe buffer access [-Wunsafe-buffer-usage]
   46 |         s_last_cnt[i] = now;
      |         ^~~~~~~~~~
../Core/Src/encoder.c(47): warning: unsafe buffer access [-Wunsafe-buffer-usage]
   47 |         s_delta[i] = d;
      |         ^~~~~~~
../Core/Src/encoder.c(48): warning: unsafe buffer access [-Wunsafe-buffer-usage]
   48 |         s_odo_cnt[i] += (int32_t)d;
      |         ^~~~~~~~~
../Core/Src/encoder.c(54): warning: unsafe buffer access [-Wunsafe-buffer-usage]
   54 |         s_speed_mmps[i] = (int16_t)v;
      |         ^~~~~~~~~~~~
../Core/Src/encoder.c(60): warning: unsafe buffer access [-Wunsafe-buffer-usage]
   60 |     return (m < MOTOR_NUM) ? s_delta[m] : 0;
      |                              ^~~~~~~
../Core/Src/encoder.c(65): warning: unsafe buffer access [-Wunsafe-buffer-usage]
   65 |     return (m < MOTOR_NUM) ? s_speed_mmps[m] : 0;
      |                              ^~~~~~~~~~~~
../Core/Src/encoder.c(74): warning: unsafe buffer access [-Wunsafe-buffer-usage]
   74 |     float mm = (float)s_odo_cnt[m] * MM_PER_COUNT;
      |                       ^~~~~~~~~
../Core/Src/encoder.c(81): warning: unsafe buffer access [-Wunsafe-buffer-usage]
   81 |         s_odo_cnt[i] = 0;
      |         ^~~~~~~~~
../Core/Src/encoder.c(6): warning: In file included from...../Drivers/STM32F4xx_HAL_Driver/inc\stm32f4xx_hal.h(30): warning: In file included from...../Drivers/CMSIS\stm32f4xx_hal_conf.h(232): warning: In file included from...../Drivers/STM32F4xx_HAL_Driver/inc\stm32f4xx_hal_dma.h(149): warning: padding struct 'struct __DMA_HandleTypeDef' with 2 bytes to align 'Parent' [-Wpadded]
  149 |   void                       *Parent;                                                          /*!< Parent object state                    */ 
      |                               ^
25 warnings generated.
compiling encoder.c...
armclang: warning: no such include directory: 'Drivers/CMSIS/Device/ST/STM32F4xx/Include' [-Wmissing-include-dirs]
../Core/Src/main.c(12): warning: In file included from...../Core/Inc\main.h(4): warning: In file included from...../Drivers/STM32F4xx_HAL_Driver/inc\stm32f4xx_hal.h(30): warning: In file included from...../Drivers/CMSIS\stm32f4xx_hal_conf.h(220): warning: In file included from...../Drivers/STM32F4xx_HAL_Driver/inc\stm32f4xx_hal_rcc.h(29): warning: In file included from...../Drivers/STM32F4xx_HAL_Driver/inc\stm32f4xx_hal_def.h(30): warning: In file included from...../Drivers/CMSIS\stm32f4xx.h(11): warning: invalid UTF-8 in comment [-Winvalid-utf8]
   11 |   *              - To use or not the peripheral<92>s drivers in application code(i.e. 
      |                                                ^
../Drivers/CMSIS\stm32f4xx.h(12): warning: invalid UTF-8 in comment [-Winvalid-utf8]
   12 |   *                code will be based on direct access to peripheral<92>s registers 
      |                                                                     ^
../Core/Src/main.c(12): warning: In file included from...../Core/Inc\main.h(4): warning: In file included from...../Drivers/STM32F4xx_HAL_Driver/inc\stm32f4xx_hal.h(30): warning: In file included from...../Drivers/CMSIS\stm32f4xx_hal_conf.h(368): warning: In file included from...../Drivers/STM32F4xx_HAL_Driver/inc\stm32f4xx_hal_pcd.h(29): warning: In file included from...../Drivers/STM32F4xx_HAL_Driver/inc\stm32f4xx_ll_usb.h(186): warning: padding struct 'USB_OTG_HCTypeDef' with 1 byte to align 'xfer_buff' [-Wpadded]
  186 |   uint8_t   *xfer_buff;         /*!< Pointer to transfer buffer.                                                */
      |              ^
../Drivers/STM32F4xx_HAL_Driver/inc\stm32f4xx_ll_usb.h(198): warning: padding struct 'USB_OTG_HCTypeDef' with 2 bytes to align 'dma_addr' [-Wpadded]
  198 |   uint32_t  dma_addr;           /*!< 32 bits aligned transfer buffer address.                                   */
      |             ^
../Drivers/STM32F4xx_HAL_Driver/inc\stm32f4xx_ll_usb.h(156): warning: padding size of 'USB_OTG_HCTypeDef' with 2 bytes to alignment boundary [-Wpadded]
  156 | typedef struct
      |         ^
../Core/Src/main.c(12): warning: In file included from...../Core/Inc\main.h(4): warning: In file included from...../Drivers/STM32F4xx_HAL_Driver/inc\stm32f4xx_hal.h(30): warning: In file included from...../Drivers/CMSIS\stm32f4xx_hal_conf.h(348): warning: In file included from...../Drivers/STM32F4xx_HAL_Driver/inc\stm32f4xx_hal_uart.h(172): warning: padding struct 'struct __UART_HandleTypeDef' with 1 byte to align 'ErrorCode' [-Wpadded]
  172 |   __IO uint32_t                 ErrorCode;        /*!< UART Error code                    */
      |                                 ^
../Core/Src/main.c(12): warning: In file included from...../Core/Inc\main.h(4): warning: In file included from...../Drivers/STM32F4xx_HAL_Driver/inc\stm32f4xx_hal.h(30): warning: In file included from...../Drivers/CMSIS\stm32f4xx_hal_conf.h(344): warning: In file included from...../Drivers/STM32F4xx_HAL_Driver/inc\stm32f4xx_hal_tim.h(316): warning: padding struct 'TIM_HandleTypeDef' with 3 bytes to align 'hdma' [-Wpadded]
  316 |   DMA_HandleTypeDef           *hdma[7];      /*!< DMA Handlers array
      |                                ^
../Drivers/STM32F4xx_HAL_Driver/inc\stm32f4xx_hal_tim.h(310): warning: padding size of 'TIM_HandleTypeDef' with 2 bytes to alignment boundary [-Wpadded]
  310 | typedef struct
      |         ^
../Core/Src/main.c(12): warning: In file included from...../Core/Inc\main.h(4): warning: In file included from...../Drivers/STM32F4xx_HAL_Driver/inc\stm32f4xx_hal.h(30): warning: In file included from...../Drivers/CMSIS\stm32f4xx_hal_conf.h(232): warning: In file included from...../Drivers/STM32F4xx_HAL_Driver/inc\stm32f4xx_hal_dma.h(149): warning: padding struct 'struct __DMA_HandleTypeDef' with 2 bytes to align 'Parent' [-Wpadded]
  149 |   void                       *Parent;                                                          /*!< Parent object state                    */ 
      |                               ^
../Core/Src/main.c(81): warning: function 'vApplicationStackOverflowHook' could be declared with attribute 'noreturn' [-Wmissing-noreturn]
   81 | {
      | ^
../Core/Src/main.c(89): warning: function 'vApplicationMallocFailedHook' could be declared with attribute 'noreturn' [-Wmissing-noreturn]
   89 | {
      | ^
../Core/Src/main.c(95): warning: function 'Error_Handler' could be declared with attribute 'noreturn' [-Wmissing-noreturn]
   95 | {
      | ^
../Core/Src/main.c(18): warning: no previous extern declaration for non-static variable 'huart3' [-Wmissing-variable-declarations]
   18 | UART_HandleTypeDef huart3;
      |                    ^
../Core/Src/main.c(18): note: declare 'static' if the variable is not intended to be used outside of this translation unit
   18 | UART_HandleTypeDef huart3;
      | ^
../Core/Src/main.c(19): warning: no previous extern declaration for non-static variable 'hdma_usart3_tx' [-Wmissing-variable-declarations]
   19 | DMA_HandleTypeDef  hdma_usart3_tx;
      |                    ^
../Core/Src/main.c(19): note: declare 'static' if the variable is not intended to be used outside of this translation unit
   19 | DMA_HandleTypeDef  hdma_usart3_tx;
      | ^
../Core/Src/main.c(20): warning: no previous extern declaration for non-static variable 'htim2' [-Wmissing-variable-declarations]
   20 | TIM_HandleTypeDef  htim2;
      |                    ^
../Core/Src/main.c(20): note: declare 'static' if the variable is not intended to be used outside of this translation unit
   20 | TIM_HandleTypeDef  htim2;
      | ^
../Core/Src/main.c(21): warning: no previous extern declaration for non-static variable 'htim3' [-Wmissing-variable-declarations]
   21 | TIM_HandleTypeDef  htim3;
      |                    ^
../Core/Src/main.c(21): note: declare 'static' if the variable is not intended to be used outside of this translation unit
   21 | TIM_HandleTypeDef  htim3;
      | ^
../Core/Src/main.c(22): warning: no previous extern declaration for non-static variable 'htim7' [-Wmissing-variable-declarations]
   22 | TIM_HandleTypeDef  htim7;
      |                    ^
../Core/Src/main.c(22): note: declare 'static' if the variable is not intended to be used outside of this translation unit
   22 | TIM_HandleTypeDef  htim7;
      | ^
../Core/Src/main.c(23): warning: no previous extern declaration for non-static variable 'htim8' [-Wmissing-variable-declarations]
   23 | TIM_HandleTypeDef  htim8;
      |                    ^
../Core/Src/main.c(23): note: declare 'static' if the variable is not intended to be used outside of this translation unit
   23 | TIM_HandleTypeDef  htim8;
      | ^
../Core/Src/main.c(24): warning: no previous extern declaration for non-static variable 'hiwdg' [-Wmissing-variable-declarations]
   24 | IWDG_HandleTypeDef hiwdg;
      |                    ^
../Core/Src/main.c(24): note: declare 'static' if the variable is not intended to be used outside of this translation unit
   24 | IWDG_HandleTypeDef hiwdg;
      | ^
19 warnings generated.
compiling main.c...
armclang: warning: no such include directory: 'Drivers/CMSIS/Device/ST/STM32F4xx/Include' [-Wmissing-include-dirs]
../Drivers/CMSIS/system_stm32f4xx.c(64): warning: In file included from...../Drivers/CMSIS\stm32f4xx.h(11): warning: invalid UTF-8 in comment [-Winvalid-utf8]
   11 |   *              - To use or not the peripheral<92>s drivers in application code(i.e. 
      |                                                ^
../Drivers/CMSIS\stm32f4xx.h(12): warning: invalid UTF-8 in comment [-Winvalid-utf8]
   12 |   *                code will be based on direct access to peripheral<92>s registers 
      |                                                                     ^
../Drivers/CMSIS/system_stm32f4xx.c(64): warning: In file included from...../Drivers/CMSIS\stm32f4xx.h(250): warning: In file included from...../Drivers/STM32F4xx_HAL_Driver/inc\stm32f4xx_hal.h(30): warning: In file included from...../Drivers/CMSIS\stm32f4xx_hal_conf.h(220): warning: In file included from...../Drivers/STM32F4xx_HAL_Driver/inc\stm32f4xx_hal_rcc.h(29): warning: In file included from...../Drivers/STM32F4xx_HAL_Driver/inc\stm32f4xx_hal_def.h(30): warning: In file included from...../Drivers/CMSIS\stm32f4xx.h(11): warning: invalid UTF-8 in comment [-Winvalid-utf8]
   11 |   *              - To use or not the peripheral<92>s drivers in application code(i.e. 
      |                                                ^
../Drivers/CMSIS\stm32f4xx.h(12): warning: invalid UTF-8 in comment [-Winvalid-utf8]
   12 |   *                code will be based on direct access to peripheral<92>s registers 
      |                                                                     ^
../Drivers/CMSIS/system_stm32f4xx.c(64): warning: In file included from...../Drivers/CMSIS\stm32f4xx.h(250): warning: In file included from...../Drivers/STM32F4xx_HAL_Driver/inc\stm32f4xx_hal.h(30): warning: In file included from...../Drivers/CMSIS\stm32f4xx_hal_conf.h(368): warning: In file included from...../Drivers/STM32F4xx_HAL_Driver/inc\stm32f4xx_hal_pcd.h(29): warning: In file included from...../Drivers/STM32F4xx_HAL_Driver/inc\stm32f4xx_ll_usb.h(186): warning: padding struct 'USB_OTG_HCTypeDef' with 1 byte to align 'xfer_buff' [-Wpadded]
  186 |   uint8_t   *xfer_buff;         /*!< Pointer to transfer buffer.                                                */
      |              ^
../Drivers/STM32F4xx_HAL_Driver/inc\stm32f4xx_ll_usb.h(198): warning: padding struct 'USB_OTG_HCTypeDef' with 2 bytes to align 'dma_addr' [-Wpadded]
  198 |   uint32_t  dma_addr;           /*!< 32 bits aligned transfer buffer address.                                   */
      |             ^
../Drivers/STM32F4xx_HAL_Driver/inc\stm32f4xx_ll_usb.h(156): warning: padding size of 'USB_OTG_HCTypeDef' with 2 bytes to alignment boundary [-Wpadded]
  156 | typedef struct
      |         ^
../Drivers/CMSIS/system_stm32f4xx.c(260): warning: unsafe buffer access [-Wunsafe-buffer-usage]
  260 |   tmp = AHBPrescTable[((RCC->CFGR & RCC_CFGR_HPRE) >> 4)];
      |         ^~~~~~~~~~~~~
8 warnings generated.
compiling system_stm32f4xx.c...
armclang: warning: no such include directory: 'Drivers/CMSIS/Device/ST/STM32F4xx/Include' [-Wmissing-include-dirs]
../Core/Src/protocol.c(4): warning: In file included from...../Core/Inc\protocol.h(66): warning: padding struct 'proto_parser_t' with 3 bytes to align 'ok_cnt' [-Wpadded]
   66 |     uint32_t ok_cnt;
      |              ^
../Core/Src/protocol.c(117): warning: mixing declarations and code is incompatible with standards before C99 [-Wdeclaration-after-statement]
  117 |         uint16_t rx_crc = (uint16_t)(p->buf[p->idx] | ((uint16_t)byte << 8));
      |                  ^
../Core/Src/protocol.c(11): warning: unsafe buffer access [-Wunsafe-buffer-usage]
   11 |         crc ^= (uint16_t)buf[i];
      |                          ^~~
../Core/Src/protocol.c(26): warning: unsafe buffer access [-Wunsafe-buffer-usage]
   26 |     return (int16_t)((uint16_t)p[0] | ((uint16_t)p[1] << 8));
      |                                                  ^
../Core/Src/protocol.c(31): warning: unsafe buffer access [-Wunsafe-buffer-usage]
   31 |     return (int32_t)((uint32_t)p[0] | ((uint32_t)p[1] << 8) |
      |                                                  ^
../Core/Src/protocol.c(32): warning: unsafe buffer access [-Wunsafe-buffer-usage]
   32 |                      ((uint32_t)p[2] << 16) | ((uint32_t)p[3] << 24));
      |                                 ^
../Core/Src/protocol.c(32): warning: unsafe buffer access [-Wunsafe-buffer-usage]
   32 |                      ((uint32_t)p[2] << 16) | ((uint32_t)p[3] << 24));
      |                                                          ^
../Core/Src/protocol.c(38): warning: unsafe buffer access [-Wunsafe-buffer-usage]
   38 |     p[1] = (uint8_t)((v >> 8) & 0xFF);
      |     ^
../Core/Src/protocol.c(44): warning: unsafe buffer access [-Wunsafe-buffer-usage]
   44 |     p[1] = (uint8_t)((v >> 8) & 0xFF);
      |     ^
../Core/Src/protocol.c(45): warning: unsafe buffer access [-Wunsafe-buffer-usage]
   45 |     p[2] = (uint8_t)((v >> 16) & 0xFF);
      |     ^
../Core/Src/protocol.c(46): warning: unsafe buffer access [-Wunsafe-buffer-usage]
   46 |     p[3] = (uint8_t)((v >> 24) & 0xFF);
      |     ^
../Core/Src/protocol.c(104): warning: unsafe buffer access [-Wunsafe-buffer-usage]
  104 |         p->buf[p->idx++] = byte;
      |         ^~~~~~
../Core/Src/protocol.c(111): warning: unsafe buffer access [-Wunsafe-buffer-usage]
  111 |         p->buf[p->idx] = byte;              /* 暂存低字节 */
      |         ^~~~~~
../Core/Src/protocol.c(116): warning: unsafe buffer access [-Wunsafe-buffer-usage]
  116 |         p->buf[p->idx + 1u] = byte;
      |         ^~~~~~
../Core/Src/protocol.c(117): warning: unsafe buffer access [-Wunsafe-buffer-usage]
  117 |         uint16_t rx_crc = (uint16_t)(p->buf[p->idx] | ((uint16_t)byte << 8));
      |                                      ^~~~~~
../Core/Src/protocol.c(125): warning: unsafe buffer access [-Wunsafe-buffer-usage]
  125 |         out->seq = p->buf[1];
      |                    ^~~~~~
../Core/Src/protocol.c(126): warning: unsafe buffer access [-Wunsafe-buffer-usage]
  126 |         out->cmd = p->buf[2];
      |                    ^~~~~~
../Core/Src/protocol.c(129): warning: unsafe buffer access [-Wunsafe-buffer-usage]
  129 |             out->data[i] = p->buf[3u + i];
      |             ^~~~~~~~~
../Core/Src/protocol.c(129): warning: unsafe buffer access [-Wunsafe-buffer-usage]
  129 |             out->data[i] = p->buf[3u + i];
      |                            ^~~~~~
../Core/Src/protocol.c(158): warning: unsafe buffer access [-Wunsafe-buffer-usage]
  158 |     out[1] = PROTO_SOF1;
      |     ^~~
../Core/Src/protocol.c(159): warning: unsafe buffer access [-Wunsafe-buffer-usage]
  159 |     out[2] = (uint8_t)(len + 2u);       /* LEN = SEQ + CMD + DATA */
      |     ^~~
../Core/Src/protocol.c(160): warning: unsafe buffer access [-Wunsafe-buffer-usage]
  160 |     out[3] = seq;
      |     ^~~
../Core/Src/protocol.c(161): warning: unsafe buffer access [-Wunsafe-buffer-usage]
  161 |     out[4] = cmd;
      |     ^~~
../Core/Src/protocol.c(163): warning: unsafe buffer access [-Wunsafe-buffer-usage]
  163 |         out[5u + i] = data ? data[i] : 0u;
      |         ^~~
../Core/Src/protocol.c(163): warning: unsafe buffer access [-Wunsafe-buffer-usage]
  163 |         out[5u + i] = data ? data[i] : 0u;
      |                              ^~~~
../Core/Src/protocol.c(167): warning: unsafe buffer access [-Wunsafe-buffer-usage]
  167 |         uint16_t crc = proto_crc16(&out[2], (uint16_t)(len + 3u));
      |                                     ^~~
../Core/Src/protocol.c(168): warning: unsafe buffer access [-Wunsafe-buffer-usage]
  168 |         out[5u + len]      = (uint8_t)(crc & 0xFF);
      |         ^~~
../Core/Src/protocol.c(169): warning: unsafe buffer access [-Wunsafe-buffer-usage]
  169 |         out[5u + len + 1u] = (uint8_t)((crc >> 8) & 0xFF);
      |         ^~~
28 warnings generated.
compiling protocol.c...
armclang: warning: no such include directory: 'Drivers/CMSIS/Device/ST/STM32F4xx/Include' [-Wmissing-include-dirs]
../Drivers/STM32F4xx_HAL_Driver/src/stm32f4xx_hal.c(36): warning: In file included from...../Drivers/STM32F4xx_HAL_Driver/inc\stm32f4xx_hal.h(30): warning: In file included from...../Drivers/CMSIS\stm32f4xx_hal_conf.h(220): warning: In file included from...../Drivers/STM32F4xx_HAL_Driver/inc\stm32f4xx_hal_rcc.h(29): warning: In file included from...../Drivers/STM32F4xx_HAL_Driver/inc\stm32f4xx_hal_def.h(30): warning: In file included from...../Drivers/CMSIS\stm32f4xx.h(11): warning: invalid UTF-8 in comment [-Winvalid-utf8]
   11 |   *              - To use or not the peripheral<92>s drivers in application code(i.e. 
      |                                                ^
../Drivers/CMSIS\stm32f4xx.h(12): warning: invalid UTF-8 in comment [-Winvalid-utf8]
   12 |   *                code will be based on direct access to peripheral<92>s registers 
      |                                                                     ^
../Drivers/STM32F4xx_HAL_Driver/src/stm32f4xx_hal.c(36): warning: In file included from...../Drivers/STM32F4xx_HAL_Driver/inc\stm32f4xx_hal.h(30): warning: In file included from...../Drivers/CMSIS\stm32f4xx_hal_conf.h(368): warning: In file included from...../Drivers/STM32F4xx_HAL_Driver/inc\stm32f4xx_hal_pcd.h(29): warning: In file included from...../Drivers/STM32F4xx_HAL_Driver/inc\stm32f4xx_ll_usb.h(186): warning: padding struct 'USB_OTG_HCTypeDef' with 1 byte to align 'xfer_buff' [-Wpadded]
  186 |   uint8_t   *xfer_buff;         /*!< Pointer to transfer buffer.                                                */
      |              ^
../Drivers/STM32F4xx_HAL_Driver/inc\stm32f4xx_ll_usb.h(198): warning: padding struct 'USB_OTG_HCTypeDef' with 2 bytes to align 'dma_addr' [-Wpadded]
  198 |   uint32_t  dma_addr;           /*!< 32 bits aligned transfer buffer address.                                   */
      |             ^
../Drivers/STM32F4xx_HAL_Driver/inc\stm32f4xx_ll_usb.h(156): warning: padding size of 'USB_OTG_HCTypeDef' with 2 bytes to alignment boundary [-Wpadded]
  156 | typedef struct
      |         ^
../Drivers/STM32F4xx_HAL_Driver/src/stm32f4xx_hal.c(95): warning: no previous extern declaration for non-static variable 'uwTickPrio' [-Wmissing-variable-declarations]
   95 | uint32_t uwTickPrio   = (1UL << __NVIC_PRIO_BITS); /* Invalid PRIO */
      |          ^
../Drivers/STM32F4xx_HAL_Driver/src/stm32f4xx_hal.c(95): note: declare 'static' if the variable is not intended to be used outside of this translation unit
   95 | uint32_t uwTickPrio   = (1UL << __NVIC_PRIO_BITS); /* Invalid PRIO */
      | ^
../Drivers/STM32F4xx_HAL_Driver/src/stm32f4xx_hal.c(96): warning: no previous extern declaration for non-static variable 'uwTickFreq' [-Wmissing-variable-declarations]
   96 | HAL_TickFreqTypeDef uwTickFreq = HAL_TICK_FREQ_DEFAULT;  /* 1KHz */
      |                     ^
../Drivers/STM32F4xx_HAL_Driver/src/stm32f4xx_hal.c(96): note: declare 'static' if the variable is not intended to be used outside of this translation unit
   96 | HAL_TickFreqTypeDef uwTickFreq = HAL_TICK_FREQ_DEFAULT;  /* 1KHz */
      | ^
../Drivers/STM32F4xx_HAL_Driver/src/stm32f4xx_hal.c(94): warning: no previous extern declaration for non-static variable 'uwTick' [-Wmissing-variable-declarations]
   94 | __IO uint32_t uwTick;
      |               ^
../Drivers/STM32F4xx_HAL_Driver/src/stm32f4xx_hal.c(94): note: declare 'static' if the variable is not intended to be used outside of this translation unit
   94 | __IO uint32_t uwTick;
      |      ^
8 warnings generated.
compiling stm32f4xx_hal.c...
armclang: warning: no such include directory: 'Drivers/CMSIS/Device/ST/STM32F4xx/Include' [-Wmissing-include-dirs]
../Core/Src/stm32f4xx_hal_msp.c(4): warning: In file included from...../Core/Inc\main.h(4): warning: In file included from...../Drivers/STM32F4xx_HAL_Driver/inc\stm32f4xx_hal.h(30): warning: In file included from...../Drivers/CMSIS\stm32f4xx_hal_conf.h(220): warning: In file included from...../Drivers/STM32F4xx_HAL_Driver/inc\stm32f4xx_hal_rcc.h(29): warning: In file included from...../Drivers/STM32F4xx_HAL_Driver/inc\stm32f4xx_hal_def.h(30): warning: In file included from...../Drivers/CMSIS\stm32f4xx.h(11): warning: invalid UTF-8 in comment [-Winvalid-utf8]
   11 |   *              - To use or not the peripheral<92>s drivers in application code(i.e. 
      |                                                ^
../Drivers/CMSIS\stm32f4xx.h(12): warning: invalid UTF-8 in comment [-Winvalid-utf8]
   12 |   *                code will be based on direct access to peripheral<92>s registers 
      |                                                                     ^
../Core/Src/stm32f4xx_hal_msp.c(4): warning: In file included from...../Core/Inc\main.h(4): warning: In file included from...../Drivers/STM32F4xx_HAL_Driver/inc\stm32f4xx_hal.h(30): warning: In file included from...../Drivers/CMSIS\stm32f4xx_hal_conf.h(368): warning: In file included from...../Drivers/STM32F4xx_HAL_Driver/inc\stm32f4xx_hal_pcd.h(29): warning: In file included from...../Drivers/STM32F4xx_HAL_Driver/inc\stm32f4xx_ll_usb.h(186): warning: padding struct 'USB_OTG_HCTypeDef' with 1 byte to align 'xfer_buff' [-Wpadded]
  186 |   uint8_t   *xfer_buff;         /*!< Pointer to transfer buffer.                                                */
      |              ^
../Drivers/STM32F4xx_HAL_Driver/inc\stm32f4xx_ll_usb.h(198): warning: padding struct 'USB_OTG_HCTypeDef' with 2 bytes to align 'dma_addr' [-Wpadded]
  198 |   uint32_t  dma_addr;           /*!< 32 bits aligned transfer buffer address.                                   */
      |             ^
../Drivers/STM32F4xx_HAL_Driver/inc\stm32f4xx_ll_usb.h(156): warning: padding size of 'USB_OTG_HCTypeDef' with 2 bytes to alignment boundary [-Wpadded]
  156 | typedef struct
      |         ^
../Core/Src/stm32f4xx_hal_msp.c(4): warning: In file included from...../Core/Inc\main.h(4): warning: In file included from...../Drivers/STM32F4xx_HAL_Driver/inc\stm32f4xx_hal.h(30): warning: In file included from...../Drivers/CMSIS\stm32f4xx_hal_conf.h(232): warning: In file included from...../Drivers/STM32F4xx_HAL_Driver/inc\stm32f4xx_hal_dma.h(149): warning: padding struct 'struct __DMA_HandleTypeDef' with 2 bytes to align 'Parent' [-Wpadded]
  149 |   void                       *Parent;                                                          /*!< Parent object state                    */ 
      |                               ^
../Core/Src/stm32f4xx_hal_msp.c(4): warning: In file included from...../Core/Inc\main.h(4): warning: In file included from...../Drivers/STM32F4xx_HAL_Driver/inc\stm32f4xx_hal.h(30): warning: In file included from...../Drivers/CMSIS\stm32f4xx_hal_conf.h(348): warning: In file included from...../Drivers/STM32F4xx_HAL_Driver/inc\stm32f4xx_hal_uart.h(172): warning: padding struct 'struct __UART_HandleTypeDef' with 1 byte to align 'ErrorCode' [-Wpadded]
  172 |   __IO uint32_t                 ErrorCode;        /*!< UART Error code                    */
      |                                 ^
../Core/Src/stm32f4xx_hal_msp.c(4): warning: In file included from...../Core/Inc\main.h(4): warning: In file included from...../Drivers/STM32F4xx_HAL_Driver/inc\stm32f4xx_hal.h(30): warning: In file included from...../Drivers/CMSIS\stm32f4xx_hal_conf.h(344): warning: In file included from...../Drivers/STM32F4xx_HAL_Driver/inc\stm32f4xx_hal_tim.h(316): warning: padding struct 'TIM_HandleTypeDef' with 3 bytes to align 'hdma' [-Wpadded]
  316 |   DMA_HandleTypeDef           *hdma[7];      /*!< DMA Handlers array
      |                                ^
../Drivers/STM32F4xx_HAL_Driver/inc\stm32f4xx_hal_tim.h(310): warning: padding size of 'TIM_HandleTypeDef' with 2 bytes to alignment boundary [-Wpadded]
  310 | typedef struct
      |         ^
9 warnings generated.
compiling stm32f4xx_hal_msp.c...
armclang: warning: no such include directory: 'Drivers/CMSIS/Device/ST/STM32F4xx/Include' [-Wmissing-include-dirs]
../Core/Src/stm32f4xx_it.c(7): warning: In file included from...../Core/Inc\main.h(4): warning: In file included from...../Drivers/STM32F4xx_HAL_Driver/inc\stm32f4xx_hal.h(30): warning: In file included from...../Drivers/CMSIS\stm32f4xx_hal_conf.h(220): warning: In file included from...../Drivers/STM32F4xx_HAL_Driver/inc\stm32f4xx_hal_rcc.h(29): warning: In file included from...../Drivers/STM32F4xx_HAL_Driver/inc\stm32f4xx_hal_def.h(30): warning: In file included from...../Drivers/CMSIS\stm32f4xx.h(11): warning: invalid UTF-8 in comment [-Winvalid-utf8]
   11 |   *              - To use or not the peripheral<92>s drivers in application code(i.e. 
      |                                                ^
../Drivers/CMSIS\stm32f4xx.h(12): warning: invalid UTF-8 in comment [-Winvalid-utf8]
   12 |   *                code will be based on direct access to peripheral<92>s registers 
      |                                                                     ^
../Core/Src/stm32f4xx_it.c(7): warning: In file included from...../Core/Inc\main.h(4): warning: In file included from...../Drivers/STM32F4xx_HAL_Driver/inc\stm32f4xx_hal.h(30): warning: In file included from...../Drivers/CMSIS\stm32f4xx_hal_conf.h(368): warning: In file included from...../Drivers/STM32F4xx_HAL_Driver/inc\stm32f4xx_hal_pcd.h(29): warning: In file included from...../Drivers/STM32F4xx_HAL_Driver/inc\stm32f4xx_ll_usb.h(186): warning: padding struct 'USB_OTG_HCTypeDef' with 1 byte to align 'xfer_buff' [-Wpadded]
  186 |   uint8_t   *xfer_buff;         /*!< Pointer to transfer buffer.                                                */
      |              ^
../Drivers/STM32F4xx_HAL_Driver/inc\stm32f4xx_ll_usb.h(198): warning: padding struct 'USB_OTG_HCTypeDef' with 2 bytes to align 'dma_addr' [-Wpadded]
  198 |   uint32_t  dma_addr;           /*!< 32 bits aligned transfer buffer address.                                   */
      |             ^
../Drivers/STM32F4xx_HAL_Driver/inc\stm32f4xx_ll_usb.h(156): warning: padding size of 'USB_OTG_HCTypeDef' with 2 bytes to alignment boundary [-Wpadded]
  156 | typedef struct
      |         ^
../Core/Src/stm32f4xx_it.c(23): warning: function 'HardFault_Handler' could be declared with attribute 'noreturn' [-Wmissing-noreturn]
   23 | {
      | ^
../Core/Src/stm32f4xx_it.c(28): warning: function 'MemManage_Handler' could be declared with attribute 'noreturn' [-Wmissing-noreturn]
   28 | {
      | ^
../Core/Src/stm32f4xx_it.c(33): warning: function 'BusFault_Handler' could be declared with attribute 'noreturn' [-Wmissing-noreturn]
   33 | {
      | ^
../Core/Src/stm32f4xx_it.c(38): warning: function 'UsageFault_Handler' could be declared with attribute 'noreturn' [-Wmissing-noreturn]
   38 | {
      | ^
../Core/Src/stm32f4xx_it.c(58): error: call to undeclared function 'xPortSysTickHandler'; ISO C99 and later do not support implicit function declarations [-Wimplicit-function-declaration]
   58 |         xPortSysTickHandler();
      |         ^
../Core/Src/stm32f4xx_it.c(58): note: did you mean 'SysTick_Handler'?
../Core/Src/stm32f4xx_it.c(54): note: 'SysTick_Handler' declared here
   54 | void SysTick_Handler(void)
      |      ^
   55 | {
   56 |     HAL_IncTick();
   57 |     if (xTaskGetSchedulerState() != taskSCHEDULER_NOT_STARTED) {
   58 |         xPortSysTickHandler();
      |         ~~~~~~~~~~~~~~~~~~~
      |         SysTick_Handler
../Core/Src/stm32f4xx_it.c(7): warning: In file included from...../Core/Inc\main.h(4): warning: In file included from...../Drivers/STM32F4xx_HAL_Driver/inc\stm32f4xx_hal.h(30): warning: In file included from...../Drivers/CMSIS\stm32f4xx_hal_conf.h(348): warning: In file included from...../Drivers/STM32F4xx_HAL_Driver/inc\stm32f4xx_hal_uart.h(172): warning: padding struct 'struct __UART_HandleTypeDef' with 1 byte to align 'ErrorCode' [-Wpadded]
  172 |   __IO uint32_t                 ErrorCode;        /*!< UART Error code                    */
      |                                 ^
../Core/Src/stm32f4xx_it.c(7): warning: In file included from...../Core/Inc\main.h(4): warning: In file included from...../Drivers/STM32F4xx_HAL_Driver/inc\stm32f4xx_hal.h(30): warning: In file included from...../Drivers/CMSIS\stm32f4xx_hal_conf.h(344): warning: In file included from...../Drivers/STM32F4xx_HAL_Driver/inc\stm32f4xx_hal_tim.h(316): warning: padding struct 'TIM_HandleTypeDef' with 3 bytes to align 'hdma' [-Wpadded]
  316 |   DMA_HandleTypeDef           *hdma[7];      /*!< DMA Handlers array
      |                                ^
../Drivers/STM32F4xx_HAL_Driver/inc\stm32f4xx_hal_tim.h(310): warning: padding size of 'TIM_HandleTypeDef' with 2 bytes to alignment boundary [-Wpadded]
  310 | typedef struct
      |         ^
../Core/Src/stm32f4xx_it.c(7): warning: In file included from...../Core/Inc\main.h(4): warning: In file included from...../Drivers/STM32F4xx_HAL_Driver/inc\stm32f4xx_hal.h(30): warning: In file included from...../Drivers/CMSIS\stm32f4xx_hal_conf.h(232): warning: In file included from...../Drivers/STM32F4xx_HAL_Driver/inc\stm32f4xx_hal_dma.h(149): warning: padding struct 'struct __DMA_HandleTypeDef' with 2 bytes to align 'Parent' [-Wpadded]
  149 |   void                       *Parent;                                                          /*!< Parent object state                    */ 
      |                               ^
13 warnings and 1 error generated.
compiling stm32f4xx_it.c...
armclang: warning: no such include directory: 'Drivers/CMSIS/Device/ST/STM32F4xx/Include' [-Wmissing-include-dirs]
../Core/Src/motor.c(12): warning: In file included from...../Drivers/STM32F4xx_HAL_Driver/inc\stm32f4xx_hal.h(30): warning: In file included from...../Drivers/CMSIS\stm32f4xx_hal_conf.h(220): warning: In file included from...../Drivers/STM32F4xx_HAL_Driver/inc\stm32f4xx_hal_rcc.h(29): warning: In file included from...../Drivers/STM32F4xx_HAL_Driver/inc\stm32f4xx_hal_def.h(30): warning: In file included from...../Drivers/CMSIS\stm32f4xx.h(11): warning: invalid UTF-8 in comment [-Winvalid-utf8]
   11 |   *              - To use or not the peripheral<92>s drivers in application code(i.e. 
      |                                                ^
../Drivers/CMSIS\stm32f4xx.h(12): warning: invalid UTF-8 in comment [-Winvalid-utf8]
   12 |   *                code will be based on direct access to peripheral<92>s registers 
      |                                                                     ^
../Core/Src/motor.c(12): warning: In file included from...../Drivers/STM32F4xx_HAL_Driver/inc\stm32f4xx_hal.h(30): warning: In file included from...../Drivers/CMSIS\stm32f4xx_hal_conf.h(368): warning: In file included from...../Drivers/STM32F4xx_HAL_Driver/inc\stm32f4xx_hal_pcd.h(29): warning: In file included from...../Drivers/STM32F4xx_HAL_Driver/inc\stm32f4xx_ll_usb.h(186): warning: padding struct 'USB_OTG_HCTypeDef' with 1 byte to align 'xfer_buff' [-Wpadded]
  186 |   uint8_t   *xfer_buff;         /*!< Pointer to transfer buffer.                                                */
      |              ^
../Drivers/STM32F4xx_HAL_Driver/inc\stm32f4xx_ll_usb.h(198): warning: padding struct 'USB_OTG_HCTypeDef' with 2 bytes to align 'dma_addr' [-Wpadded]
  198 |   uint32_t  dma_addr;           /*!< 32 bits aligned transfer buffer address.                                   */
      |             ^
../Drivers/STM32F4xx_HAL_Driver/inc\stm32f4xx_ll_usb.h(156): warning: padding size of 'USB_OTG_HCTypeDef' with 2 bytes to alignment boundary [-Wpadded]
  156 | typedef struct
      |         ^
../Core/Src/motor.c(12): warning: In file included from...../Drivers/STM32F4xx_HAL_Driver/inc\stm32f4xx_hal.h(30): warning: In file included from...../Drivers/CMSIS\stm32f4xx_hal_conf.h(344): warning: In file included from...../Drivers/STM32F4xx_HAL_Driver/inc\stm32f4xx_hal_tim.h(316): warning: padding struct 'TIM_HandleTypeDef' with 3 bytes to align 'hdma' [-Wpadded]
  316 |   DMA_HandleTypeDef           *hdma[7];      /*!< DMA Handlers array
      |                                ^
../Drivers/STM32F4xx_HAL_Driver/inc\stm32f4xx_hal_tim.h(310): warning: padding size of 'TIM_HandleTypeDef' with 2 bytes to alignment boundary [-Wpadded]
  310 | typedef struct
      |         ^
../Core/Src/motor.c(69): warning: unsafe buffer access [-Wunsafe-buffer-usage]
   69 |     set_pwm(s_ch_rpwm[MOTOR_LEFT],  0u);
      |             ^~~~~~~~~
../Core/Src/motor.c(70): warning: unsafe buffer access [-Wunsafe-buffer-usage]
   70 |     set_pwm(s_ch_lpwm[MOTOR_LEFT],  0u);
      |             ^~~~~~~~~
../Core/Src/motor.c(71): warning: unsafe buffer access [-Wunsafe-buffer-usage]
   71 |     set_pwm(s_ch_rpwm[MOTOR_RIGHT], 0u);
      |             ^~~~~~~~~
../Core/Src/motor.c(72): warning: unsafe buffer access [-Wunsafe-buffer-usage]
   72 |     set_pwm(s_ch_lpwm[MOTOR_RIGHT], 0u);
      |             ^~~~~~~~~
../Core/Src/motor.c(86): warning: unsafe buffer access [-Wunsafe-buffer-usage]
   86 |         s_duty[i] = 0;
      |         ^~~~~~
../Core/Src/motor.c(114): warning: unsafe buffer access [-Wunsafe-buffer-usage]
  114 |         s_duty[m] = 0;
      |         ^~~~~~
../Core/Src/motor.c(131): warning: unsafe buffer access [-Wunsafe-buffer-usage]
  131 |         set_pwm(s_ch_rpwm[m], mag);
      |                 ^~~~~~~~~
../Core/Src/motor.c(132): warning: unsafe buffer access [-Wunsafe-buffer-usage]
  132 |         set_pwm(s_ch_lpwm[m], 0u);
      |                 ^~~~~~~~~
../Core/Src/motor.c(134): warning: unsafe buffer access [-Wunsafe-buffer-usage]
  134 |         set_pwm(s_ch_rpwm[m], 0u);
      |                 ^~~~~~~~~
../Core/Src/motor.c(135): warning: unsafe buffer access [-Wunsafe-buffer-usage]
  135 |         set_pwm(s_ch_lpwm[m], mag);
      |                 ^~~~~~~~~
../Core/Src/motor.c(137): warning: unsafe buffer access [-Wunsafe-buffer-usage]
  137 |         set_pwm(s_ch_rpwm[m], 0u);
      |                 ^~~~~~~~~
../Core/Src/motor.c(138): warning: unsafe buffer access [-Wunsafe-buffer-usage]
  138 |         set_pwm(s_ch_lpwm[m], 0u);
      |                 ^~~~~~~~~
../Core/Src/motor.c(140): warning: unsafe buffer access [-Wunsafe-buffer-usage]
  140 |     s_duty[m] = duty;
      |     ^~~~~~
../Core/Src/motor.c(148): warning: unsafe buffer access [-Wunsafe-buffer-usage]
  148 |     set_pwm(s_ch_rpwm[m], 1000u);
      |             ^~~~~~~~~
../Core/Src/motor.c(149): warning: unsafe buffer access [-Wunsafe-buffer-usage]
  149 |     set_pwm(s_ch_lpwm[m], 1000u);
      |             ^~~~~~~~~
../Core/Src/motor.c(150): warning: unsafe buffer access [-Wunsafe-buffer-usage]
  150 |     s_duty[m] = 0;
      |     ^~~~~~
../Core/Src/motor.c(158): warning: unsafe buffer access [-Wunsafe-buffer-usage]
  158 |     set_pwm(s_ch_rpwm[m], 0u);
      |             ^~~~~~~~~
../Core/Src/motor.c(159): warning: unsafe buffer access [-Wunsafe-buffer-usage]
  159 |     set_pwm(s_ch_lpwm[m], 0u);
      |             ^~~~~~~~~
../Core/Src/motor.c(160): warning: unsafe buffer access [-Wunsafe-buffer-usage]
  160 |     s_duty[m] = 0;
      |     ^~~~~~
../Core/Src/motor.c(179): warning: unsafe buffer access [-Wunsafe-buffer-usage]
  179 |     return (m < MOTOR_NUM) ? s_duty[m] : 0;
      |                              ^~~~~~
27 warnings generated.
compiling motor.c...
armclang: warning: no such include directory: 'Drivers/CMSIS/Device/ST/STM32F4xx/Include' [-Wmissing-include-dirs]
../Drivers/STM32F4xx_HAL_Driver/src/stm32f4xx_hal_rcc.c(69): warning: In file included from...../Drivers/STM32F4xx_HAL_Driver/inc\stm32f4xx_hal.h(30): warning: In file included from...../Drivers/CMSIS\stm32f4xx_hal_conf.h(220): warning: In file included from...../Drivers/STM32F4xx_HAL_Driver/inc\stm32f4xx_hal_rcc.h(29): warning: In file included from...../Drivers/STM32F4xx_HAL_Driver/inc\stm32f4xx_hal_def.h(30): warning: In file included from...../Drivers/CMSIS\stm32f4xx.h(11): warning: invalid UTF-8 in comment [-Winvalid-utf8]
   11 |   *              - To use or not the peripheral<92>s drivers in application code(i.e. 
      |                                                ^
../Drivers/CMSIS\stm32f4xx.h(12): warning: invalid UTF-8 in comment [-Winvalid-utf8]
   12 |   *                code will be based on direct access to peripheral<92>s registers 
      |                                                                     ^
../Drivers/STM32F4xx_HAL_Driver/src/stm32f4xx_hal_rcc.c(69): warning: In file included from...../Drivers/STM32F4xx_HAL_Driver/inc\stm32f4xx_hal.h(30): warning: In file included from...../Drivers/CMSIS\stm32f4xx_hal_conf.h(368): warning: In file included from...../Drivers/STM32F4xx_HAL_Driver/inc\stm32f4xx_hal_pcd.h(29): warning: In file included from...../Drivers/STM32F4xx_HAL_Driver/inc\stm32f4xx_ll_usb.h(186): warning: padding struct 'USB_OTG_HCTypeDef' with 1 byte to align 'xfer_buff' [-Wpadded]
  186 |   uint8_t   *xfer_buff;         /*!< Pointer to transfer buffer.                                                */
      |              ^
../Drivers/STM32F4xx_HAL_Driver/inc\stm32f4xx_ll_usb.h(198): warning: padding struct 'USB_OTG_HCTypeDef' with 2 bytes to align 'dma_addr' [-Wpadded]
  198 |   uint32_t  dma_addr;           /*!< 32 bits aligned transfer buffer address.                                   */
      |             ^
../Drivers/STM32F4xx_HAL_Driver/inc\stm32f4xx_ll_usb.h(156): warning: padding size of 'USB_OTG_HCTypeDef' with 2 bytes to alignment boundary [-Wpadded]
  156 | typedef struct
      |         ^
../Drivers/STM32F4xx_HAL_Driver/src/stm32f4xx_hal_rcc.c(693): warning: unsafe buffer access [-Wunsafe-buffer-usage]
  693 |   SystemCoreClock = HAL_RCC_GetSysClockFreq() >> AHBPrescTable[(RCC->CFGR & RCC_CFGR_HPRE)>> RCC_CFGR_HPRE_Pos];
      |                                                  ^~~~~~~~~~~~~
../Drivers/STM32F4xx_HAL_Driver/src/stm32f4xx_hal_rcc.c(929): warning: unsafe buffer access [-Wunsafe-buffer-usage]
  929 |   return (HAL_RCC_GetHCLKFreq() >> APBPrescTable[(RCC->CFGR & RCC_CFGR_PPRE1)>> RCC_CFGR_PPRE1_Pos]);
      |                                    ^~~~~~~~~~~~~
../Drivers/STM32F4xx_HAL_Driver/src/stm32f4xx_hal_rcc.c(941): warning: unsafe buffer access [-Wunsafe-buffer-usage]
  941 |   return (HAL_RCC_GetHCLKFreq()>> APBPrescTable[(RCC->CFGR & RCC_CFGR_PPRE2)>> RCC_CFGR_PPRE2_Pos]);
      |                                   ^~~~~~~~~~~~~
8 warnings generated.
compiling stm32f4xx_hal_rcc.c...
armclang: warning: no such include directory: 'Drivers/CMSIS/Device/ST/STM32F4xx/Include' [-Wmissing-include-dirs]
../Drivers/STM32F4xx_HAL_Driver/src/stm32f4xx_hal_rcc_ex.c(25): warning: In file included from...../Drivers/STM32F4xx_HAL_Driver/inc\stm32f4xx_hal.h(30): warning: In file included from...../Drivers/CMSIS\stm32f4xx_hal_conf.h(220): warning: In file included from...../Drivers/STM32F4xx_HAL_Driver/inc\stm32f4xx_hal_rcc.h(29): warning: In file included from...../Drivers/STM32F4xx_HAL_Driver/inc\stm32f4xx_hal_def.h(30): warning: In file included from...../Drivers/CMSIS\stm32f4xx.h(11): warning: invalid UTF-8 in comment [-Winvalid-utf8]
   11 |   *              - To use or not the peripheral<92>s drivers in application code(i.e. 
      |                                                ^
../Drivers/CMSIS\stm32f4xx.h(12): warning: invalid UTF-8 in comment [-Winvalid-utf8]
   12 |   *                code will be based on direct access to peripheral<92>s registers 
      |                                                                     ^
../Drivers/STM32F4xx_HAL_Driver/src/stm32f4xx_hal_rcc_ex.c(25): warning: In file included from...../Drivers/STM32F4xx_HAL_Driver/inc\stm32f4xx_hal.h(30): warning: In file included from...../Drivers/CMSIS\stm32f4xx_hal_conf.h(368): warning: In file included from...../Drivers/STM32F4xx_HAL_Driver/inc\stm32f4xx_hal_pcd.h(29): warning: In file included from...../Drivers/STM32F4xx_HAL_Driver/inc\stm32f4xx_ll_usb.h(186): warning: padding struct 'USB_OTG_HCTypeDef' with 1 byte to align 'xfer_buff' [-Wpadded]
  186 |   uint8_t   *xfer_buff;         /*!< Pointer to transfer buffer.                                                */
      |              ^
../Drivers/STM32F4xx_HAL_Driver/inc\stm32f4xx_ll_usb.h(198): warning: padding struct 'USB_OTG_HCTypeDef' with 2 bytes to align 'dma_addr' [-Wpadded]
  198 |   uint32_t  dma_addr;           /*!< 32 bits aligned transfer buffer address.                                   */
      |             ^
../Drivers/STM32F4xx_HAL_Driver/inc\stm32f4xx_ll_usb.h(156): warning: padding size of 'USB_OTG_HCTypeDef' with 2 bytes to alignment boundary [-Wpadded]
  156 | typedef struct
      |         ^
../Drivers/STM32F4xx_HAL_Driver/src/stm32f4xx_hal_rcc_ex.c(2678): warning: 'switch' missing 'default' label [-Wswitch-default]
 2678 |   switch (PeriphClk)
      |   ^
6 warnings generated.
compiling stm32f4xx_hal_rcc_ex.c...
armclang: warning: no such include directory: 'Drivers/CMSIS/Device/ST/STM32F4xx/Include' [-Wmissing-include-dirs]
../Drivers/STM32F4xx_HAL_Driver/src/stm32f4xx_hal_cortex.c(83): warning: In file included from...../Drivers/STM32F4xx_HAL_Driver/inc\stm32f4xx_hal.h(30): warning: In file included from...../Drivers/CMSIS\stm32f4xx_hal_conf.h(220): warning: In file included from...../Drivers/STM32F4xx_HAL_Driver/inc\stm32f4xx_hal_rcc.h(29): warning: In file included from...../Drivers/STM32F4xx_HAL_Driver/inc\stm32f4xx_hal_def.h(30): warning: In file included from...../Drivers/CMSIS\stm32f4xx.h(11): warning: invalid UTF-8 in comment [-Winvalid-utf8]
   11 |   *              - To use or not the peripheral<92>s drivers in application code(i.e. 
      |                                                ^
../Drivers/CMSIS\stm32f4xx.h(12): warning: invalid UTF-8 in comment [-Winvalid-utf8]
   12 |   *                code will be based on direct access to peripheral<92>s registers 
      |                                                                     ^
../Drivers/STM32F4xx_HAL_Driver/src/stm32f4xx_hal_cortex.c(83): warning: In file included from...../Drivers/STM32F4xx_HAL_Driver/inc\stm32f4xx_hal.h(30): warning: In file included from...../Drivers/CMSIS\stm32f4xx_hal_conf.h(368): warning: In file included from...../Drivers/STM32F4xx_HAL_Driver/inc\stm32f4xx_hal_pcd.h(29): warning: In file included from...../Drivers/STM32F4xx_HAL_Driver/inc\stm32f4xx_ll_usb.h(186): warning: padding struct 'USB_OTG_HCTypeDef' with 1 byte to align 'xfer_buff' [-Wpadded]
  186 |   uint8_t   *xfer_buff;         /*!< Pointer to transfer buffer.                                                */
      |              ^
../Drivers/STM32F4xx_HAL_Driver/inc\stm32f4xx_ll_usb.h(198): warning: padding struct 'USB_OTG_HCTypeDef' with 2 bytes to align 'dma_addr' [-Wpadded]
  198 |   uint32_t  dma_addr;           /*!< 32 bits aligned transfer buffer address.                                   */
      |             ^
../Drivers/STM32F4xx_HAL_Driver/inc\stm32f4xx_ll_usb.h(156): warning: padding size of 'USB_OTG_HCTypeDef' with 2 bytes to alignment boundary [-Wpadded]
  156 | typedef struct
      |         ^
../Drivers/STM32F4xx_HAL_Driver/src/stm32f4xx_hal_cortex.c(217): warning: function 'HAL_NVIC_SystemReset' could be declared with attribute 'noreturn' [-Wmissing-noreturn]
  217 | {
      | ^
../Drivers/STM32F4xx_HAL_Driver/src/stm32f4xx_hal_cortex.c(261): warning: empty expression statement has no effect; remove unnecessary ';' to silence this warning [-Wextra-semi-stmt]
  261 |   __DMB();
      |          ^
../Drivers/STM32F4xx_HAL_Driver/src/stm32f4xx_hal_cortex.c(290): warning: empty expression statement has no effect; remove unnecessary ';' to silence this warning [-Wextra-semi-stmt]
  290 |   __DSB();
      |          ^
../Drivers/STM32F4xx_HAL_Driver/src/stm32f4xx_hal_cortex.c(291): warning: empty expression statement has no effect; remove unnecessary ';' to silence this warning [-Wextra-semi-stmt]
  291 |   __ISB();
      |          ^
../Drivers/STM32F4xx_HAL_Driver/src/stm32f4xx_hal_cortex.c(83): warning: In file included from...../Drivers/STM32F4xx_HAL_Driver/inc\stm32f4xx_hal.h(30): warning: In file included from...../Drivers/CMSIS\stm32f4xx_hal_conf.h(236): warning: In file included from...../Drivers/STM32F4xx_HAL_Driver/inc\stm32f4xx_hal_cortex.h(54): warning: padding struct 'MPU_Region_InitTypeDef' with 2 bytes to align 'BaseAddress' [-Wpadded]
   54 |   uint32_t               BaseAddress;           /*!< Specifies the base address of the region to protect.                           */
      |                          ^
10 warnings generated.
compiling stm32f4xx_hal_cortex.c...
armclang: warning: no such include directory: 'Drivers/CMSIS/Device/ST/STM32F4xx/Include' [-Wmissing-include-dirs]
../Drivers/STM32F4xx_HAL_Driver/src/stm32f4xx_hal_gpio.c(108): warning: In file included from...../Drivers/STM32F4xx_HAL_Driver/inc\stm32f4xx_hal.h(30): warning: In file included from...../Drivers/CMSIS\stm32f4xx_hal_conf.h(220): warning: In file included from...../Drivers/STM32F4xx_HAL_Driver/inc\stm32f4xx_hal_rcc.h(29): warning: In file included from...../Drivers/STM32F4xx_HAL_Driver/inc\stm32f4xx_hal_def.h(30): warning: In file included from...../Drivers/CMSIS\stm32f4xx.h(11): warning: invalid UTF-8 in comment [-Winvalid-utf8]
   11 |   *              - To use or not the peripheral<92>s drivers in application code(i.e. 
      |                                                ^
../Drivers/CMSIS\stm32f4xx.h(12): warning: invalid UTF-8 in comment [-Winvalid-utf8]
   12 |   *                code will be based on direct access to peripheral<92>s registers 
      |                                                                     ^
../Drivers/STM32F4xx_HAL_Driver/src/stm32f4xx_hal_gpio.c(108): warning: In file included from...../Drivers/STM32F4xx_HAL_Driver/inc\stm32f4xx_hal.h(30): warning: In file included from...../Drivers/CMSIS\stm32f4xx_hal_conf.h(368): warning: In file included from...../Drivers/STM32F4xx_HAL_Driver/inc\stm32f4xx_hal_pcd.h(29): warning: In file included from...../Drivers/STM32F4xx_HAL_Driver/inc\stm32f4xx_ll_usb.h(186): warning: padding struct 'USB_OTG_HCTypeDef' with 1 byte to align 'xfer_buff' [-Wpadded]
  186 |   uint8_t   *xfer_buff;         /*!< Pointer to transfer buffer.                                                */
      |              ^
../Drivers/STM32F4xx_HAL_Driver/inc\stm32f4xx_ll_usb.h(198): warning: padding struct 'USB_OTG_HCTypeDef' with 2 bytes to align 'dma_addr' [-Wpadded]
  198 |   uint32_t  dma_addr;           /*!< 32 bits aligned transfer buffer address.                                   */
      |             ^
../Drivers/STM32F4xx_HAL_Driver/inc\stm32f4xx_ll_usb.h(156): warning: padding size of 'USB_OTG_HCTypeDef' with 2 bytes to alignment boundary [-Wpadded]
  156 | typedef struct
      |         ^
../Drivers/STM32F4xx_HAL_Driver/src/stm32f4xx_hal_gpio.c(201): warning: unsafe buffer access [-Wunsafe-buffer-usage]
  201 |         temp = GPIOx->AFR[position >> 3U];
      |                ^~~~~~~~~~
../Drivers/STM32F4xx_HAL_Driver/src/stm32f4xx_hal_gpio.c(204): warning: unsafe buffer access [-Wunsafe-buffer-usage]
  204 |         GPIOx->AFR[position >> 3U] = temp;
      |         ^~~~~~~~~~
../Drivers/STM32F4xx_HAL_Driver/src/stm32f4xx_hal_gpio.c(245): warning: unsafe buffer access [-Wunsafe-buffer-usage]
  245 |         temp = SYSCFG->EXTICR[position >> 2U];
      |                ^~~~~~~~~~~~~~
../Drivers/CMSIS\stm32f407xx.h(1114): note: expanded from macro 'SYSCFG'
 1114 | #define SYSCFG              ((SYSCFG_TypeDef *) SYSCFG_BASE)
      |                             ^
../Drivers/STM32F4xx_HAL_Driver/src/stm32f4xx_hal_gpio.c(248): warning: unsafe buffer access [-Wunsafe-buffer-usage]
  248 |         SYSCFG->EXTICR[position >> 2U] = temp;
      |         ^~~~~~~~~~~~~~
../Drivers/CMSIS\stm32f407xx.h(1114): note: expanded from macro 'SYSCFG'
 1114 | #define SYSCFG              ((SYSCFG_TypeDef *) SYSCFG_BASE)
      |                             ^
../Drivers/STM32F4xx_HAL_Driver/src/stm32f4xx_hal_gpio.c(317): warning: unsafe buffer access [-Wunsafe-buffer-usage]
  317 |       tmp = SYSCFG->EXTICR[position >> 2U];
      |             ^~~~~~~~~~~~~~
../Drivers/CMSIS\stm32f407xx.h(1114): note: expanded from macro 'SYSCFG'
 1114 | #define SYSCFG              ((SYSCFG_TypeDef *) SYSCFG_BASE)
      |                             ^
../Drivers/STM32F4xx_HAL_Driver/src/stm32f4xx_hal_gpio.c(323): warning: unsafe buffer access [-Wunsafe-buffer-usage]
  323 |         SYSCFG->EXTICR[position >> 2U] &= ~tmp;
      |         ^~~~~~~~~~~~~~
../Drivers/CMSIS\stm32f407xx.h(1114): note: expanded from macro 'SYSCFG'
 1114 | #define SYSCFG              ((SYSCFG_TypeDef *) SYSCFG_BASE)
      |                             ^
../Drivers/STM32F4xx_HAL_Driver/src/stm32f4xx_hal_gpio.c(339): warning: unsafe buffer access [-Wunsafe-buffer-usage]
  339 |       GPIOx->AFR[position >> 3U] &= ~(0xFU << ((uint32_t)(position & 0x07U) * 4U)) ;
      |       ^~~~~~~~~~
12 warnings generated.
compiling stm32f4xx_hal_gpio.c...
armclang: warning: no such include directory: 'Drivers/CMSIS/Device/ST/STM32F4xx/Include' [-Wmissing-include-dirs]
../Core/Src/app_tasks.c(16): warning: In file included from...../Drivers/STM32F4xx_HAL_Driver/inc\stm32f4xx_hal.h(30): warning: In file included from...../Drivers/CMSIS\stm32f4xx_hal_conf.h(220): warning: In file included from...../Drivers/STM32F4xx_HAL_Driver/inc\stm32f4xx_hal_rcc.h(29): warning: In file included from...../Drivers/STM32F4xx_HAL_Driver/inc\stm32f4xx_hal_def.h(30): warning: In file included from...../Drivers/CMSIS\stm32f4xx.h(11): warning: invalid UTF-8 in comment [-Winvalid-utf8]
   11 |   *              - To use or not the peripheral<92>s drivers in application code(i.e. 
      |                                                ^
../Drivers/CMSIS\stm32f4xx.h(12): warning: invalid UTF-8 in comment [-Winvalid-utf8]
   12 |   *                code will be based on direct access to peripheral<92>s registers 
      |                                                                     ^
../Core/Src/app_tasks.c(16): warning: In file included from...../Drivers/STM32F4xx_HAL_Driver/inc\stm32f4xx_hal.h(30): warning: In file included from...../Drivers/CMSIS\stm32f4xx_hal_conf.h(368): warning: In file included from...../Drivers/STM32F4xx_HAL_Driver/inc\stm32f4xx_hal_pcd.h(29): warning: In file included from...../Drivers/STM32F4xx_HAL_Driver/inc\stm32f4xx_ll_usb.h(186): warning: padding struct 'USB_OTG_HCTypeDef' with 1 byte to align 'xfer_buff' [-Wpadded]
  186 |   uint8_t   *xfer_buff;         /*!< Pointer to transfer buffer.                                                */
      |              ^
../Drivers/STM32F4xx_HAL_Driver/inc\stm32f4xx_ll_usb.h(198): warning: padding struct 'USB_OTG_HCTypeDef' with 2 bytes to align 'dma_addr' [-Wpadded]
  198 |   uint32_t  dma_addr;           /*!< 32 bits aligned transfer buffer address.                                   */
      |             ^
../Drivers/STM32F4xx_HAL_Driver/inc\stm32f4xx_ll_usb.h(156): warning: padding size of 'USB_OTG_HCTypeDef' with 2 bytes to alignment boundary [-Wpadded]
  156 | typedef struct
      |         ^
../Core/Src/app_tasks.c(13): warning: In file included from...../Core/Inc\protocol.h(66): warning: padding struct 'proto_parser_t' with 3 bytes to align 'ok_cnt' [-Wpadded]
   66 |     uint32_t ok_cnt;
      |              ^
../Core/Src/app_tasks.c(16): warning: In file included from...../Drivers/STM32F4xx_HAL_Driver/inc\stm32f4xx_hal.h(30): warning: In file included from...../Drivers/CMSIS\stm32f4xx_hal_conf.h(348): warning: In file included from...../Drivers/STM32F4xx_HAL_Driver/inc\stm32f4xx_hal_uart.h(172): warning: padding struct 'struct __UART_HandleTypeDef' with 1 byte to align 'ErrorCode' [-Wpadded]
  172 |   __IO uint32_t                 ErrorCode;        /*!< UART Error code                    */
      |                                 ^
../Core/Src/app_tasks.c(177): warning: mixing declarations and code is incompatible with standards before C99 [-Wdeclaration-after-statement]
  177 |         uint32_t age = s_tick_ms - s_last_rx_ms;
      |                  ^
../Core/Src/app_tasks.c(171): warning: function 'Task_Safety' could be declared with attribute 'noreturn' [-Wmissing-noreturn]
  171 | {
      | ^
../Core/Src/app_tasks.c(221): warning: function 'Task_Motor' could be declared with attribute 'noreturn' [-Wmissing-noreturn]
  221 | {
      | ^
../Core/Src/app_tasks.c(263): warning: mixing declarations and code is incompatible with standards before C99 [-Wdeclaration-after-statement]
  263 |     TickType_t last = xTaskGetTickCount();
      |                ^
../Core/Src/app_tasks.c(261): warning: function 'Task_Encoder' could be declared with attribute 'noreturn' [-Wmissing-noreturn]
  261 | {
      | ^
../Core/Src/app_tasks.c(273): warning: function 'Task_Comm' could be declared with attribute 'noreturn' [-Wmissing-noreturn]
  273 | {
      | ^
../Core/Src/app_tasks.c(339): warning: function 'Task_Monitor' could be declared with attribute 'noreturn' [-Wmissing-noreturn]
  339 | {
      | ^
../Core/Src/app_tasks.c(369): warning: empty expression statement has no effect; remove unnecessary ';' to silence this warning [-Wextra-semi-stmt]
  369 |     configASSERT(s_q_rx != NULL);
      |                                 ^
../Core/Src/app_tasks.c(107): warning: unsafe buffer access [-Wunsafe-buffer-usage]
  107 |     s_target[MOTOR_LEFT] = 0;
      |     ^~~~~~~~
../Core/Src/app_tasks.c(108): warning: unsafe buffer access [-Wunsafe-buffer-usage]
  108 |     s_target[MOTOR_RIGHT] = 0;
      |     ^~~~~~~~
../Core/Src/app_tasks.c(109): warning: unsafe buffer access [-Wunsafe-buffer-usage]
  109 |     s_cmd_duty[MOTOR_LEFT] = 0;
      |     ^~~~~~~~~~
../Core/Src/app_tasks.c(110): warning: unsafe buffer access [-Wunsafe-buffer-usage]
  110 |     s_cmd_duty[MOTOR_RIGHT] = 0;
      |     ^~~~~~~~~~
../Core/Src/app_tasks.c(116): warning: unsafe buffer access [-Wunsafe-buffer-usage]
  116 |     s_target[MOTOR_LEFT] = 0;
      |     ^~~~~~~~
../Core/Src/app_tasks.c(117): warning: unsafe buffer access [-Wunsafe-buffer-usage]
  117 |     s_target[MOTOR_RIGHT] = 0;
      |     ^~~~~~~~
../Core/Src/app_tasks.c(126): warning: unsafe buffer access [-Wunsafe-buffer-usage]
  126 |         float duty = (float)(s_cmd_duty[i] < 0 ? -s_cmd_duty[i] : s_cmd_duty[i]) / 1000.0f;
      |                              ^~~~~~~~~~
../Core/Src/app_tasks.c(126): warning: unsafe buffer access [-Wunsafe-buffer-usage]
  126 |         float duty = (float)(s_cmd_duty[i] < 0 ? -s_cmd_duty[i] : s_cmd_duty[i]) / 1000.0f;
      |                                                   ^~~~~~~~~~
../Core/Src/app_tasks.c(126): warning: unsafe buffer access [-Wunsafe-buffer-usage]
  126 |         float duty = (float)(s_cmd_duty[i] < 0 ? -s_cmd_duty[i] : s_cmd_duty[i]) / 1000.0f;
      |                                                                   ^~~~~~~~~~
../Core/Src/app_tasks.c(192): warning: unsafe buffer access [-Wunsafe-buffer-usage]
  192 |             s_target[MOTOR_LEFT]  = (int16_t)(s_target[MOTOR_LEFT] / 2);
      |             ^~~~~~~~
../Core/Src/app_tasks.c(192): warning: unsafe buffer access [-Wunsafe-buffer-usage]
  192 |             s_target[MOTOR_LEFT]  = (int16_t)(s_target[MOTOR_LEFT] / 2);
      |                                               ^~~~~~~~
../Core/Src/app_tasks.c(193): warning: unsafe buffer access [-Wunsafe-buffer-usage]
  193 |             s_target[MOTOR_RIGHT] = (int16_t)(s_target[MOTOR_RIGHT] / 2);
      |             ^~~~~~~~
../Core/Src/app_tasks.c(193): warning: unsafe buffer access [-Wunsafe-buffer-usage]
  193 |             s_target[MOTOR_RIGHT] = (int16_t)(s_target[MOTOR_RIGHT] / 2);
      |                                               ^~~~~~~~
../Core/Src/app_tasks.c(200): warning: unsafe buffer access [-Wunsafe-buffer-usage]
  200 |                 int16_t d = s_cmd_duty[i];
      |                             ^~~~~~~~~~
../Core/Src/app_tasks.c(232): warning: unsafe buffer access [-Wunsafe-buffer-usage]
  232 |             int16_t tgt = s_target[i];                       /* mm/s */
      |                           ^~~~~~~~
../Core/Src/app_tasks.c(239): warning: unsafe buffer access [-Wunsafe-buffer-usage]
  239 |             integ[i] += PID_KI * err;
      |             ^~~~~
../Core/Src/app_tasks.c(240): warning: unsafe buffer access [-Wunsafe-buffer-usage]
  240 |             if (integ[i] > 400.0f)  { integ[i] = 400.0f; }
      |                 ^~~~~
../Core/Src/app_tasks.c(240): warning: unsafe buffer access [-Wunsafe-buffer-usage]
  240 |             if (integ[i] > 400.0f)  { integ[i] = 400.0f; }
      |                                       ^~~~~
../Core/Src/app_tasks.c(241): warning: unsafe buffer access [-Wunsafe-buffer-usage]
  241 |             if (integ[i] < -400.0f) { integ[i] = -400.0f; }
      |                 ^~~~~
../Core/Src/app_tasks.c(241): warning: unsafe buffer access [-Wunsafe-buffer-usage]
  241 |             if (integ[i] < -400.0f) { integ[i] = -400.0f; }
      |                                       ^~~~~
../Core/Src/app_tasks.c(242): warning: unsafe buffer access [-Wunsafe-buffer-usage]
  242 |             duty = PID_KP * err + integ[i];
      |                                   ^~~~~
../Core/Src/app_tasks.c(247): warning: unsafe buffer access [-Wunsafe-buffer-usage]
  247 |             s_cmd_duty[i] = (int16_t)duty;
      |             ^~~~~~~~~~
../Core/Src/app_tasks.c(251): warning: unsafe buffer access [-Wunsafe-buffer-usage]
  251 |             Motor_SetDuty(MOTOR_LEFT,  s_cmd_duty[MOTOR_LEFT]);
      |                                        ^~~~~~~~~~
../Core/Src/app_tasks.c(252): warning: unsafe buffer access [-Wunsafe-buffer-usage]
  252 |             Motor_SetDuty(MOTOR_RIGHT, s_cmd_duty[MOTOR_RIGHT]);
      |                                        ^~~~~~~~~~
../Core/Src/app_tasks.c(282): warning: unsafe buffer access [-Wunsafe-buffer-usage]
  282 |                     s_target[MOTOR_LEFT]  = proto_get_i16(&f.data[0]);
      |                     ^~~~~~~~
../Core/Src/app_tasks.c(283): warning: unsafe buffer access [-Wunsafe-buffer-usage]
  283 |                     s_target[MOTOR_RIGHT] = proto_get_i16(&f.data[2]);
      |                     ^~~~~~~~
../Core/Src/app_tasks.c(283): warning: unsafe buffer access [-Wunsafe-buffer-usage]
  283 |                     s_target[MOTOR_RIGHT] = proto_get_i16(&f.data[2]);
      |                                                            ^~~~~~
../Core/Src/app_tasks.c(361): warning: unsafe buffer access [-Wunsafe-buffer-usage]
  361 |         s_target[i]   = 0;
      |         ^~~~~~~~
../Core/Src/app_tasks.c(362): warning: unsafe buffer access [-Wunsafe-buffer-usage]
  362 |         s_cmd_duty[i] = 0;
      |         ^~~~~~~~~~
44 warnings generated.
compiling app_tasks.c...
armclang: warning: no such include directory: 'Drivers/CMSIS/Device/ST/STM32F4xx/Include' [-Wmissing-include-dirs]
../Drivers/STM32F4xx_HAL_Driver/src/stm32f4xx_hal_dma.c(98): warning: In file included from...../Drivers/STM32F4xx_HAL_Driver/inc\stm32f4xx_hal.h(30): warning: In file included from...../Drivers/CMSIS\stm32f4xx_hal_conf.h(220): warning: In file included from...../Drivers/STM32F4xx_HAL_Driver/inc\stm32f4xx_hal_rcc.h(29): warning: In file included from...../Drivers/STM32F4xx_HAL_Driver/inc\stm32f4xx_hal_def.h(30): warning: In file included from...../Drivers/CMSIS\stm32f4xx.h(11): warning: invalid UTF-8 in comment [-Winvalid-utf8]
   11 |   *              - To use or not the peripheral<92>s drivers in application code(i.e. 
      |                                                ^
../Drivers/CMSIS\stm32f4xx.h(12): warning: invalid UTF-8 in comment [-Winvalid-utf8]
   12 |   *                code will be based on direct access to peripheral<92>s registers 
      |                                                                     ^
../Drivers/STM32F4xx_HAL_Driver/src/stm32f4xx_hal_dma.c(98): warning: In file included from...../Drivers/STM32F4xx_HAL_Driver/inc\stm32f4xx_hal.h(30): warning: In file included from...../Drivers/CMSIS\stm32f4xx_hal_conf.h(368): warning: In file included from...../Drivers/STM32F4xx_HAL_Driver/inc\stm32f4xx_hal_pcd.h(29): warning: In file included from...../Drivers/STM32F4xx_HAL_Driver/inc\stm32f4xx_ll_usb.h(186): warning: padding struct 'USB_OTG_HCTypeDef' with 1 byte to align 'xfer_buff' [-Wpadded]
  186 |   uint8_t   *xfer_buff;         /*!< Pointer to transfer buffer.                                                */
      |              ^
../Drivers/STM32F4xx_HAL_Driver/inc\stm32f4xx_ll_usb.h(198): warning: padding struct 'USB_OTG_HCTypeDef' with 2 bytes to align 'dma_addr' [-Wpadded]
  198 |   uint32_t  dma_addr;           /*!< 32 bits aligned transfer buffer address.                                   */
      |             ^
../Drivers/STM32F4xx_HAL_Driver/inc\stm32f4xx_ll_usb.h(156): warning: padding size of 'USB_OTG_HCTypeDef' with 2 bytes to alignment boundary [-Wpadded]
  156 | typedef struct
      |         ^
../Drivers/STM32F4xx_HAL_Driver/src/stm32f4xx_hal_dma.c(98): warning: In file included from...../Drivers/STM32F4xx_HAL_Driver/inc\stm32f4xx_hal.h(30): warning: In file included from...../Drivers/CMSIS\stm32f4xx_hal_conf.h(232): warning: In file included from...../Drivers/STM32F4xx_HAL_Driver/inc\stm32f4xx_hal_dma.h(149): warning: padding struct 'struct __DMA_HandleTypeDef' with 2 bytes to align 'Parent' [-Wpadded]
  149 |   void                       *Parent;                                                          /*!< Parent object state                    */ 
      |                               ^
../Drivers/STM32F4xx_HAL_Driver/src/stm32f4xx_hal_dma.c(290): warning: cast from function call of type 'uint32_t' (aka 'unsigned int') to non-matching type 'DMA_Base_Registers *' [-Wbad-function-cast]
  290 |   regs = (DMA_Base_Registers *)DMA_CalcBaseAndBitshift(hdma);
      |                                ^~~~~~~~~~~~~~~~~~~~~~~~~~~~~
../Drivers/STM32F4xx_HAL_Driver/src/stm32f4xx_hal_dma.c(352): warning: cast from function call of type 'uint32_t' (aka 'unsigned int') to non-matching type 'DMA_Base_Registers *' [-Wbad-function-cast]
  352 |   regs = (DMA_Base_Registers *)DMA_CalcBaseAndBitshift(hdma);
      |                                ^~~~~~~~~~~~~~~~~~~~~~~~~~~~~
../Drivers/STM32F4xx_HAL_Driver/src/stm32f4xx_hal_dma.c(979): warning: enumeration value 'HAL_DMA_XFER_ALL_CB_ID' not explicitly handled in switch [-Wswitch-enum]
  979 |     switch (CallbackID)
      |             ^~~~~~~~~~
../Drivers/STM32F4xx_HAL_Driver/src/stm32f4xx_hal_dma.c(1073): warning: default label in switch which covers all enumeration values [-Wcovered-switch-default]
 1073 |     default:
      |     ^
../Drivers/STM32F4xx_HAL_Driver/src/stm32f4xx_hal_dma.c(1191): warning: unsafe buffer access [-Wunsafe-buffer-usage]
 1191 |   hdma->StreamIndex = flagBitshiftOffset[stream_number];
      |                       ^~~~~~~~~~~~~~~~~~
11 warnings generated.
compiling stm32f4xx_hal_dma.c...
armclang: warning: no such include directory: 'Drivers/CMSIS/Device/ST/STM32F4xx/Include' [-Wmissing-include-dirs]
../Drivers/STM32F4xx_HAL_Driver/src/stm32f4xx_hal_dma_ex.c(40): warning: In file included from...../Drivers/STM32F4xx_HAL_Driver/inc\stm32f4xx_hal.h(30): warning: In file included from...../Drivers/CMSIS\stm32f4xx_hal_conf.h(220): warning: In file included from...../Drivers/STM32F4xx_HAL_Driver/inc\stm32f4xx_hal_rcc.h(29): warning: In file included from...../Drivers/STM32F4xx_HAL_Driver/inc\stm32f4xx_hal_def.h(30): warning: In file included from...../Drivers/CMSIS\stm32f4xx.h(11): warning: invalid UTF-8 in comment [-Winvalid-utf8]
   11 |   *              - To use or not the peripheral<92>s drivers in application code(i.e. 
      |                                                ^
../Drivers/CMSIS\stm32f4xx.h(12): warning: invalid UTF-8 in comment [-Winvalid-utf8]
   12 |   *                code will be based on direct access to peripheral<92>s registers 
      |                                                                     ^
../Drivers/STM32F4xx_HAL_Driver/src/stm32f4xx_hal_dma_ex.c(40): warning: In file included from...../Drivers/STM32F4xx_HAL_Driver/inc\stm32f4xx_hal.h(30): warning: In file included from...../Drivers/CMSIS\stm32f4xx_hal_conf.h(368): warning: In file included from...../Drivers/STM32F4xx_HAL_Driver/inc\stm32f4xx_hal_pcd.h(29): warning: In file included from...../Drivers/STM32F4xx_HAL_Driver/inc\stm32f4xx_ll_usb.h(186): warning: padding struct 'USB_OTG_HCTypeDef' with 1 byte to align 'xfer_buff' [-Wpadded]
  186 |   uint8_t   *xfer_buff;         /*!< Pointer to transfer buffer.                                                */
      |              ^
../Drivers/STM32F4xx_HAL_Driver/inc\stm32f4xx_ll_usb.h(198): warning: padding struct 'USB_OTG_HCTypeDef' with 2 bytes to align 'dma_addr' [-Wpadded]
  198 |   uint32_t  dma_addr;           /*!< 32 bits aligned transfer buffer address.                                   */
      |             ^
../Drivers/STM32F4xx_HAL_Driver/inc\stm32f4xx_ll_usb.h(156): warning: padding size of 'USB_OTG_HCTypeDef' with 2 bytes to alignment boundary [-Wpadded]
  156 | typedef struct
      |         ^
../Drivers/STM32F4xx_HAL_Driver/src/stm32f4xx_hal_dma_ex.c(40): warning: In file included from...../Drivers/STM32F4xx_HAL_Driver/inc\stm32f4xx_hal.h(30): warning: In file included from...../Drivers/CMSIS\stm32f4xx_hal_conf.h(232): warning: In file included from...../Drivers/STM32F4xx_HAL_Driver/inc\stm32f4xx_hal_dma.h(149): warning: padding struct 'struct __DMA_HandleTypeDef' with 2 bytes to align 'Parent' [-Wpadded]
  149 |   void                       *Parent;                                                          /*!< Parent object state                    */ 
      |                               ^
6 warnings generated.
compiling stm32f4xx_hal_dma_ex.c...
armclang: warning: no such include directory: 'Drivers/CMSIS/Device/ST/STM32F4xx/Include' [-Wmissing-include-dirs]
../Drivers/STM32F4xx_HAL_Driver/src/stm32f4xx_hal_tim_ex.c(78): warning: In file included from...../Drivers/STM32F4xx_HAL_Driver/inc\stm32f4xx_hal.h(30): warning: In file included from...../Drivers/CMSIS\stm32f4xx_hal_conf.h(220): warning: In file included from...../Drivers/STM32F4xx_HAL_Driver/inc\stm32f4xx_hal_rcc.h(29): warning: In file included from...../Drivers/STM32F4xx_HAL_Driver/inc\stm32f4xx_hal_def.h(30): warning: In file included from...../Drivers/CMSIS\stm32f4xx.h(11): warning: invalid UTF-8 in comment [-Winvalid-utf8]
   11 |   *              - To use or not the peripheral<92>s drivers in application code(i.e. 
      |                                                ^
../Drivers/CMSIS\stm32f4xx.h(12): warning: invalid UTF-8 in comment [-Winvalid-utf8]
   12 |   *                code will be based on direct access to peripheral<92>s registers 
      |                                                                     ^
../Drivers/STM32F4xx_HAL_Driver/src/stm32f4xx_hal_tim_ex.c(78): warning: In file included from...../Drivers/STM32F4xx_HAL_Driver/inc\stm32f4xx_hal.h(30): warning: In file included from...../Drivers/CMSIS\stm32f4xx_hal_conf.h(368): warning: In file included from...../Drivers/STM32F4xx_HAL_Driver/inc\stm32f4xx_hal_pcd.h(29): warning: In file included from...../Drivers/STM32F4xx_HAL_Driver/inc\stm32f4xx_ll_usb.h(186): warning: padding struct 'USB_OTG_HCTypeDef' with 1 byte to align 'xfer_buff' [-Wpadded]
  186 |   uint8_t   *xfer_buff;         /*!< Pointer to transfer buffer.                                                */
      |              ^
../Drivers/STM32F4xx_HAL_Driver/inc\stm32f4xx_ll_usb.h(198): warning: padding struct 'USB_OTG_HCTypeDef' with 2 bytes to align 'dma_addr' [-Wpadded]
  198 |   uint32_t  dma_addr;           /*!< 32 bits aligned transfer buffer address.                                   */
      |             ^
../Drivers/STM32F4xx_HAL_Driver/inc\stm32f4xx_ll_usb.h(156): warning: padding size of 'USB_OTG_HCTypeDef' with 2 bytes to alignment boundary [-Wpadded]
  156 | typedef struct
      |         ^
../Drivers/STM32F4xx_HAL_Driver/src/stm32f4xx_hal_tim_ex.c(78): warning: In file included from...../Drivers/STM32F4xx_HAL_Driver/inc\stm32f4xx_hal.h(30): warning: In file included from...../Drivers/CMSIS\stm32f4xx_hal_conf.h(344): warning: In file included from...../Drivers/STM32F4xx_HAL_Driver/inc\stm32f4xx_hal_tim.h(316): warning: padding struct 'TIM_HandleTypeDef' with 3 bytes to align 'hdma' [-Wpadded]
  316 |   DMA_HandleTypeDef           *hdma[7];      /*!< DMA Handlers array
      |                                ^
../Drivers/STM32F4xx_HAL_Driver/inc\stm32f4xx_hal_tim.h(310): warning: padding size of 'TIM_HandleTypeDef' with 2 bytes to alignment boundary [-Wpadded]
  310 | typedef struct
      |         ^
../Drivers/STM32F4xx_HAL_Driver/src/stm32f4xx_hal_tim_ex.c(78): warning: In file included from...../Drivers/STM32F4xx_HAL_Driver/inc\stm32f4xx_hal.h(30): warning: In file included from...../Drivers/CMSIS\stm32f4xx_hal_conf.h(232): warning: In file included from...../Drivers/STM32F4xx_HAL_Driver/inc\stm32f4xx_hal_dma.h(149): warning: padding struct 'struct __DMA_HandleTypeDef' with 2 bytes to align 'Parent' [-Wpadded]
  149 |   void                       *Parent;                                                          /*!< Parent object state                    */ 
      |                               ^
../Drivers/STM32F4xx_HAL_Driver/src/stm32f4xx_hal_tim_ex.c(423): warning: unsafe buffer access [-Wunsafe-buffer-usage]
  423 |   htim->hdma[TIM_DMA_ID_CC1]->XferCpltCallback = TIM_DMACaptureCplt;
      |   ^~~~~~~~~~
../Drivers/STM32F4xx_HAL_Driver/src/stm32f4xx_hal_tim_ex.c(424): warning: unsafe buffer access [-Wunsafe-buffer-usage]
  424 |   htim->hdma[TIM_DMA_ID_CC1]->XferHalfCpltCallback = TIM_DMACaptureHalfCplt;
      |   ^~~~~~~~~~
../Drivers/STM32F4xx_HAL_Driver/src/stm32f4xx_hal_tim_ex.c(426): warning: unsafe buffer access [-Wunsafe-buffer-usage]
  426 |   htim->hdma[TIM_DMA_ID_CC1]->XferErrorCallback = TIM_DMAError ;
      |   ^~~~~~~~~~
../Drivers/STM32F4xx_HAL_Driver/src/stm32f4xx_hal_tim_ex.c(429): warning: unsafe buffer access [-Wunsafe-buffer-usage]
  429 |   if (HAL_DMA_Start_IT(htim->hdma[TIM_DMA_ID_CC1], (uint32_t)&htim->Instance->CCR1, (uint32_t)pData, Length) != HAL_OK)
      |                        ^~~~~~~~~~
../Drivers/STM32F4xx_HAL_Driver/src/stm32f4xx_hal_tim_ex.c(465): warning: unsafe buffer access [-Wunsafe-buffer-usage]
  465 |   (void)HAL_DMA_Abort_IT(htim->hdma[TIM_DMA_ID_CC1]);
      |                          ^~~~~~~~~~
../Drivers/STM32F4xx_HAL_Driver/src/stm32f4xx_hal_tim_ex.c(736): warning: unsafe buffer access [-Wunsafe-buffer-usage]
  736 |       htim->hdma[TIM_DMA_ID_CC1]->XferCpltCallback = TIM_DMADelayPulseCplt;
      |       ^~~~~~~~~~
../Drivers/STM32F4xx_HAL_Driver/src/stm32f4xx_hal_tim_ex.c(737): warning: unsafe buffer access [-Wunsafe-buffer-usage]
  737 |       htim->hdma[TIM_DMA_ID_CC1]->XferHalfCpltCallback = TIM_DMADelayPulseHalfCplt;
      |       ^~~~~~~~~~
../Drivers/STM32F4xx_HAL_Driver/src/stm32f4xx_hal_tim_ex.c(740): warning: unsafe buffer access [-Wunsafe-buffer-usage]
  740 |       htim->hdma[TIM_DMA_ID_CC1]->XferErrorCallback = TIM_DMAError ;
      |       ^~~~~~~~~~
../Drivers/STM32F4xx_HAL_Driver/src/stm32f4xx_hal_tim_ex.c(743): warning: unsafe buffer access [-Wunsafe-buffer-usage]
  743 |       if (HAL_DMA_Start_IT(htim->hdma[TIM_DMA_ID_CC1], (uint32_t)pData, (uint32_t)&htim->Instance->CCR1, Length) != HAL_OK)
      |                            ^~~~~~~~~~
../Drivers/STM32F4xx_HAL_Driver/src/stm32f4xx_hal_tim_ex.c(755): warning: unsafe buffer access [-Wunsafe-buffer-usage]
  755 |       htim->hdma[TIM_DMA_ID_CC2]->XferCpltCallback = TIM_DMADelayPulseCplt;
      |       ^~~~~~~~~~
../Drivers/STM32F4xx_HAL_Driver/src/stm32f4xx_hal_tim_ex.c(756): warning: unsafe buffer access [-Wunsafe-buffer-usage]
  756 |       htim->hdma[TIM_DMA_ID_CC2]->XferHalfCpltCallback = TIM_DMADelayPulseHalfCplt;
      |       ^~~~~~~~~~
../Drivers/STM32F4xx_HAL_Driver/src/stm32f4xx_hal_tim_ex.c(759): warning: unsafe buffer access [-Wunsafe-buffer-usage]
  759 |       htim->hdma[TIM_DMA_ID_CC2]->XferErrorCallback = TIM_DMAError ;
      |       ^~~~~~~~~~
../Drivers/STM32F4xx_HAL_Driver/src/stm32f4xx_hal_tim_ex.c(762): warning: unsafe buffer access [-Wunsafe-buffer-usage]
  762 |       if (HAL_DMA_Start_IT(htim->hdma[TIM_DMA_ID_CC2], (uint32_t)pData, (uint32_t)&htim->Instance->CCR2, Length) != HAL_OK)
      |                            ^~~~~~~~~~
../Drivers/STM32F4xx_HAL_Driver/src/stm32f4xx_hal_tim_ex.c(774): warning: unsafe buffer access [-Wunsafe-buffer-usage]
  774 |       htim->hdma[TIM_DMA_ID_CC3]->XferCpltCallback = TIM_DMADelayPulseCplt;
      |       ^~~~~~~~~~
../Drivers/STM32F4xx_HAL_Driver/src/stm32f4xx_hal_tim_ex.c(775): warning: unsafe buffer access [-Wunsafe-buffer-usage]
  775 |       htim->hdma[TIM_DMA_ID_CC3]->XferHalfCpltCallback = TIM_DMADelayPulseHalfCplt;
      |       ^~~~~~~~~~
../Drivers/STM32F4xx_HAL_Driver/src/stm32f4xx_hal_tim_ex.c(778): warning: unsafe buffer access [-Wunsafe-buffer-usage]
  778 |       htim->hdma[TIM_DMA_ID_CC3]->XferErrorCallback = TIM_DMAError ;
      |       ^~~~~~~~~~
../Drivers/STM32F4xx_HAL_Driver/src/stm32f4xx_hal_tim_ex.c(781): warning: unsafe buffer access [-Wunsafe-buffer-usage]
  781 |       if (HAL_DMA_Start_IT(htim->hdma[TIM_DMA_ID_CC3], (uint32_t)pData, (uint32_t)&htim->Instance->CCR3, Length) != HAL_OK)
      |                            ^~~~~~~~~~
../Drivers/STM32F4xx_HAL_Driver/src/stm32f4xx_hal_tim_ex.c(833): warning: unsafe buffer access [-Wunsafe-buffer-usage]
  833 |       (void)HAL_DMA_Abort_IT(htim->hdma[TIM_DMA_ID_CC1]);
      |                              ^~~~~~~~~~
../Drivers/STM32F4xx_HAL_Driver/src/stm32f4xx_hal_tim_ex.c(841): warning: unsafe buffer access [-Wunsafe-buffer-usage]
  841 |       (void)HAL_DMA_Abort_IT(htim->hdma[TIM_DMA_ID_CC2]);
      |                              ^~~~~~~~~~
../Drivers/STM32F4xx_HAL_Driver/src/stm32f4xx_hal_tim_ex.c(849): warning: unsafe buffer access [-Wunsafe-buffer-usage]
  849 |       (void)HAL_DMA_Abort_IT(htim->hdma[TIM_DMA_ID_CC3]);
      |                              ^~~~~~~~~~
../Drivers/STM32F4xx_HAL_Driver/src/stm32f4xx_hal_tim_ex.c(1143): warning: unsafe buffer access [-Wunsafe-buffer-usage]
 1143 |       htim->hdma[TIM_DMA_ID_CC1]->XferCpltCallback = TIM_DMADelayPulseCplt;
      |       ^~~~~~~~~~
../Drivers/STM32F4xx_HAL_Driver/src/stm32f4xx_hal_tim_ex.c(1144): warning: unsafe buffer access [-Wunsafe-buffer-usage]
 1144 |       htim->hdma[TIM_DMA_ID_CC1]->XferHalfCpltCallback = TIM_DMADelayPulseHalfCplt;
      |       ^~~~~~~~~~
../Drivers/STM32F4xx_HAL_Driver/src/stm32f4xx_hal_tim_ex.c(1147): warning: unsafe buffer access [-Wunsafe-buffer-usage]
 1147 |       htim->hdma[TIM_DMA_ID_CC1]->XferErrorCallback = TIM_DMAError ;
      |       ^~~~~~~~~~
../Drivers/STM32F4xx_HAL_Driver/src/stm32f4xx_hal_tim_ex.c(1150): warning: unsafe buffer access [-Wunsafe-buffer-usage]
 1150 |       if (HAL_DMA_Start_IT(htim->hdma[TIM_DMA_ID_CC1], (uint32_t)pData, (uint32_t)&htim->Instance->CCR1, Length) != HAL_OK)
      |                            ^~~~~~~~~~
../Drivers/STM32F4xx_HAL_Driver/src/stm32f4xx_hal_tim_ex.c(1162): warning: unsafe buffer access [-Wunsafe-buffer-usage]
 1162 |       htim->hdma[TIM_DMA_ID_CC2]->XferCpltCallback = TIM_DMADelayPulseCplt;
      |       ^~~~~~~~~~
../Drivers/STM32F4xx_HAL_Driver/src/stm32f4xx_hal_tim_ex.c(1163): warning: unsafe buffer access [-Wunsafe-buffer-usage]
 1163 |       htim->hdma[TIM_DMA_ID_CC2]->XferHalfCpltCallback = TIM_DMADelayPulseHalfCplt;
      |       ^~~~~~~~~~
../Drivers/STM32F4xx_HAL_Driver/src/stm32f4xx_hal_tim_ex.c(1166): warning: unsafe buffer access [-Wunsafe-buffer-usage]
 1166 |       htim->hdma[TIM_DMA_ID_CC2]->XferErrorCallback = TIM_DMAError ;
      |       ^~~~~~~~~~
../Drivers/STM32F4xx_HAL_Driver/src/stm32f4xx_hal_tim_ex.c(1169): warning: unsafe buffer access [-Wunsafe-buffer-usage]
 1169 |       if (HAL_DMA_Start_IT(htim->hdma[TIM_DMA_ID_CC2], (uint32_t)pData, (uint32_t)&htim->Instance->CCR2, Length) != HAL_OK)
      |                            ^~~~~~~~~~
../Drivers/STM32F4xx_HAL_Driver/src/stm32f4xx_hal_tim_ex.c(1181): warning: unsafe buffer access [-Wunsafe-buffer-usage]
 1181 |       htim->hdma[TIM_DMA_ID_CC3]->XferCpltCallback = TIM_DMADelayPulseCplt;
      |       ^~~~~~~~~~
../Drivers/STM32F4xx_HAL_Driver/src/stm32f4xx_hal_tim_ex.c(1182): warning: unsafe buffer access [-Wunsafe-buffer-usage]
 1182 |       htim->hdma[TIM_DMA_ID_CC3]->XferHalfCpltCallback = TIM_DMADelayPulseHalfCplt;
      |       ^~~~~~~~~~
../Drivers/STM32F4xx_HAL_Driver/src/stm32f4xx_hal_tim_ex.c(1185): warning: unsafe buffer access [-Wunsafe-buffer-usage]
 1185 |       htim->hdma[TIM_DMA_ID_CC3]->XferErrorCallback = TIM_DMAError ;
      |       ^~~~~~~~~~
../Drivers/STM32F4xx_HAL_Driver/src/stm32f4xx_hal_tim_ex.c(1188): warning: unsafe buffer access [-Wunsafe-buffer-usage]
 1188 |       if (HAL_DMA_Start_IT(htim->hdma[TIM_DMA_ID_CC3], (uint32_t)pData, (uint32_t)&htim->Instance->CCR3, Length) != HAL_OK)
      |                            ^~~~~~~~~~
../Drivers/STM32F4xx_HAL_Driver/src/stm32f4xx_hal_tim_ex.c(1240): warning: unsafe buffer access [-Wunsafe-buffer-usage]
 1240 |       (void)HAL_DMA_Abort_IT(htim->hdma[TIM_DMA_ID_CC1]);
      |                              ^~~~~~~~~~
../Drivers/STM32F4xx_HAL_Driver/src/stm32f4xx_hal_tim_ex.c(1248): warning: unsafe buffer access [-Wunsafe-buffer-usage]
 1248 |       (void)HAL_DMA_Abort_IT(htim->hdma[TIM_DMA_ID_CC2]);
      |                              ^~~~~~~~~~
../Drivers/STM32F4xx_HAL_Driver/src/stm32f4xx_hal_tim_ex.c(1256): warning: unsafe buffer access [-Wunsafe-buffer-usage]
 1256 |       (void)HAL_DMA_Abort_IT(htim->hdma[TIM_DMA_ID_CC3]);
      |                              ^~~~~~~~~~
../Drivers/STM32F4xx_HAL_Driver/src/stm32f4xx_hal_tim_ex.c(1602): warning: unsafe buffer access [-Wunsafe-buffer-usage]
 1602 |   htim->hdma[TIM_DMA_ID_COMMUTATION]->XferCpltCallback = TIMEx_DMACommutationCplt;
      |   ^~~~~~~~~~
../Drivers/STM32F4xx_HAL_Driver/src/stm32f4xx_hal_tim_ex.c(1603): warning: unsafe buffer access [-Wunsafe-buffer-usage]
 1603 |   htim->hdma[TIM_DMA_ID_COMMUTATION]->XferHalfCpltCallback = TIMEx_DMACommutationHalfCplt;
      |   ^~~~~~~~~~
../Drivers/STM32F4xx_HAL_Driver/src/stm32f4xx_hal_tim_ex.c(1605): warning: unsafe buffer access [-Wunsafe-buffer-usage]
 1605 |   htim->hdma[TIM_DMA_ID_COMMUTATION]->XferErrorCallback = TIM_DMAError;
      |   ^~~~~~~~~~
46 warnings generated.
compiling stm32f4xx_hal_tim_ex.c...
armclang: warning: no such include directory: 'Drivers/CMSIS/Device/ST/STM32F4xx/Include' [-Wmissing-include-dirs]
../Drivers/STM32F4xx_HAL_Driver/src/stm32f4xx_hal_iwdg.c(88): warning: In file included from...../Drivers/STM32F4xx_HAL_Driver/inc\stm32f4xx_hal.h(30): warning: In file included from...../Drivers/CMSIS\stm32f4xx_hal_conf.h(220): warning: In file included from...../Drivers/STM32F4xx_HAL_Driver/inc\stm32f4xx_hal_rcc.h(29): warning: In file included from...../Drivers/STM32F4xx_HAL_Driver/inc\stm32f4xx_hal_def.h(30): warning: In file included from...../Drivers/CMSIS\stm32f4xx.h(11): warning: invalid UTF-8 in comment [-Winvalid-utf8]
   11 |   *              - To use or not the peripheral<92>s drivers in application code(i.e. 
      |                                                ^
../Drivers/CMSIS\stm32f4xx.h(12): warning: invalid UTF-8 in comment [-Winvalid-utf8]
   12 |   *                code will be based on direct access to peripheral<92>s registers 
      |                                                                     ^
../Drivers/STM32F4xx_HAL_Driver/src/stm32f4xx_hal_iwdg.c(88): warning: In file included from...../Drivers/STM32F4xx_HAL_Driver/inc\stm32f4xx_hal.h(30): warning: In file included from...../Drivers/CMSIS\stm32f4xx_hal_conf.h(368): warning: In file included from...../Drivers/STM32F4xx_HAL_Driver/inc\stm32f4xx_hal_pcd.h(29): warning: In file included from...../Drivers/STM32F4xx_HAL_Driver/inc\stm32f4xx_ll_usb.h(186): warning: padding struct 'USB_OTG_HCTypeDef' with 1 byte to align 'xfer_buff' [-Wpadded]
  186 |   uint8_t   *xfer_buff;         /*!< Pointer to transfer buffer.                                                */
      |              ^
../Drivers/STM32F4xx_HAL_Driver/inc\stm32f4xx_ll_usb.h(198): warning: padding struct 'USB_OTG_HCTypeDef' with 2 bytes to align 'dma_addr' [-Wpadded]
  198 |   uint32_t  dma_addr;           /*!< 32 bits aligned transfer buffer address.                                   */
      |             ^
../Drivers/STM32F4xx_HAL_Driver/inc\stm32f4xx_ll_usb.h(156): warning: padding size of 'USB_OTG_HCTypeDef' with 2 bytes to alignment boundary [-Wpadded]
  156 | typedef struct
      |         ^
5 warnings generated.
compiling stm32f4xx_hal_iwdg.c...
armclang: warning: no such include directory: 'Drivers/CMSIS/Device/ST/STM32F4xx/Include' [-Wmissing-include-dirs]
../Drivers/STM32F4xx_HAL_Driver/src/stm32f4xx_hal_tim.c(178): warning: In file included from...../Drivers/STM32F4xx_HAL_Driver/inc\stm32f4xx_hal.h(30): warning: In file included from...../Drivers/CMSIS\stm32f4xx_hal_conf.h(220): warning: In file included from...../Drivers/STM32F4xx_HAL_Driver/inc\stm32f4xx_hal_rcc.h(29): warning: In file included from...../Drivers/STM32F4xx_HAL_Driver/inc\stm32f4xx_hal_def.h(30): warning: In file included from...../Drivers/CMSIS\stm32f4xx.h(11): warning: invalid UTF-8 in comment [-Winvalid-utf8]
   11 |   *              - To use or not the peripheral<92>s drivers in application code(i.e. 
      |                                                ^
../Drivers/CMSIS\stm32f4xx.h(12): warning: invalid UTF-8 in comment [-Winvalid-utf8]
   12 |   *                code will be based on direct access to peripheral<92>s registers 
      |                                                                     ^
../Drivers/STM32F4xx_HAL_Driver/src/stm32f4xx_hal_tim.c(178): warning: In file included from...../Drivers/STM32F4xx_HAL_Driver/inc\stm32f4xx_hal.h(30): warning: In file included from...../Drivers/CMSIS\stm32f4xx_hal_conf.h(368): warning: In file included from...../Drivers/STM32F4xx_HAL_Driver/inc\stm32f4xx_hal_pcd.h(29): warning: In file included from...../Drivers/STM32F4xx_HAL_Driver/inc\stm32f4xx_ll_usb.h(186): warning: padding struct 'USB_OTG_HCTypeDef' with 1 byte to align 'xfer_buff' [-Wpadded]
  186 |   uint8_t   *xfer_buff;         /*!< Pointer to transfer buffer.                                                */
      |              ^
../Drivers/STM32F4xx_HAL_Driver/inc\stm32f4xx_ll_usb.h(198): warning: padding struct 'USB_OTG_HCTypeDef' with 2 bytes to align 'dma_addr' [-Wpadded]
  198 |   uint32_t  dma_addr;           /*!< 32 bits aligned transfer buffer address.                                   */
      |             ^
../Drivers/STM32F4xx_HAL_Driver/inc\stm32f4xx_ll_usb.h(156): warning: padding size of 'USB_OTG_HCTypeDef' with 2 bytes to alignment boundary [-Wpadded]
  156 | typedef struct
      |         ^
../Drivers/STM32F4xx_HAL_Driver/src/stm32f4xx_hal_tim.c(178): warning: In file included from...../Drivers/STM32F4xx_HAL_Driver/inc\stm32f4xx_hal.h(30): warning: In file included from...../Drivers/CMSIS\stm32f4xx_hal_conf.h(344): warning: In file included from...../Drivers/STM32F4xx_HAL_Driver/inc\stm32f4xx_hal_tim.h(316): warning: padding struct 'TIM_HandleTypeDef' with 3 bytes to align 'hdma' [-Wpadded]
  316 |   DMA_HandleTypeDef           *hdma[7];      /*!< DMA Handlers array
      |                                ^
../Drivers/STM32F4xx_HAL_Driver/inc\stm32f4xx_hal_tim.h(310): warning: padding size of 'TIM_HandleTypeDef' with 2 bytes to alignment boundary [-Wpadded]
  310 | typedef struct
      |         ^
../Drivers/STM32F4xx_HAL_Driver/src/stm32f4xx_hal_tim.c(178): warning: In file included from...../Drivers/STM32F4xx_HAL_Driver/inc\stm32f4xx_hal.h(30): warning: In file included from...../Drivers/CMSIS\stm32f4xx_hal_conf.h(232): warning: In file included from...../Drivers/STM32F4xx_HAL_Driver/inc\stm32f4xx_hal_dma.h(149): warning: padding struct 'struct __DMA_HandleTypeDef' with 2 bytes to align 'Parent' [-Wpadded]
  149 |   void                       *Parent;                                                          /*!< Parent object state                    */ 
      |                               ^
../Drivers/STM32F4xx_HAL_Driver/src/stm32f4xx_hal_tim.c(503): warning: unsafe buffer access [-Wunsafe-buffer-usage]
  503 |   htim->hdma[TIM_DMA_ID_UPDATE]->XferCpltCallback = TIM_DMAPeriodElapsedCplt;
      |   ^~~~~~~~~~
../Drivers/STM32F4xx_HAL_Driver/src/stm32f4xx_hal_tim.c(504): warning: unsafe buffer access [-Wunsafe-buffer-usage]
  504 |   htim->hdma[TIM_DMA_ID_UPDATE]->XferHalfCpltCallback = TIM_DMAPeriodElapsedHalfCplt;
      |   ^~~~~~~~~~
../Drivers/STM32F4xx_HAL_Driver/src/stm32f4xx_hal_tim.c(507): warning: unsafe buffer access [-Wunsafe-buffer-usage]
  507 |   htim->hdma[TIM_DMA_ID_UPDATE]->XferErrorCallback = TIM_DMAError ;
      |   ^~~~~~~~~~
../Drivers/STM32F4xx_HAL_Driver/src/stm32f4xx_hal_tim.c(510): warning: unsafe buffer access [-Wunsafe-buffer-usage]
  510 |   if (HAL_DMA_Start_IT(htim->hdma[TIM_DMA_ID_UPDATE], (uint32_t)pData, (uint32_t)&htim->Instance->ARR, Length) != HAL_OK)
      |                        ^~~~~~~~~~
../Drivers/STM32F4xx_HAL_Driver/src/stm32f4xx_hal_tim.c(542): warning: unsafe buffer access [-Wunsafe-buffer-usage]
  542 |   (void)HAL_DMA_Abort_IT(htim->hdma[TIM_DMA_ID_UPDATE]);
      |                          ^~~~~~~~~~
../Drivers/STM32F4xx_HAL_Driver/src/stm32f4xx_hal_tim.c(955): warning: unsafe buffer access [-Wunsafe-buffer-usage]
  955 |       htim->hdma[TIM_DMA_ID_CC1]->XferCpltCallback = TIM_DMADelayPulseCplt;
      |       ^~~~~~~~~~
../Drivers/STM32F4xx_HAL_Driver/src/stm32f4xx_hal_tim.c(956): warning: unsafe buffer access [-Wunsafe-buffer-usage]
  956 |       htim->hdma[TIM_DMA_ID_CC1]->XferHalfCpltCallback = TIM_DMADelayPulseHalfCplt;
      |       ^~~~~~~~~~
../Drivers/STM32F4xx_HAL_Driver/src/stm32f4xx_hal_tim.c(959): warning: unsafe buffer access [-Wunsafe-buffer-usage]
  959 |       htim->hdma[TIM_DMA_ID_CC1]->XferErrorCallback = TIM_DMAError ;
      |       ^~~~~~~~~~
../Drivers/STM32F4xx_HAL_Driver/src/stm32f4xx_hal_tim.c(962): warning: unsafe buffer access [-Wunsafe-buffer-usage]
  962 |       if (HAL_DMA_Start_IT(htim->hdma[TIM_DMA_ID_CC1], (uint32_t)pData, (uint32_t)&htim->Instance->CCR1, Length) != HAL_OK)
      |                            ^~~~~~~~~~
../Drivers/STM32F4xx_HAL_Driver/src/stm32f4xx_hal_tim.c(975): warning: unsafe buffer access [-Wunsafe-buffer-usage]
  975 |       htim->hdma[TIM_DMA_ID_CC2]->XferCpltCallback = TIM_DMADelayPulseCplt;
      |       ^~~~~~~~~~
../Drivers/STM32F4xx_HAL_Driver/src/stm32f4xx_hal_tim.c(976): warning: unsafe buffer access [-Wunsafe-buffer-usage]
  976 |       htim->hdma[TIM_DMA_ID_CC2]->XferHalfCpltCallback = TIM_DMADelayPulseHalfCplt;
      |       ^~~~~~~~~~
../Drivers/STM32F4xx_HAL_Driver/src/stm32f4xx_hal_tim.c(979): warning: unsafe buffer access [-Wunsafe-buffer-usage]
  979 |       htim->hdma[TIM_DMA_ID_CC2]->XferErrorCallback = TIM_DMAError ;
      |       ^~~~~~~~~~
../Drivers/STM32F4xx_HAL_Driver/src/stm32f4xx_hal_tim.c(982): warning: unsafe buffer access [-Wunsafe-buffer-usage]
  982 |       if (HAL_DMA_Start_IT(htim->hdma[TIM_DMA_ID_CC2], (uint32_t)pData, (uint32_t)&htim->Instance->CCR2, Length) != HAL_OK)
      |                            ^~~~~~~~~~
../Drivers/STM32F4xx_HAL_Driver/src/stm32f4xx_hal_tim.c(995): warning: unsafe buffer access [-Wunsafe-buffer-usage]
  995 |       htim->hdma[TIM_DMA_ID_CC3]->XferCpltCallback = TIM_DMADelayPulseCplt;
      |       ^~~~~~~~~~
../Drivers/STM32F4xx_HAL_Driver/src/stm32f4xx_hal_tim.c(996): warning: unsafe buffer access [-Wunsafe-buffer-usage]
  996 |       htim->hdma[TIM_DMA_ID_CC3]->XferHalfCpltCallback = TIM_DMADelayPulseHalfCplt;
      |       ^~~~~~~~~~
../Drivers/STM32F4xx_HAL_Driver/src/stm32f4xx_hal_tim.c(999): warning: unsafe buffer access [-Wunsafe-buffer-usage]
  999 |       htim->hdma[TIM_DMA_ID_CC3]->XferErrorCallback = TIM_DMAError ;
      |       ^~~~~~~~~~
../Drivers/STM32F4xx_HAL_Driver/src/stm32f4xx_hal_tim.c(1002): warning: unsafe buffer access [-Wunsafe-buffer-usage]
 1002 |       if (HAL_DMA_Start_IT(htim->hdma[TIM_DMA_ID_CC3], (uint32_t)pData, (uint32_t)&htim->Instance->CCR3, Length) != HAL_OK)
      |                            ^~~~~~~~~~
../Drivers/STM32F4xx_HAL_Driver/src/stm32f4xx_hal_tim.c(1014): warning: unsafe buffer access [-Wunsafe-buffer-usage]
 1014 |       htim->hdma[TIM_DMA_ID_CC4]->XferCpltCallback = TIM_DMADelayPulseCplt;
      |       ^~~~~~~~~~
../Drivers/STM32F4xx_HAL_Driver/src/stm32f4xx_hal_tim.c(1015): warning: unsafe buffer access [-Wunsafe-buffer-usage]
 1015 |       htim->hdma[TIM_DMA_ID_CC4]->XferHalfCpltCallback = TIM_DMADelayPulseHalfCplt;
      |       ^~~~~~~~~~
../Drivers/STM32F4xx_HAL_Driver/src/stm32f4xx_hal_tim.c(1018): warning: unsafe buffer access [-Wunsafe-buffer-usage]
 1018 |       htim->hdma[TIM_DMA_ID_CC4]->XferErrorCallback = TIM_DMAError ;
      |       ^~~~~~~~~~
../Drivers/STM32F4xx_HAL_Driver/src/stm32f4xx_hal_tim.c(1021): warning: unsafe buffer access [-Wunsafe-buffer-usage]
 1021 |       if (HAL_DMA_Start_IT(htim->hdma[TIM_DMA_ID_CC4], (uint32_t)pData, (uint32_t)&htim->Instance->CCR4, Length) != HAL_OK)
      |                            ^~~~~~~~~~
../Drivers/STM32F4xx_HAL_Driver/src/stm32f4xx_hal_tim.c(1076): warning: unsafe buffer access [-Wunsafe-buffer-usage]
 1076 |       (void)HAL_DMA_Abort_IT(htim->hdma[TIM_DMA_ID_CC1]);
      |                              ^~~~~~~~~~
../Drivers/STM32F4xx_HAL_Driver/src/stm32f4xx_hal_tim.c(1084): warning: unsafe buffer access [-Wunsafe-buffer-usage]
 1084 |       (void)HAL_DMA_Abort_IT(htim->hdma[TIM_DMA_ID_CC2]);
      |                              ^~~~~~~~~~
../Drivers/STM32F4xx_HAL_Driver/src/stm32f4xx_hal_tim.c(1092): warning: unsafe buffer access [-Wunsafe-buffer-usage]
 1092 |       (void)HAL_DMA_Abort_IT(htim->hdma[TIM_DMA_ID_CC3]);
      |                              ^~~~~~~~~~
../Drivers/STM32F4xx_HAL_Driver/src/stm32f4xx_hal_tim.c(1100): warning: unsafe buffer access [-Wunsafe-buffer-usage]
 1100 |       (void)HAL_DMA_Abort_IT(htim->hdma[TIM_DMA_ID_CC4]);
      |                              ^~~~~~~~~~
../Drivers/STM32F4xx_HAL_Driver/src/stm32f4xx_hal_tim.c(1530): warning: unsafe buffer access [-Wunsafe-buffer-usage]
 1530 |       htim->hdma[TIM_DMA_ID_CC1]->XferCpltCallback = TIM_DMADelayPulseCplt;
      |       ^~~~~~~~~~
../Drivers/STM32F4xx_HAL_Driver/src/stm32f4xx_hal_tim.c(1531): warning: unsafe buffer access [-Wunsafe-buffer-usage]
 1531 |       htim->hdma[TIM_DMA_ID_CC1]->XferHalfCpltCallback = TIM_DMADelayPulseHalfCplt;
      |       ^~~~~~~~~~
../Drivers/STM32F4xx_HAL_Driver/src/stm32f4xx_hal_tim.c(1534): warning: unsafe buffer access [-Wunsafe-buffer-usage]
 1534 |       htim->hdma[TIM_DMA_ID_CC1]->XferErrorCallback = TIM_DMAError ;
      |       ^~~~~~~~~~
../Drivers/STM32F4xx_HAL_Driver/src/stm32f4xx_hal_tim.c(1537): warning: unsafe buffer access [-Wunsafe-buffer-usage]
 1537 |       if (HAL_DMA_Start_IT(htim->hdma[TIM_DMA_ID_CC1], (uint32_t)pData, (uint32_t)&htim->Instance->CCR1, Length) != HAL_OK)
      |                            ^~~~~~~~~~
../Drivers/STM32F4xx_HAL_Driver/src/stm32f4xx_hal_tim.c(1550): warning: unsafe buffer access [-Wunsafe-buffer-usage]
 1550 |       htim->hdma[TIM_DMA_ID_CC2]->XferCpltCallback = TIM_DMADelayPulseCplt;
      |       ^~~~~~~~~~
../Drivers/STM32F4xx_HAL_Driver/src/stm32f4xx_hal_tim.c(1551): warning: unsafe buffer access [-Wunsafe-buffer-usage]
 1551 |       htim->hdma[TIM_DMA_ID_CC2]->XferHalfCpltCallback = TIM_DMADelayPulseHalfCplt;
      |       ^~~~~~~~~~
../Drivers/STM32F4xx_HAL_Driver/src/stm32f4xx_hal_tim.c(1554): warning: unsafe buffer access [-Wunsafe-buffer-usage]
 1554 |       htim->hdma[TIM_DMA_ID_CC2]->XferErrorCallback = TIM_DMAError ;
      |       ^~~~~~~~~~
../Drivers/STM32F4xx_HAL_Driver/src/stm32f4xx_hal_tim.c(1557): warning: unsafe buffer access [-Wunsafe-buffer-usage]
 1557 |       if (HAL_DMA_Start_IT(htim->hdma[TIM_DMA_ID_CC2], (uint32_t)pData, (uint32_t)&htim->Instance->CCR2, Length) != HAL_OK)
      |                            ^~~~~~~~~~
../Drivers/STM32F4xx_HAL_Driver/src/stm32f4xx_hal_tim.c(1569): warning: unsafe buffer access [-Wunsafe-buffer-usage]
 1569 |       htim->hdma[TIM_DMA_ID_CC3]->XferCpltCallback = TIM_DMADelayPulseCplt;
      |       ^~~~~~~~~~
../Drivers/STM32F4xx_HAL_Driver/src/stm32f4xx_hal_tim.c(1570): warning: unsafe buffer access [-Wunsafe-buffer-usage]
 1570 |       htim->hdma[TIM_DMA_ID_CC3]->XferHalfCpltCallback = TIM_DMADelayPulseHalfCplt;
      |       ^~~~~~~~~~
../Drivers/STM32F4xx_HAL_Driver/src/stm32f4xx_hal_tim.c(1573): warning: unsafe buffer access [-Wunsafe-buffer-usage]
 1573 |       htim->hdma[TIM_DMA_ID_CC3]->XferErrorCallback = TIM_DMAError ;
      |       ^~~~~~~~~~
../Drivers/STM32F4xx_HAL_Driver/src/stm32f4xx_hal_tim.c(1576): warning: unsafe buffer access [-Wunsafe-buffer-usage]
 1576 |       if (HAL_DMA_Start_IT(htim->hdma[TIM_DMA_ID_CC3], (uint32_t)pData, (uint32_t)&htim->Instance->CCR3, Length) != HAL_OK)
      |                            ^~~~~~~~~~
../Drivers/STM32F4xx_HAL_Driver/src/stm32f4xx_hal_tim.c(1588): warning: unsafe buffer access [-Wunsafe-buffer-usage]
 1588 |       htim->hdma[TIM_DMA_ID_CC4]->XferCpltCallback = TIM_DMADelayPulseCplt;
      |       ^~~~~~~~~~
../Drivers/STM32F4xx_HAL_Driver/src/stm32f4xx_hal_tim.c(1589): warning: unsafe buffer access [-Wunsafe-buffer-usage]
 1589 |       htim->hdma[TIM_DMA_ID_CC4]->XferHalfCpltCallback = TIM_DMADelayPulseHalfCplt;
      |       ^~~~~~~~~~
../Drivers/STM32F4xx_HAL_Driver/src/stm32f4xx_hal_tim.c(1592): warning: unsafe buffer access [-Wunsafe-buffer-usage]
 1592 |       htim->hdma[TIM_DMA_ID_CC4]->XferErrorCallback = TIM_DMAError ;
      |       ^~~~~~~~~~
../Drivers/STM32F4xx_HAL_Driver/src/stm32f4xx_hal_tim.c(1595): warning: unsafe buffer access [-Wunsafe-buffer-usage]
 1595 |       if (HAL_DMA_Start_IT(htim->hdma[TIM_DMA_ID_CC4], (uint32_t)pData, (uint32_t)&htim->Instance->CCR4, Length) != HAL_OK)
      |                            ^~~~~~~~~~
../Drivers/STM32F4xx_HAL_Driver/src/stm32f4xx_hal_tim.c(1650): warning: unsafe buffer access [-Wunsafe-buffer-usage]
 1650 |       (void)HAL_DMA_Abort_IT(htim->hdma[TIM_DMA_ID_CC1]);
      |                              ^~~~~~~~~~
../Drivers/STM32F4xx_HAL_Driver/src/stm32f4xx_hal_tim.c(1658): warning: unsafe buffer access [-Wunsafe-buffer-usage]
 1658 |       (void)HAL_DMA_Abort_IT(htim->hdma[TIM_DMA_ID_CC2]);
      |                              ^~~~~~~~~~
../Drivers/STM32F4xx_HAL_Driver/src/stm32f4xx_hal_tim.c(1666): warning: unsafe buffer access [-Wunsafe-buffer-usage]
 1666 |       (void)HAL_DMA_Abort_IT(htim->hdma[TIM_DMA_ID_CC3]);
      |                              ^~~~~~~~~~
../Drivers/STM32F4xx_HAL_Driver/src/stm32f4xx_hal_tim.c(1674): warning: unsafe buffer access [-Wunsafe-buffer-usage]
 1674 |       (void)HAL_DMA_Abort_IT(htim->hdma[TIM_DMA_ID_CC4]);
      |                              ^~~~~~~~~~
../Drivers/STM32F4xx_HAL_Driver/src/stm32f4xx_hal_tim.c(2078): warning: unsafe buffer access [-Wunsafe-buffer-usage]
 2078 |       htim->hdma[TIM_DMA_ID_CC1]->XferCpltCallback = TIM_DMACaptureCplt;
      |       ^~~~~~~~~~
../Drivers/STM32F4xx_HAL_Driver/src/stm32f4xx_hal_tim.c(2079): warning: unsafe buffer access [-Wunsafe-buffer-usage]
 2079 |       htim->hdma[TIM_DMA_ID_CC1]->XferHalfCpltCallback = TIM_DMACaptureHalfCplt;
      |       ^~~~~~~~~~
../Drivers/STM32F4xx_HAL_Driver/src/stm32f4xx_hal_tim.c(2082): warning: unsafe buffer access [-Wunsafe-buffer-usage]
 2082 |       htim->hdma[TIM_DMA_ID_CC1]->XferErrorCallback = TIM_DMAError ;
      |       ^~~~~~~~~~
../Drivers/STM32F4xx_HAL_Driver/src/stm32f4xx_hal_tim.c(2085): warning: unsafe buffer access [-Wunsafe-buffer-usage]
 2085 |       if (HAL_DMA_Start_IT(htim->hdma[TIM_DMA_ID_CC1], (uint32_t)&htim->Instance->CCR1, (uint32_t)pData, Length) != HAL_OK)
      |                            ^~~~~~~~~~
../Drivers/STM32F4xx_HAL_Driver/src/stm32f4xx_hal_tim.c(2097): warning: unsafe buffer access [-Wunsafe-buffer-usage]
 2097 |       htim->hdma[TIM_DMA_ID_CC2]->XferCpltCallback = TIM_DMACaptureCplt;
      |       ^~~~~~~~~~
../Drivers/STM32F4xx_HAL_Driver/src/stm32f4xx_hal_tim.c(2098): warning: unsafe buffer access [-Wunsafe-buffer-usage]
 2098 |       htim->hdma[TIM_DMA_ID_CC2]->XferHalfCpltCallback = TIM_DMACaptureHalfCplt;
      |       ^~~~~~~~~~
../Drivers/STM32F4xx_HAL_Driver/src/stm32f4xx_hal_tim.c(2101): warning: unsafe buffer access [-Wunsafe-buffer-usage]
 2101 |       htim->hdma[TIM_DMA_ID_CC2]->XferErrorCallback = TIM_DMAError ;
      |       ^~~~~~~~~~
../Drivers/STM32F4xx_HAL_Driver/src/stm32f4xx_hal_tim.c(2104): warning: unsafe buffer access [-Wunsafe-buffer-usage]
 2104 |       if (HAL_DMA_Start_IT(htim->hdma[TIM_DMA_ID_CC2], (uint32_t)&htim->Instance->CCR2, (uint32_t)pData, Length) != HAL_OK)
      |                            ^~~~~~~~~~
../Drivers/STM32F4xx_HAL_Driver/src/stm32f4xx_hal_tim.c(2116): warning: unsafe buffer access [-Wunsafe-buffer-usage]
 2116 |       htim->hdma[TIM_DMA_ID_CC3]->XferCpltCallback = TIM_DMACaptureCplt;
      |       ^~~~~~~~~~
../Drivers/STM32F4xx_HAL_Driver/src/stm32f4xx_hal_tim.c(2117): warning: unsafe buffer access [-Wunsafe-buffer-usage]
 2117 |       htim->hdma[TIM_DMA_ID_CC3]->XferHalfCpltCallback = TIM_DMACaptureHalfCplt;
      |       ^~~~~~~~~~
../Drivers/STM32F4xx_HAL_Driver/src/stm32f4xx_hal_tim.c(2120): warning: unsafe buffer access [-Wunsafe-buffer-usage]
 2120 |       htim->hdma[TIM_DMA_ID_CC3]->XferErrorCallback = TIM_DMAError ;
      |       ^~~~~~~~~~
../Drivers/STM32F4xx_HAL_Driver/src/stm32f4xx_hal_tim.c(2123): warning: unsafe buffer access [-Wunsafe-buffer-usage]
 2123 |       if (HAL_DMA_Start_IT(htim->hdma[TIM_DMA_ID_CC3], (uint32_t)&htim->Instance->CCR3, (uint32_t)pData, Length) != HAL_OK)
      |                            ^~~~~~~~~~
../Drivers/STM32F4xx_HAL_Driver/src/stm32f4xx_hal_tim.c(2135): warning: unsafe buffer access [-Wunsafe-buffer-usage]
 2135 |       htim->hdma[TIM_DMA_ID_CC4]->XferCpltCallback = TIM_DMACaptureCplt;
      |       ^~~~~~~~~~
../Drivers/STM32F4xx_HAL_Driver/src/stm32f4xx_hal_tim.c(2136): warning: unsafe buffer access [-Wunsafe-buffer-usage]
 2136 |       htim->hdma[TIM_DMA_ID_CC4]->XferHalfCpltCallback = TIM_DMACaptureHalfCplt;
      |       ^~~~~~~~~~
../Drivers/STM32F4xx_HAL_Driver/src/stm32f4xx_hal_tim.c(2139): warning: unsafe buffer access [-Wunsafe-buffer-usage]
 2139 |       htim->hdma[TIM_DMA_ID_CC4]->XferErrorCallback = TIM_DMAError ;
      |       ^~~~~~~~~~
../Drivers/STM32F4xx_HAL_Driver/src/stm32f4xx_hal_tim.c(2142): warning: unsafe buffer access [-Wunsafe-buffer-usage]
 2142 |       if (HAL_DMA_Start_IT(htim->hdma[TIM_DMA_ID_CC4], (uint32_t)&htim->Instance->CCR4, (uint32_t)pData, Length) != HAL_OK)
      |                            ^~~~~~~~~~
../Drivers/STM32F4xx_HAL_Driver/src/stm32f4xx_hal_tim.c(2192): warning: unsafe buffer access [-Wunsafe-buffer-usage]
 2192 |       (void)HAL_DMA_Abort_IT(htim->hdma[TIM_DMA_ID_CC1]);
      |                              ^~~~~~~~~~
../Drivers/STM32F4xx_HAL_Driver/src/stm32f4xx_hal_tim.c(2200): warning: unsafe buffer access [-Wunsafe-buffer-usage]
 2200 |       (void)HAL_DMA_Abort_IT(htim->hdma[TIM_DMA_ID_CC2]);
      |                              ^~~~~~~~~~
../Drivers/STM32F4xx_HAL_Driver/src/stm32f4xx_hal_tim.c(2208): warning: unsafe buffer access [-Wunsafe-buffer-usage]
 2208 |       (void)HAL_DMA_Abort_IT(htim->hdma[TIM_DMA_ID_CC3]);
      |                              ^~~~~~~~~~
../Drivers/STM32F4xx_HAL_Driver/src/stm32f4xx_hal_tim.c(2216): warning: unsafe buffer access [-Wunsafe-buffer-usage]
 2216 |       (void)HAL_DMA_Abort_IT(htim->hdma[TIM_DMA_ID_CC4]);
      |                              ^~~~~~~~~~
../Drivers/STM32F4xx_HAL_Driver/src/stm32f4xx_hal_tim.c(2988): warning: unsafe buffer access [-Wunsafe-buffer-usage]
 2988 |       htim->hdma[TIM_DMA_ID_CC1]->XferCpltCallback = TIM_DMACaptureCplt;
      |       ^~~~~~~~~~
../Drivers/STM32F4xx_HAL_Driver/src/stm32f4xx_hal_tim.c(2989): warning: unsafe buffer access [-Wunsafe-buffer-usage]
 2989 |       htim->hdma[TIM_DMA_ID_CC1]->XferHalfCpltCallback = TIM_DMACaptureHalfCplt;
      |       ^~~~~~~~~~
../Drivers/STM32F4xx_HAL_Driver/src/stm32f4xx_hal_tim.c(2992): warning: unsafe buffer access [-Wunsafe-buffer-usage]
 2992 |       htim->hdma[TIM_DMA_ID_CC1]->XferErrorCallback = TIM_DMAError ;
      |       ^~~~~~~~~~
../Drivers/STM32F4xx_HAL_Driver/src/stm32f4xx_hal_tim.c(2995): warning: unsafe buffer access [-Wunsafe-buffer-usage]
 2995 |       if (HAL_DMA_Start_IT(htim->hdma[TIM_DMA_ID_CC1], (uint32_t)&htim->Instance->CCR1, (uint32_t)pData1, Length) != HAL_OK)
      |                            ^~~~~~~~~~
../Drivers/STM32F4xx_HAL_Driver/src/stm32f4xx_hal_tim.c(3013): warning: unsafe buffer access [-Wunsafe-buffer-usage]
 3013 |       htim->hdma[TIM_DMA_ID_CC2]->XferCpltCallback = TIM_DMACaptureCplt;
      |       ^~~~~~~~~~
../Drivers/STM32F4xx_HAL_Driver/src/stm32f4xx_hal_tim.c(3014): warning: unsafe buffer access [-Wunsafe-buffer-usage]
 3014 |       htim->hdma[TIM_DMA_ID_CC2]->XferHalfCpltCallback = TIM_DMACaptureHalfCplt;
      |       ^~~~~~~~~~
../Drivers/STM32F4xx_HAL_Driver/src/stm32f4xx_hal_tim.c(3017): warning: unsafe buffer access [-Wunsafe-buffer-usage]
 3017 |       htim->hdma[TIM_DMA_ID_CC2]->XferErrorCallback = TIM_DMAError;
      |       ^~~~~~~~~~
../Drivers/STM32F4xx_HAL_Driver/src/stm32f4xx_hal_tim.c(3019): warning: unsafe buffer access [-Wunsafe-buffer-usage]
 3019 |       if (HAL_DMA_Start_IT(htim->hdma[TIM_DMA_ID_CC2], (uint32_t)&htim->Instance->CCR2, (uint32_t)pData2, Length) != HAL_OK)
      |                            ^~~~~~~~~~
../Drivers/STM32F4xx_HAL_Driver/src/stm32f4xx_hal_tim.c(3037): warning: unsafe buffer access [-Wunsafe-buffer-usage]
 3037 |       htim->hdma[TIM_DMA_ID_CC1]->XferCpltCallback = TIM_DMACaptureCplt;
      |       ^~~~~~~~~~
../Drivers/STM32F4xx_HAL_Driver/src/stm32f4xx_hal_tim.c(3038): warning: unsafe buffer access [-Wunsafe-buffer-usage]
 3038 |       htim->hdma[TIM_DMA_ID_CC1]->XferHalfCpltCallback = TIM_DMACaptureHalfCplt;
      |       ^~~~~~~~~~
../Drivers/STM32F4xx_HAL_Driver/src/stm32f4xx_hal_tim.c(3041): warning: unsafe buffer access [-Wunsafe-buffer-usage]
 3041 |       htim->hdma[TIM_DMA_ID_CC1]->XferErrorCallback = TIM_DMAError ;
      |       ^~~~~~~~~~
../Drivers/STM32F4xx_HAL_Driver/src/stm32f4xx_hal_tim.c(3044): warning: unsafe buffer access [-Wunsafe-buffer-usage]
 3044 |       if (HAL_DMA_Start_IT(htim->hdma[TIM_DMA_ID_CC1], (uint32_t)&htim->Instance->CCR1, (uint32_t)pData1, Length) != HAL_OK)
      |                            ^~~~~~~~~~
../Drivers/STM32F4xx_HAL_Driver/src/stm32f4xx_hal_tim.c(3050): warning: unsafe buffer access [-Wunsafe-buffer-usage]
 3050 |       htim->hdma[TIM_DMA_ID_CC2]->XferCpltCallback = TIM_DMACaptureCplt;
      |       ^~~~~~~~~~
../Drivers/STM32F4xx_HAL_Driver/src/stm32f4xx_hal_tim.c(3051): warning: unsafe buffer access [-Wunsafe-buffer-usage]
 3051 |       htim->hdma[TIM_DMA_ID_CC2]->XferHalfCpltCallback = TIM_DMACaptureHalfCplt;
      |       ^~~~~~~~~~
../Drivers/STM32F4xx_HAL_Driver/src/stm32f4xx_hal_tim.c(3054): warning: unsafe buffer access [-Wunsafe-buffer-usage]
 3054 |       htim->hdma[TIM_DMA_ID_CC2]->XferErrorCallback = TIM_DMAError ;
      |       ^~~~~~~~~~
../Drivers/STM32F4xx_HAL_Driver/src/stm32f4xx_hal_tim.c(3057): warning: unsafe buffer access [-Wunsafe-buffer-usage]
 3057 |       if (HAL_DMA_Start_IT(htim->hdma[TIM_DMA_ID_CC2], (uint32_t)&htim->Instance->CCR2, (uint32_t)pData2, Length) != HAL_OK)
      |                            ^~~~~~~~~~
../Drivers/STM32F4xx_HAL_Driver/src/stm32f4xx_hal_tim.c(3105): warning: unsafe buffer access [-Wunsafe-buffer-usage]
 3105 |     (void)HAL_DMA_Abort_IT(htim->hdma[TIM_DMA_ID_CC1]);
      |                            ^~~~~~~~~~
../Drivers/STM32F4xx_HAL_Driver/src/stm32f4xx_hal_tim.c(3113): warning: unsafe buffer access [-Wunsafe-buffer-usage]
 3113 |     (void)HAL_DMA_Abort_IT(htim->hdma[TIM_DMA_ID_CC2]);
      |                            ^~~~~~~~~~
../Drivers/STM32F4xx_HAL_Driver/src/stm32f4xx_hal_tim.c(3123): warning: unsafe buffer access [-Wunsafe-buffer-usage]
 3123 |     (void)HAL_DMA_Abort_IT(htim->hdma[TIM_DMA_ID_CC1]);
      |                            ^~~~~~~~~~
../Drivers/STM32F4xx_HAL_Driver/src/stm32f4xx_hal_tim.c(3124): warning: unsafe buffer access [-Wunsafe-buffer-usage]
 3124 |     (void)HAL_DMA_Abort_IT(htim->hdma[TIM_DMA_ID_CC2]);
      |                            ^~~~~~~~~~
../Drivers/STM32F4xx_HAL_Driver/src/stm32f4xx_hal_tim.c(3832): warning: unsafe buffer access [-Wunsafe-buffer-usage]
 3832 |       htim->hdma[TIM_DMA_ID_UPDATE]->XferCpltCallback = TIM_DMAPeriodElapsedCplt;
      |       ^~~~~~~~~~
../Drivers/STM32F4xx_HAL_Driver/src/stm32f4xx_hal_tim.c(3833): warning: unsafe buffer access [-Wunsafe-buffer-usage]
 3833 |       htim->hdma[TIM_DMA_ID_UPDATE]->XferHalfCpltCallback = TIM_DMAPeriodElapsedHalfCplt;
      |       ^~~~~~~~~~
../Drivers/STM32F4xx_HAL_Driver/src/stm32f4xx_hal_tim.c(3836): warning: unsafe buffer access [-Wunsafe-buffer-usage]
 3836 |       htim->hdma[TIM_DMA_ID_UPDATE]->XferErrorCallback = TIM_DMAError ;
      |       ^~~~~~~~~~
../Drivers/STM32F4xx_HAL_Driver/src/stm32f4xx_hal_tim.c(3839): warning: unsafe buffer access [-Wunsafe-buffer-usage]
 3839 |       if (HAL_DMA_Start_IT(htim->hdma[TIM_DMA_ID_UPDATE], (uint32_t)BurstBuffer, (uint32_t)&htim->Instance->DMAR, ((BurstLength) >> 8U) + 1U) != HAL_OK)
      |                            ^~~~~~~~~~
../Drivers/STM32F4xx_HAL_Driver/src/stm32f4xx_hal_tim.c(3848): warning: unsafe buffer access [-Wunsafe-buffer-usage]
 3848 |       htim->hdma[TIM_DMA_ID_CC1]->XferCpltCallback = TIM_DMADelayPulseCplt;
      |       ^~~~~~~~~~
../Drivers/STM32F4xx_HAL_Driver/src/stm32f4xx_hal_tim.c(3849): warning: unsafe buffer access [-Wunsafe-buffer-usage]
 3849 |       htim->hdma[TIM_DMA_ID_CC1]->XferHalfCpltCallback = TIM_DMADelayPulseHalfCplt;
      |       ^~~~~~~~~~
../Drivers/STM32F4xx_HAL_Driver/src/stm32f4xx_hal_tim.c(3852): warning: unsafe buffer access [-Wunsafe-buffer-usage]
 3852 |       htim->hdma[TIM_DMA_ID_CC1]->XferErrorCallback = TIM_DMAError ;
      |       ^~~~~~~~~~
../Drivers/STM32F4xx_HAL_Driver/src/stm32f4xx_hal_tim.c(3855): warning: unsafe buffer access [-Wunsafe-buffer-usage]
 3855 |       if (HAL_DMA_Start_IT(htim->hdma[TIM_DMA_ID_CC1], (uint32_t)BurstBuffer, (uint32_t)&htim->Instance->DMAR, ((BurstLength) >> 8U) + 1U) != HAL_OK)
      |                            ^~~~~~~~~~
../Drivers/STM32F4xx_HAL_Driver/src/stm32f4xx_hal_tim.c(3864): warning: unsafe buffer access [-Wunsafe-buffer-usage]
 3864 |       htim->hdma[TIM_DMA_ID_CC2]->XferCpltCallback = TIM_DMADelayPulseCplt;
      |       ^~~~~~~~~~
../Drivers/STM32F4xx_HAL_Driver/src/stm32f4xx_hal_tim.c(3865): warning: unsafe buffer access [-Wunsafe-buffer-usage]
 3865 |       htim->hdma[TIM_DMA_ID_CC2]->XferHalfCpltCallback = TIM_DMADelayPulseHalfCplt;
      |       ^~~~~~~~~~
../Drivers/STM32F4xx_HAL_Driver/src/stm32f4xx_hal_tim.c(3868): warning: unsafe buffer access [-Wunsafe-buffer-usage]
 3868 |       htim->hdma[TIM_DMA_ID_CC2]->XferErrorCallback = TIM_DMAError ;
      |       ^~~~~~~~~~
../Drivers/STM32F4xx_HAL_Driver/src/stm32f4xx_hal_tim.c(3871): warning: unsafe buffer access [-Wunsafe-buffer-usage]
 3871 |       if (HAL_DMA_Start_IT(htim->hdma[TIM_DMA_ID_CC2], (uint32_t)BurstBuffer, (uint32_t)&htim->Instance->DMAR, ((BurstLength) >> 8U) + 1U) != HAL_OK)
      |                            ^~~~~~~~~~
../Drivers/STM32F4xx_HAL_Driver/src/stm32f4xx_hal_tim.c(3880): warning: unsafe buffer access [-Wunsafe-buffer-usage]
 3880 |       htim->hdma[TIM_DMA_ID_CC3]->XferCpltCallback = TIM_DMADelayPulseCplt;
      |       ^~~~~~~~~~
../Drivers/STM32F4xx_HAL_Driver/src/stm32f4xx_hal_tim.c(3881): warning: unsafe buffer access [-Wunsafe-buffer-usage]
 3881 |       htim->hdma[TIM_DMA_ID_CC3]->XferHalfCpltCallback = TIM_DMADelayPulseHalfCplt;
      |       ^~~~~~~~~~
../Drivers/STM32F4xx_HAL_Driver/src/stm32f4xx_hal_tim.c(3884): warning: unsafe buffer access [-Wunsafe-buffer-usage]
 3884 |       htim->hdma[TIM_DMA_ID_CC3]->XferErrorCallback = TIM_DMAError ;
      |       ^~~~~~~~~~
../Drivers/STM32F4xx_HAL_Driver/src/stm32f4xx_hal_tim.c(3887): warning: unsafe buffer access [-Wunsafe-buffer-usage]
 3887 |       if (HAL_DMA_Start_IT(htim->hdma[TIM_DMA_ID_CC3], (uint32_t)BurstBuffer, (uint32_t)&htim->Instance->DMAR, ((BurstLength) >> 8U) + 1U) != HAL_OK)
      |                            ^~~~~~~~~~
../Drivers/STM32F4xx_HAL_Driver/src/stm32f4xx_hal_tim.c(3896): warning: unsafe buffer access [-Wunsafe-buffer-usage]
 3896 |       htim->hdma[TIM_DMA_ID_CC4]->XferCpltCallback = TIM_DMADelayPulseCplt;
      |       ^~~~~~~~~~
../Drivers/STM32F4xx_HAL_Driver/src/stm32f4xx_hal_tim.c(3897): warning: unsafe buffer access [-Wunsafe-buffer-usage]
 3897 |       htim->hdma[TIM_DMA_ID_CC4]->XferHalfCpltCallback = TIM_DMADelayPulseHalfCplt;
      |       ^~~~~~~~~~
../Drivers/STM32F4xx_HAL_Driver/src/stm32f4xx_hal_tim.c(3900): warning: unsafe buffer access [-Wunsafe-buffer-usage]
 3900 |       htim->hdma[TIM_DMA_ID_CC4]->XferErrorCallback = TIM_DMAError ;
      |       ^~~~~~~~~~
../Drivers/STM32F4xx_HAL_Driver/src/stm32f4xx_hal_tim.c(3903): warning: unsafe buffer access [-Wunsafe-buffer-usage]
 3903 |       if (HAL_DMA_Start_IT(htim->hdma[TIM_DMA_ID_CC4], (uint32_t)BurstBuffer, (uint32_t)&htim->Instance->DMAR, ((BurstLength) >> 8U) + 1U) != HAL_OK)
      |                            ^~~~~~~~~~
../Drivers/STM32F4xx_HAL_Driver/src/stm32f4xx_hal_tim.c(3912): warning: unsafe buffer access [-Wunsafe-buffer-usage]
 3912 |       htim->hdma[TIM_DMA_ID_COMMUTATION]->XferCpltCallback =  TIMEx_DMACommutationCplt;
      |       ^~~~~~~~~~
../Drivers/STM32F4xx_HAL_Driver/src/stm32f4xx_hal_tim.c(3913): warning: unsafe buffer access [-Wunsafe-buffer-usage]
 3913 |       htim->hdma[TIM_DMA_ID_COMMUTATION]->XferHalfCpltCallback =  TIMEx_DMACommutationHalfCplt;
      |       ^~~~~~~~~~
../Drivers/STM32F4xx_HAL_Driver/src/stm32f4xx_hal_tim.c(3916): warning: unsafe buffer access [-Wunsafe-buffer-usage]
 3916 |       htim->hdma[TIM_DMA_ID_COMMUTATION]->XferErrorCallback = TIM_DMAError ;
      |       ^~~~~~~~~~
../Drivers/STM32F4xx_HAL_Driver/src/stm32f4xx_hal_tim.c(3919): warning: unsafe buffer access [-Wunsafe-buffer-usage]
 3919 |       if (HAL_DMA_Start_IT(htim->hdma[TIM_DMA_ID_COMMUTATION], (uint32_t)BurstBuffer, (uint32_t)&htim->Instance->DMAR, ((BurstLength) >> 8U) + 1U) != HAL_OK)
      |                            ^~~~~~~~~~
../Drivers/STM32F4xx_HAL_Driver/src/stm32f4xx_hal_tim.c(3928): warning: unsafe buffer access [-Wunsafe-buffer-usage]
 3928 |       htim->hdma[TIM_DMA_ID_TRIGGER]->XferCpltCallback = TIM_DMATriggerCplt;
      |       ^~~~~~~~~~
../Drivers/STM32F4xx_HAL_Driver/src/stm32f4xx_hal_tim.c(3929): warning: unsafe buffer access [-Wunsafe-buffer-usage]
 3929 |       htim->hdma[TIM_DMA_ID_TRIGGER]->XferHalfCpltCallback = TIM_DMATriggerHalfCplt;
      |       ^~~~~~~~~~
../Drivers/STM32F4xx_HAL_Driver/src/stm32f4xx_hal_tim.c(3932): warning: unsafe buffer access [-Wunsafe-buffer-usage]
 3932 |       htim->hdma[TIM_DMA_ID_TRIGGER]->XferErrorCallback = TIM_DMAError ;
      |       ^~~~~~~~~~
../Drivers/STM32F4xx_HAL_Driver/src/stm32f4xx_hal_tim.c(3935): warning: unsafe buffer access [-Wunsafe-buffer-usage]
 3935 |       if (HAL_DMA_Start_IT(htim->hdma[TIM_DMA_ID_TRIGGER], (uint32_t)BurstBuffer, (uint32_t)&htim->Instance->DMAR, ((BurstLength) >> 8U) + 1U) != HAL_OK)
      |                            ^~~~~~~~~~
../Drivers/STM32F4xx_HAL_Driver/src/stm32f4xx_hal_tim.c(3973): warning: unsafe buffer access [-Wunsafe-buffer-usage]
 3973 |       status = HAL_DMA_Abort_IT(htim->hdma[TIM_DMA_ID_UPDATE]);
      |                                 ^~~~~~~~~~
../Drivers/STM32F4xx_HAL_Driver/src/stm32f4xx_hal_tim.c(3978): warning: unsafe buffer access [-Wunsafe-buffer-usage]
 3978 |       status = HAL_DMA_Abort_IT(htim->hdma[TIM_DMA_ID_CC1]);
      |                                 ^~~~~~~~~~
../Drivers/STM32F4xx_HAL_Driver/src/stm32f4xx_hal_tim.c(3983): warning: unsafe buffer access [-Wunsafe-buffer-usage]
 3983 |       status = HAL_DMA_Abort_IT(htim->hdma[TIM_DMA_ID_CC2]);
      |                                 ^~~~~~~~~~
../Drivers/STM32F4xx_HAL_Driver/src/stm32f4xx_hal_tim.c(3988): warning: unsafe buffer access [-Wunsafe-buffer-usage]
 3988 |       status =  HAL_DMA_Abort_IT(htim->hdma[TIM_DMA_ID_CC3]);
      |                                  ^~~~~~~~~~
../Drivers/STM32F4xx_HAL_Driver/src/stm32f4xx_hal_tim.c(3993): warning: unsafe buffer access [-Wunsafe-buffer-usage]
 3993 |       status = HAL_DMA_Abort_IT(htim->hdma[TIM_DMA_ID_CC4]);
      |                                 ^~~~~~~~~~
../Drivers/STM32F4xx_HAL_Driver/src/stm32f4xx_hal_tim.c(3998): warning: unsafe buffer access [-Wunsafe-buffer-usage]
 3998 |       status = HAL_DMA_Abort_IT(htim->hdma[TIM_DMA_ID_COMMUTATION]);
      |                                 ^~~~~~~~~~
../Drivers/STM32F4xx_HAL_Driver/src/stm32f4xx_hal_tim.c(4003): warning: unsafe buffer access [-Wunsafe-buffer-usage]
 4003 |       status = HAL_DMA_Abort_IT(htim->hdma[TIM_DMA_ID_TRIGGER]);
      |                                 ^~~~~~~~~~
../Drivers/STM32F4xx_HAL_Driver/src/stm32f4xx_hal_tim.c(4091): warning: unsafe buffer access [-Wunsafe-buffer-usage]
 4091 |       htim->hdma[TIM_DMA_ID_UPDATE]->XferCpltCallback = TIM_DMAPeriodElapsedCplt;
      |       ^~~~~~~~~~
../Drivers/STM32F4xx_HAL_Driver/src/stm32f4xx_hal_tim.c(4092): warning: unsafe buffer access [-Wunsafe-buffer-usage]
 4092 |       htim->hdma[TIM_DMA_ID_UPDATE]->XferHalfCpltCallback = TIM_DMAPeriodElapsedHalfCplt;
      |       ^~~~~~~~~~
../Drivers/STM32F4xx_HAL_Driver/src/stm32f4xx_hal_tim.c(4095): warning: unsafe buffer access [-Wunsafe-buffer-usage]
 4095 |       htim->hdma[TIM_DMA_ID_UPDATE]->XferErrorCallback = TIM_DMAError ;
      |       ^~~~~~~~~~
../Drivers/STM32F4xx_HAL_Driver/src/stm32f4xx_hal_tim.c(4098): warning: unsafe buffer access [-Wunsafe-buffer-usage]
 4098 |       if (HAL_DMA_Start_IT(htim->hdma[TIM_DMA_ID_UPDATE], (uint32_t)&htim->Instance->DMAR, (uint32_t)BurstBuffer, ((BurstLength) >> 8U) + 1U) != HAL_OK)
      |                            ^~~~~~~~~~
../Drivers/STM32F4xx_HAL_Driver/src/stm32f4xx_hal_tim.c(4107): warning: unsafe buffer access [-Wunsafe-buffer-usage]
 4107 |       htim->hdma[TIM_DMA_ID_CC1]->XferCpltCallback = TIM_DMACaptureCplt;
      |       ^~~~~~~~~~
../Drivers/STM32F4xx_HAL_Driver/src/stm32f4xx_hal_tim.c(4108): warning: unsafe buffer access [-Wunsafe-buffer-usage]
 4108 |       htim->hdma[TIM_DMA_ID_CC1]->XferHalfCpltCallback = TIM_DMACaptureHalfCplt;
      |       ^~~~~~~~~~
../Drivers/STM32F4xx_HAL_Driver/src/stm32f4xx_hal_tim.c(4111): warning: unsafe buffer access [-Wunsafe-buffer-usage]
 4111 |       htim->hdma[TIM_DMA_ID_CC1]->XferErrorCallback = TIM_DMAError ;
      |       ^~~~~~~~~~
../Drivers/STM32F4xx_HAL_Driver/src/stm32f4xx_hal_tim.c(4114): warning: unsafe buffer access [-Wunsafe-buffer-usage]
 4114 |       if (HAL_DMA_Start_IT(htim->hdma[TIM_DMA_ID_CC1], (uint32_t)&htim->Instance->DMAR, (uint32_t)BurstBuffer, ((BurstLength) >> 8U) + 1U) != HAL_OK)
      |                            ^~~~~~~~~~
../Drivers/STM32F4xx_HAL_Driver/src/stm32f4xx_hal_tim.c(4123): warning: unsafe buffer access [-Wunsafe-buffer-usage]
 4123 |       htim->hdma[TIM_DMA_ID_CC2]->XferCpltCallback = TIM_DMACaptureCplt;
      |       ^~~~~~~~~~
../Drivers/STM32F4xx_HAL_Driver/src/stm32f4xx_hal_tim.c(4124): warning: unsafe buffer access [-Wunsafe-buffer-usage]
 4124 |       htim->hdma[TIM_DMA_ID_CC2]->XferHalfCpltCallback = TIM_DMACaptureHalfCplt;
      |       ^~~~~~~~~~
../Drivers/STM32F4xx_HAL_Driver/src/stm32f4xx_hal_tim.c(4127): warning: unsafe buffer access [-Wunsafe-buffer-usage]
 4127 |       htim->hdma[TIM_DMA_ID_CC2]->XferErrorCallback = TIM_DMAError ;
      |       ^~~~~~~~~~
../Drivers/STM32F4xx_HAL_Driver/src/stm32f4xx_hal_tim.c(4130): warning: unsafe buffer access [-Wunsafe-buffer-usage]
 4130 |       if (HAL_DMA_Start_IT(htim->hdma[TIM_DMA_ID_CC2], (uint32_t)&htim->Instance->DMAR, (uint32_t)BurstBuffer, ((BurstLength) >> 8U) + 1U) != HAL_OK)
      |                            ^~~~~~~~~~
../Drivers/STM32F4xx_HAL_Driver/src/stm32f4xx_hal_tim.c(4139): warning: unsafe buffer access [-Wunsafe-buffer-usage]
 4139 |       htim->hdma[TIM_DMA_ID_CC3]->XferCpltCallback = TIM_DMACaptureCplt;
      |       ^~~~~~~~~~
../Drivers/STM32F4xx_HAL_Driver/src/stm32f4xx_hal_tim.c(4140): warning: unsafe buffer access [-Wunsafe-buffer-usage]
 4140 |       htim->hdma[TIM_DMA_ID_CC3]->XferHalfCpltCallback = TIM_DMACaptureHalfCplt;
      |       ^~~~~~~~~~
../Drivers/STM32F4xx_HAL_Driver/src/stm32f4xx_hal_tim.c(4143): warning: unsafe buffer access [-Wunsafe-buffer-usage]
 4143 |       htim->hdma[TIM_DMA_ID_CC3]->XferErrorCallback = TIM_DMAError ;
      |       ^~~~~~~~~~
../Drivers/STM32F4xx_HAL_Driver/src/stm32f4xx_hal_tim.c(4146): warning: unsafe buffer access [-Wunsafe-buffer-usage]
 4146 |       if (HAL_DMA_Start_IT(htim->hdma[TIM_DMA_ID_CC3], (uint32_t)&htim->Instance->DMAR, (uint32_t)BurstBuffer, ((BurstLength) >> 8U) + 1U) != HAL_OK)
      |                            ^~~~~~~~~~
../Drivers/STM32F4xx_HAL_Driver/src/stm32f4xx_hal_tim.c(4155): warning: unsafe buffer access [-Wunsafe-buffer-usage]
 4155 |       htim->hdma[TIM_DMA_ID_CC4]->XferCpltCallback = TIM_DMACaptureCplt;
      |       ^~~~~~~~~~
../Drivers/STM32F4xx_HAL_Driver/src/stm32f4xx_hal_tim.c(4156): warning: unsafe buffer access [-Wunsafe-buffer-usage]
 4156 |       htim->hdma[TIM_DMA_ID_CC4]->XferHalfCpltCallback = TIM_DMACaptureHalfCplt;
      |       ^~~~~~~~~~
../Drivers/STM32F4xx_HAL_Driver/src/stm32f4xx_hal_tim.c(4159): warning: unsafe buffer access [-Wunsafe-buffer-usage]
 4159 |       htim->hdma[TIM_DMA_ID_CC4]->XferErrorCallback = TIM_DMAError ;
      |       ^~~~~~~~~~
../Drivers/STM32F4xx_HAL_Driver/src/stm32f4xx_hal_tim.c(4162): warning: unsafe buffer access [-Wunsafe-buffer-usage]
 4162 |       if (HAL_DMA_Start_IT(htim->hdma[TIM_DMA_ID_CC4], (uint32_t)&htim->Instance->DMAR, (uint32_t)BurstBuffer, ((BurstLength) >> 8U) + 1U) != HAL_OK)
      |                            ^~~~~~~~~~
../Drivers/STM32F4xx_HAL_Driver/src/stm32f4xx_hal_tim.c(4171): warning: unsafe buffer access [-Wunsafe-buffer-usage]
 4171 |       htim->hdma[TIM_DMA_ID_COMMUTATION]->XferCpltCallback =  TIMEx_DMACommutationCplt;
      |       ^~~~~~~~~~
../Drivers/STM32F4xx_HAL_Driver/src/stm32f4xx_hal_tim.c(4172): warning: unsafe buffer access [-Wunsafe-buffer-usage]
 4172 |       htim->hdma[TIM_DMA_ID_COMMUTATION]->XferHalfCpltCallback =  TIMEx_DMACommutationHalfCplt;
      |       ^~~~~~~~~~
../Drivers/STM32F4xx_HAL_Driver/src/stm32f4xx_hal_tim.c(4175): warning: unsafe buffer access [-Wunsafe-buffer-usage]
 4175 |       htim->hdma[TIM_DMA_ID_COMMUTATION]->XferErrorCallback = TIM_DMAError ;
      |       ^~~~~~~~~~
../Drivers/STM32F4xx_HAL_Driver/src/stm32f4xx_hal_tim.c(4178): warning: unsafe buffer access [-Wunsafe-buffer-usage]
 4178 |       if (HAL_DMA_Start_IT(htim->hdma[TIM_DMA_ID_COMMUTATION], (uint32_t)&htim->Instance->DMAR, (uint32_t)BurstBuffer, ((BurstLength) >> 8U) + 1U) != HAL_OK)
      |                            ^~~~~~~~~~
../Drivers/STM32F4xx_HAL_Driver/src/stm32f4xx_hal_tim.c(4187): warning: unsafe buffer access [-Wunsafe-buffer-usage]
 4187 |       htim->hdma[TIM_DMA_ID_TRIGGER]->XferCpltCallback = TIM_DMATriggerCplt;
      |       ^~~~~~~~~~
../Drivers/STM32F4xx_HAL_Driver/src/stm32f4xx_hal_tim.c(4188): warning: unsafe buffer access [-Wunsafe-buffer-usage]
 4188 |       htim->hdma[TIM_DMA_ID_TRIGGER]->XferHalfCpltCallback = TIM_DMATriggerHalfCplt;
      |       ^~~~~~~~~~
../Drivers/STM32F4xx_HAL_Driver/src/stm32f4xx_hal_tim.c(4191): warning: unsafe buffer access [-Wunsafe-buffer-usage]
 4191 |       htim->hdma[TIM_DMA_ID_TRIGGER]->XferErrorCallback = TIM_DMAError ;
      |       ^~~~~~~~~~
../Drivers/STM32F4xx_HAL_Driver/src/stm32f4xx_hal_tim.c(4194): warning: unsafe buffer access [-Wunsafe-buffer-usage]
 4194 |       if (HAL_DMA_Start_IT(htim->hdma[TIM_DMA_ID_TRIGGER], (uint32_t)&htim->Instance->DMAR, (uint32_t)BurstBuffer, ((BurstLength) >> 8U) + 1U) != HAL_OK)
      |                            ^~~~~~~~~~
../Drivers/STM32F4xx_HAL_Driver/src/stm32f4xx_hal_tim.c(4233): warning: unsafe buffer access [-Wunsafe-buffer-usage]
 4233 |       status = HAL_DMA_Abort_IT(htim->hdma[TIM_DMA_ID_UPDATE]);
      |                                 ^~~~~~~~~~
../Drivers/STM32F4xx_HAL_Driver/src/stm32f4xx_hal_tim.c(4238): warning: unsafe buffer access [-Wunsafe-buffer-usage]
 4238 |       status = HAL_DMA_Abort_IT(htim->hdma[TIM_DMA_ID_CC1]);
      |                                 ^~~~~~~~~~
../Drivers/STM32F4xx_HAL_Driver/src/stm32f4xx_hal_tim.c(4243): warning: unsafe buffer access [-Wunsafe-buffer-usage]
 4243 |       status = HAL_DMA_Abort_IT(htim->hdma[TIM_DMA_ID_CC2]);
      |                                 ^~~~~~~~~~
../Drivers/STM32F4xx_HAL_Driver/src/stm32f4xx_hal_tim.c(4248): warning: unsafe buffer access [-Wunsafe-buffer-usage]
 4248 |       status = HAL_DMA_Abort_IT(htim->hdma[TIM_DMA_ID_CC3]);
      |                                 ^~~~~~~~~~
../Drivers/STM32F4xx_HAL_Driver/src/stm32f4xx_hal_tim.c(4253): warning: unsafe buffer access [-Wunsafe-buffer-usage]
 4253 |       status = HAL_DMA_Abort_IT(htim->hdma[TIM_DMA_ID_CC4]);
      |                                 ^~~~~~~~~~
../Drivers/STM32F4xx_HAL_Driver/src/stm32f4xx_hal_tim.c(4258): warning: unsafe buffer access [-Wunsafe-buffer-usage]
 4258 |       status = HAL_DMA_Abort_IT(htim->hdma[TIM_DMA_ID_COMMUTATION]);
      |                                 ^~~~~~~~~~
../Drivers/STM32F4xx_HAL_Driver/src/stm32f4xx_hal_tim.c(4263): warning: unsafe buffer access [-Wunsafe-buffer-usage]
 4263 |       status = HAL_DMA_Abort_IT(htim->hdma[TIM_DMA_ID_TRIGGER]);
      |                                 ^~~~~~~~~~
../Drivers/STM32F4xx_HAL_Driver/src/stm32f4xx_hal_tim.c(5559): warning: unsafe buffer access [-Wunsafe-buffer-usage]
 5559 |   if (hdma == htim->hdma[TIM_DMA_ID_CC1])
      |               ^~~~~~~~~~
../Drivers/STM32F4xx_HAL_Driver/src/stm32f4xx_hal_tim.c(5563): warning: unsafe buffer access [-Wunsafe-buffer-usage]
 5563 |   else if (hdma == htim->hdma[TIM_DMA_ID_CC2])
      |                    ^~~~~~~~~~
../Drivers/STM32F4xx_HAL_Driver/src/stm32f4xx_hal_tim.c(5567): warning: unsafe buffer access [-Wunsafe-buffer-usage]
 5567 |   else if (hdma == htim->hdma[TIM_DMA_ID_CC3])
      |                    ^~~~~~~~~~
../Drivers/STM32F4xx_HAL_Driver/src/stm32f4xx_hal_tim.c(5571): warning: unsafe buffer access [-Wunsafe-buffer-usage]
 5571 |   else if (hdma == htim->hdma[TIM_DMA_ID_CC4])
      |                    ^~~~~~~~~~
../Drivers/STM32F4xx_HAL_Driver/src/stm32f4xx_hal_tim.c(5600): warning: unsafe buffer access [-Wunsafe-buffer-usage]
 5600 |   if (hdma == htim->hdma[TIM_DMA_ID_CC1])
      |               ^~~~~~~~~~
../Drivers/STM32F4xx_HAL_Driver/src/stm32f4xx_hal_tim.c(5604): warning: unsafe buffer access [-Wunsafe-buffer-usage]
 5604 |   else if (hdma == htim->hdma[TIM_DMA_ID_CC2])
      |                    ^~~~~~~~~~
../Drivers/STM32F4xx_HAL_Driver/src/stm32f4xx_hal_tim.c(5608): warning: unsafe buffer access [-Wunsafe-buffer-usage]
 5608 |   else if (hdma == htim->hdma[TIM_DMA_ID_CC3])
      |                    ^~~~~~~~~~
../Drivers/STM32F4xx_HAL_Driver/src/stm32f4xx_hal_tim.c(5612): warning: unsafe buffer access [-Wunsafe-buffer-usage]
 5612 |   else if (hdma == htim->hdma[TIM_DMA_ID_CC4])
      |                    ^~~~~~~~~~
../Drivers/STM32F4xx_HAL_Driver/src/stm32f4xx_hal_tim.c(5641): warning: unsafe buffer access [-Wunsafe-buffer-usage]
 5641 |   if (hdma == htim->hdma[TIM_DMA_ID_CC1])
      |               ^~~~~~~~~~
../Drivers/STM32F4xx_HAL_Driver/src/stm32f4xx_hal_tim.c(5645): warning: unsafe buffer access [-Wunsafe-buffer-usage]
 5645 |   else if (hdma == htim->hdma[TIM_DMA_ID_CC2])
      |                    ^~~~~~~~~~
../Drivers/STM32F4xx_HAL_Driver/src/stm32f4xx_hal_tim.c(5649): warning: unsafe buffer access [-Wunsafe-buffer-usage]
 5649 |   else if (hdma == htim->hdma[TIM_DMA_ID_CC3])
      |                    ^~~~~~~~~~
../Drivers/STM32F4xx_HAL_Driver/src/stm32f4xx_hal_tim.c(5653): warning: unsafe buffer access [-Wunsafe-buffer-usage]
 5653 |   else if (hdma == htim->hdma[TIM_DMA_ID_CC4])
      |                    ^~~~~~~~~~
../Drivers/STM32F4xx_HAL_Driver/src/stm32f4xx_hal_tim.c(5682): warning: unsafe buffer access [-Wunsafe-buffer-usage]
 5682 |   if (hdma == htim->hdma[TIM_DMA_ID_CC1])
      |               ^~~~~~~~~~
../Drivers/STM32F4xx_HAL_Driver/src/stm32f4xx_hal_tim.c(5686): warning: unsafe buffer access [-Wunsafe-buffer-usage]
 5686 |   else if (hdma == htim->hdma[TIM_DMA_ID_CC2])
      |                    ^~~~~~~~~~
../Drivers/STM32F4xx_HAL_Driver/src/stm32f4xx_hal_tim.c(5690): warning: unsafe buffer access [-Wunsafe-buffer-usage]
 5690 |   else if (hdma == htim->hdma[TIM_DMA_ID_CC3])
      |                    ^~~~~~~~~~
../Drivers/STM32F4xx_HAL_Driver/src/stm32f4xx_hal_tim.c(5694): warning: unsafe buffer access [-Wunsafe-buffer-usage]
 5694 |   else if (hdma == htim->hdma[TIM_DMA_ID_CC4])
      |                    ^~~~~~~~~~
179 warnings generated.
compiling stm32f4xx_hal_tim.c...
armclang: warning: no such include directory: 'Drivers/CMSIS/Device/ST/STM32F4xx/Include' [-Wmissing-include-dirs]
../Drivers/STM32F4xx_HAL_Driver/src/stm32f4xx_hal_uart.c(219): warning: In file included from...../Drivers/STM32F4xx_HAL_Driver/inc\stm32f4xx_hal.h(30): warning: In file included from...../Drivers/CMSIS\stm32f4xx_hal_conf.h(220): warning: In file included from...../Drivers/STM32F4xx_HAL_Driver/inc\stm32f4xx_hal_rcc.h(29): warning: In file included from...../Drivers/STM32F4xx_HAL_Driver/inc\stm32f4xx_hal_def.h(30): warning: In file included from...../Drivers/CMSIS\stm32f4xx.h(11): warning: invalid UTF-8 in comment [-Winvalid-utf8]
   11 |   *              - To use or not the peripheral<92>s drivers in application code(i.e. 
      |                                                ^
../Drivers/CMSIS\stm32f4xx.h(12): warning: invalid UTF-8 in comment [-Winvalid-utf8]
   12 |   *                code will be based on direct access to peripheral<92>s registers 
      |                                                                     ^
../Drivers/STM32F4xx_HAL_Driver/src/stm32f4xx_hal_uart.c(219): warning: In file included from...../Drivers/STM32F4xx_HAL_Driver/inc\stm32f4xx_hal.h(30): warning: In file included from...../Drivers/CMSIS\stm32f4xx_hal_conf.h(368): warning: In file included from...../Drivers/STM32F4xx_HAL_Driver/inc\stm32f4xx_hal_pcd.h(29): warning: In file included from...../Drivers/STM32F4xx_HAL_Driver/inc\stm32f4xx_ll_usb.h(186): warning: padding struct 'USB_OTG_HCTypeDef' with 1 byte to align 'xfer_buff' [-Wpadded]
  186 |   uint8_t   *xfer_buff;         /*!< Pointer to transfer buffer.                                                */
      |              ^
../Drivers/STM32F4xx_HAL_Driver/inc\stm32f4xx_ll_usb.h(198): warning: padding struct 'USB_OTG_HCTypeDef' with 2 bytes to align 'dma_addr' [-Wpadded]
  198 |   uint32_t  dma_addr;           /*!< 32 bits aligned transfer buffer address.                                   */
      |             ^
../Drivers/STM32F4xx_HAL_Driver/inc\stm32f4xx_ll_usb.h(156): warning: padding size of 'USB_OTG_HCTypeDef' with 2 bytes to alignment boundary [-Wpadded]
  156 | typedef struct
      |         ^
../Drivers/STM32F4xx_HAL_Driver/src/stm32f4xx_hal_uart.c(219): warning: In file included from...../Drivers/STM32F4xx_HAL_Driver/inc\stm32f4xx_hal.h(30): warning: In file included from...../Drivers/CMSIS\stm32f4xx_hal_conf.h(348): warning: In file included from...../Drivers/STM32F4xx_HAL_Driver/inc\stm32f4xx_hal_uart.h(172): warning: padding struct 'struct __UART_HandleTypeDef' with 1 byte to align 'ErrorCode' [-Wpadded]
  172 |   __IO uint32_t                 ErrorCode;        /*!< UART Error code                    */
      |                                 ^
../Drivers/STM32F4xx_HAL_Driver/src/stm32f4xx_hal_uart.c(219): warning: In file included from...../Drivers/STM32F4xx_HAL_Driver/inc\stm32f4xx_hal.h(30): warning: In file included from...../Drivers/CMSIS\stm32f4xx_hal_conf.h(232): warning: In file included from...../Drivers/STM32F4xx_HAL_Driver/inc\stm32f4xx_hal_dma.h(149): warning: padding struct 'struct __DMA_HandleTypeDef' with 2 bytes to align 'Parent' [-Wpadded]
  149 |   void                       *Parent;                                                          /*!< Parent object state                    */ 
      |                               ^
../Drivers/STM32F4xx_HAL_Driver/src/stm32f4xx_hal_uart.c(1052): warning: cast from 'uint8_t *' (aka 'unsigned char *') to 'uint16_t *' (aka 'unsigned short *') increases required alignment from 1 to 2 [-Wcast-align]
 1052 |         tmp = (uint16_t *) pData;
      |               ^~~~~~~~~~~~~~~~~~
../Drivers/STM32F4xx_HAL_Driver/src/stm32f4xx_hal_uart.c(1136): warning: cast from 'uint8_t *' (aka 'unsigned char *') to 'uint16_t *' (aka 'unsigned short *') increases required alignment from 1 to 2 [-Wcast-align]
 1136 |         tmp = (uint16_t *) pData;
      |               ^~~~~~~~~~~~~~~~~~
../Drivers/STM32F4xx_HAL_Driver/src/stm32f4xx_hal_uart.c(2906): warning: cast from 'uint8_t *' (aka 'unsigned char *') to 'uint16_t *' (aka 'unsigned short *') increases required alignment from 1 to 2 [-Wcast-align]
 2906 |       tmp = (uint16_t *) huart->pTxBuffPtr;
      |             ^~~~~~~~~~~~~~~~~~~~~~~~~~~~~~
../Drivers/STM32F4xx_HAL_Driver/src/stm32f4xx_hal_uart.c(2978): warning: cast from 'uint8_t *' (aka 'unsigned char *') to 'uint16_t *' (aka 'unsigned short *') increases required alignment from 1 to 2 [-Wcast-align]
 2978 |       tmp = (uint16_t *) huart->pRxBuffPtr;
      |             ^~~~~~~~~~~~~~~~~~~~~~~~~~~~~~
../Drivers/STM32F4xx_HAL_Driver/src/stm32f4xx_hal_uart.c(1056): warning: unsafe pointer arithmetic [-Wunsafe-buffer-usage]
 1056 |           pData += 2U;
      |           ^~~~~
../Drivers/STM32F4xx_HAL_Driver/src/stm32f4xx_hal_uart.c(1060): warning: unsafe pointer arithmetic [-Wunsafe-buffer-usage]
 1060 |           pData += 1U;
      |           ^~~~~
../Drivers/STM32F4xx_HAL_Driver/src/stm32f4xx_hal_uart.c(1069): warning: unsafe pointer arithmetic [-Wunsafe-buffer-usage]
 1069 |         huart->Instance->DR = (*pData++ & (uint8_t)0xFF);
      |                                 ^~~~~
../Drivers/STM32F4xx_HAL_Driver/src/stm32f4xx_hal_uart.c(1140): warning: unsafe pointer arithmetic [-Wunsafe-buffer-usage]
 1140 |           pData += 2U;
      |           ^~~~~
../Drivers/STM32F4xx_HAL_Driver/src/stm32f4xx_hal_uart.c(1145): warning: unsafe pointer arithmetic [-Wunsafe-buffer-usage]
 1145 |           pData += 1U;
      |           ^~~~~
../Drivers/STM32F4xx_HAL_Driver/src/stm32f4xx_hal_uart.c(1157): warning: unsafe pointer arithmetic [-Wunsafe-buffer-usage]
 1157 |           *pData++ = (uint8_t)(huart->Instance->DR & (uint8_t)0x00FF);
      |            ^~~~~
../Drivers/STM32F4xx_HAL_Driver/src/stm32f4xx_hal_uart.c(1161): warning: unsafe pointer arithmetic [-Wunsafe-buffer-usage]
 1161 |           *pData++ = (uint8_t)(huart->Instance->DR & (uint8_t)0x007F);
      |            ^~~~~
../Drivers/STM32F4xx_HAL_Driver/src/stm32f4xx_hal_uart.c(2910): warning: unsafe pointer arithmetic [-Wunsafe-buffer-usage]
 2910 |         huart->pTxBuffPtr += 2U;
      |         ~~~~~~~^~~~~~~~~~
../Drivers/STM32F4xx_HAL_Driver/src/stm32f4xx_hal_uart.c(2914): warning: unsafe pointer arithmetic [-Wunsafe-buffer-usage]
 2914 |         huart->pTxBuffPtr += 1U;
      |         ~~~~~~~^~~~~~~~~~
../Drivers/STM32F4xx_HAL_Driver/src/stm32f4xx_hal_uart.c(2919): warning: unsafe pointer arithmetic [-Wunsafe-buffer-usage]
 2919 |       huart->Instance->DR = (uint8_t)(*huart->pTxBuffPtr++ & (uint8_t)0x00FF);
      |                                        ~~~~~~~^~~~~~~~~~
../Drivers/STM32F4xx_HAL_Driver/src/stm32f4xx_hal_uart.c(2982): warning: unsafe pointer arithmetic [-Wunsafe-buffer-usage]
 2982 |         huart->pRxBuffPtr += 2U;
      |         ~~~~~~~^~~~~~~~~~
../Drivers/STM32F4xx_HAL_Driver/src/stm32f4xx_hal_uart.c(2987): warning: unsafe pointer arithmetic [-Wunsafe-buffer-usage]
 2987 |         huart->pRxBuffPtr += 1U;
      |         ~~~~~~~^~~~~~~~~~
../Drivers/STM32F4xx_HAL_Driver/src/stm32f4xx_hal_uart.c(2994): warning: unsafe pointer arithmetic [-Wunsafe-buffer-usage]
 2994 |         *huart->pRxBuffPtr++ = (uint8_t)(huart->Instance->DR & (uint8_t)0x00FF);
      |          ~~~~~~~^~~~~~~~~~
../Drivers/STM32F4xx_HAL_Driver/src/stm32f4xx_hal_uart.c(2998): warning: unsafe pointer arithmetic [-Wunsafe-buffer-usage]
 2998 |         *huart->pRxBuffPtr++ = (uint8_t)(huart->Instance->DR & (uint8_t)0x007F);
      |          ~~~~~~~^~~~~~~~~~
25 warnings generated.
compiling stm32f4xx_hal_uart.c...
armclang: warning: no such include directory: 'Drivers/CMSIS/Device/ST/STM32F4xx/Include' [-Wmissing-include-dirs]
../Drivers/STM32F4xx_HAL_Driver/src/stm32f4xx_hal_pwr.c(26): warning: In file included from...../Drivers/STM32F4xx_HAL_Driver/inc\stm32f4xx_hal.h(30): warning: In file included from...../Drivers/CMSIS\stm32f4xx_hal_conf.h(220): warning: In file included from...../Drivers/STM32F4xx_HAL_Driver/inc\stm32f4xx_hal_rcc.h(29): warning: In file included from...../Drivers/STM32F4xx_HAL_Driver/inc\stm32f4xx_hal_def.h(30): warning: In file included from...../Drivers/CMSIS\stm32f4xx.h(11): warning: invalid UTF-8 in comment [-Winvalid-utf8]
   11 |   *              - To use or not the peripheral<92>s drivers in application code(i.e. 
      |                                                ^
../Drivers/CMSIS\stm32f4xx.h(12): warning: invalid UTF-8 in comment [-Winvalid-utf8]
   12 |   *                code will be based on direct access to peripheral<92>s registers 
      |                                                                     ^
../Drivers/STM32F4xx_HAL_Driver/src/stm32f4xx_hal_pwr.c(26): warning: In file included from...../Drivers/STM32F4xx_HAL_Driver/inc\stm32f4xx_hal.h(30): warning: In file included from...../Drivers/CMSIS\stm32f4xx_hal_conf.h(368): warning: In file included from...../Drivers/STM32F4xx_HAL_Driver/inc\stm32f4xx_hal_pcd.h(29): warning: In file included from...../Drivers/STM32F4xx_HAL_Driver/inc\stm32f4xx_ll_usb.h(186): warning: padding struct 'USB_OTG_HCTypeDef' with 1 byte to align 'xfer_buff' [-Wpadded]
  186 |   uint8_t   *xfer_buff;         /*!< Pointer to transfer buffer.                                                */
      |              ^
../Drivers/STM32F4xx_HAL_Driver/inc\stm32f4xx_ll_usb.h(198): warning: padding struct 'USB_OTG_HCTypeDef' with 2 bytes to align 'dma_addr' [-Wpadded]
  198 |   uint32_t  dma_addr;           /*!< 32 bits aligned transfer buffer address.                                   */
      |             ^
../Drivers/STM32F4xx_HAL_Driver/inc\stm32f4xx_ll_usb.h(156): warning: padding size of 'USB_OTG_HCTypeDef' with 2 bytes to alignment boundary [-Wpadded]
  156 | typedef struct
      |         ^
../Drivers/STM32F4xx_HAL_Driver/src/stm32f4xx_hal_pwr.c(365): warning: unused parameter 'Regulator' [-Wunused-parameter]
  365 | void HAL_PWR_EnterSLEEPMode(uint32_t Regulator, uint8_t SLEEPEntry)
      |                                      ^
6 warnings generated.
compiling stm32f4xx_hal_pwr.c...
armclang: warning: no such include directory: 'Drivers/CMSIS/Device/ST/STM32F4xx/Include' [-Wmissing-include-dirs]
../Drivers/STM32F4xx_HAL_Driver/src/stm32f4xx_hal_pwr_ex.c(25): warning: In file included from...../Drivers/STM32F4xx_HAL_Driver/inc\stm32f4xx_hal.h(30): warning: In file included from...../Drivers/CMSIS\stm32f4xx_hal_conf.h(220): warning: In file included from...../Drivers/STM32F4xx_HAL_Driver/inc\stm32f4xx_hal_rcc.h(29): warning: In file included from...../Drivers/STM32F4xx_HAL_Driver/inc\stm32f4xx_hal_def.h(30): warning: In file included from...../Drivers/CMSIS\stm32f4xx.h(11): warning: invalid UTF-8 in comment [-Winvalid-utf8]
   11 |   *              - To use or not the peripheral<92>s drivers in application code(i.e. 
      |                                                ^
../Drivers/CMSIS\stm32f4xx.h(12): warning: invalid UTF-8 in comment [-Winvalid-utf8]
   12 |   *                code will be based on direct access to peripheral<92>s registers 
      |                                                                     ^
../Drivers/STM32F4xx_HAL_Driver/src/stm32f4xx_hal_pwr_ex.c(25): warning: In file included from...../Drivers/STM32F4xx_HAL_Driver/inc\stm32f4xx_hal.h(30): warning: In file included from...../Drivers/CMSIS\stm32f4xx_hal_conf.h(368): warning: In file included from...../Drivers/STM32F4xx_HAL_Driver/inc\stm32f4xx_hal_pcd.h(29): warning: In file included from...../Drivers/STM32F4xx_HAL_Driver/inc\stm32f4xx_ll_usb.h(186): warning: padding struct 'USB_OTG_HCTypeDef' with 1 byte to align 'xfer_buff' [-Wpadded]
  186 |   uint8_t   *xfer_buff;         /*!< Pointer to transfer buffer.                                                */
      |              ^
../Drivers/STM32F4xx_HAL_Driver/inc\stm32f4xx_ll_usb.h(198): warning: padding struct 'USB_OTG_HCTypeDef' with 2 bytes to align 'dma_addr' [-Wpadded]
  198 |   uint32_t  dma_addr;           /*!< 32 bits aligned transfer buffer address.                                   */
      |             ^
../Drivers/STM32F4xx_HAL_Driver/inc\stm32f4xx_ll_usb.h(156): warning: padding size of 'USB_OTG_HCTypeDef' with 2 bytes to alignment boundary [-Wpadded]
  156 | typedef struct
      |         ^
5 warnings generated.
compiling stm32f4xx_hal_pwr_ex.c...
armclang: warning: no such include directory: 'Drivers/CMSIS/Device/ST/STM32F4xx/Include' [-Wmissing-include-dirs]
../Drivers/STM32F4xx_HAL_Driver/src/stm32f4xx_hal_flash.c(78): warning: In file included from...../Drivers/STM32F4xx_HAL_Driver/inc\stm32f4xx_hal.h(30): warning: In file included from...../Drivers/CMSIS\stm32f4xx_hal_conf.h(220): warning: In file included from...../Drivers/STM32F4xx_HAL_Driver/inc\stm32f4xx_hal_rcc.h(29): warning: In file included from...../Drivers/STM32F4xx_HAL_Driver/inc\stm32f4xx_hal_def.h(30): warning: In file included from...../Drivers/CMSIS\stm32f4xx.h(11): warning: invalid UTF-8 in comment [-Winvalid-utf8]
   11 |   *              - To use or not the peripheral<92>s drivers in application code(i.e. 
      |                                                ^
../Drivers/CMSIS\stm32f4xx.h(12): warning: invalid UTF-8 in comment [-Winvalid-utf8]
   12 |   *                code will be based on direct access to peripheral<92>s registers 
      |                                                                     ^
../Drivers/STM32F4xx_HAL_Driver/src/stm32f4xx_hal_flash.c(78): warning: In file included from...../Drivers/STM32F4xx_HAL_Driver/inc\stm32f4xx_hal.h(30): warning: In file included from...../Drivers/CMSIS\stm32f4xx_hal_conf.h(368): warning: In file included from...../Drivers/STM32F4xx_HAL_Driver/inc\stm32f4xx_hal_pcd.h(29): warning: In file included from...../Drivers/STM32F4xx_HAL_Driver/inc\stm32f4xx_ll_usb.h(186): warning: padding struct 'USB_OTG_HCTypeDef' with 1 byte to align 'xfer_buff' [-Wpadded]
  186 |   uint8_t   *xfer_buff;         /*!< Pointer to transfer buffer.                                                */
      |              ^
../Drivers/STM32F4xx_HAL_Driver/inc\stm32f4xx_ll_usb.h(198): warning: padding struct 'USB_OTG_HCTypeDef' with 2 bytes to align 'dma_addr' [-Wpadded]
  198 |   uint32_t  dma_addr;           /*!< 32 bits aligned transfer buffer address.                                   */
      |             ^
../Drivers/STM32F4xx_HAL_Driver/inc\stm32f4xx_ll_usb.h(156): warning: padding size of 'USB_OTG_HCTypeDef' with 2 bytes to alignment boundary [-Wpadded]
  156 | typedef struct
      |         ^
../Drivers/STM32F4xx_HAL_Driver/src/stm32f4xx_hal_flash.c(78): warning: In file included from...../Drivers/STM32F4xx_HAL_Driver/inc\stm32f4xx_hal.h(30): warning: In file included from...../Drivers/CMSIS\stm32f4xx_hal_conf.h(276): warning: In file included from...../Drivers/STM32F4xx_HAL_Driver/inc\stm32f4xx_hal_flash.h(62): warning: padding struct 'FLASH_ProcessTypeDef' with 3 bytes to align 'NbSectorsToErase' [-Wpadded]
   62 |   __IO uint32_t               NbSectorsToErase;   /*Internal variable to save the remaining sectors to erase in IT context*/
      |                               ^
../Drivers/STM32F4xx_HAL_Driver/inc\stm32f4xx_hal_flash.h(66): warning: padding struct 'FLASH_ProcessTypeDef' with 3 bytes to align 'Sector' [-Wpadded]
   66 |   __IO uint32_t               Sector;             /*Internal variable to define the current sector which is erasing*/
      |                               ^
../Drivers/STM32F4xx_HAL_Driver/inc\stm32f4xx_hal_flash.h(74): warning: padding struct 'FLASH_ProcessTypeDef' with 3 bytes to align 'ErrorCode' [-Wpadded]
   74 |   __IO uint32_t               ErrorCode;          /* FLASH error code                    */
      |                               ^
../Drivers/STM32F4xx_HAL_Driver/src/stm32f4xx_hal_flash.c(106): warning: no previous extern declaration for non-static variable 'pFlash' [-Wmissing-variable-declarations]
  106 | FLASH_ProcessTypeDef pFlash;
      |                      ^
../Drivers/STM32F4xx_HAL_Driver/src/stm32f4xx_hal_flash.c(106): note: declare 'static' if the variable is not intended to be used outside of this translation unit
  106 | FLASH_ProcessTypeDef pFlash;
      | ^
9 warnings generated.
compiling stm32f4xx_hal_flash.c...
armclang: warning: no such include directory: 'Drivers/CMSIS/Device/ST/STM32F4xx/Include' [-Wmissing-include-dirs]
../Drivers/STM32F4xx_HAL_Driver/src/stm32f4xx_hal_flash_ex.c(64): warning: In file included from...../Drivers/STM32F4xx_HAL_Driver/inc\stm32f4xx_hal.h(30): warning: In file included from...../Drivers/CMSIS\stm32f4xx_hal_conf.h(220): warning: In file included from...../Drivers/STM32F4xx_HAL_Driver/inc\stm32f4xx_hal_rcc.h(29): warning: In file included from...../Drivers/STM32F4xx_HAL_Driver/inc\stm32f4xx_hal_def.h(30): warning: In file included from...../Drivers/CMSIS\stm32f4xx.h(11): warning: invalid UTF-8 in comment [-Winvalid-utf8]
   11 |   *              - To use or not the peripheral<92>s drivers in application code(i.e. 
      |                                                ^
../Drivers/CMSIS\stm32f4xx.h(12): warning: invalid UTF-8 in comment [-Winvalid-utf8]
   12 |   *                code will be based on direct access to peripheral<92>s registers 
      |                                                                     ^
../Drivers/STM32F4xx_HAL_Driver/src/stm32f4xx_hal_flash_ex.c(64): warning: In file included from...../Drivers/STM32F4xx_HAL_Driver/inc\stm32f4xx_hal.h(30): warning: In file included from...../Drivers/CMSIS\stm32f4xx_hal_conf.h(368): warning: In file included from...../Drivers/STM32F4xx_HAL_Driver/inc\stm32f4xx_hal_pcd.h(29): warning: In file included from...../Drivers/STM32F4xx_HAL_Driver/inc\stm32f4xx_ll_usb.h(186): warning: padding struct 'USB_OTG_HCTypeDef' with 1 byte to align 'xfer_buff' [-Wpadded]
  186 |   uint8_t   *xfer_buff;         /*!< Pointer to transfer buffer.                                                */
      |              ^
../Drivers/STM32F4xx_HAL_Driver/inc\stm32f4xx_ll_usb.h(198): warning: padding struct 'USB_OTG_HCTypeDef' with 2 bytes to align 'dma_addr' [-Wpadded]
  198 |   uint32_t  dma_addr;           /*!< 32 bits aligned transfer buffer address.                                   */
      |             ^
../Drivers/STM32F4xx_HAL_Driver/inc\stm32f4xx_ll_usb.h(156): warning: padding size of 'USB_OTG_HCTypeDef' with 2 bytes to alignment boundary [-Wpadded]
  156 | typedef struct
      |         ^
../Drivers/STM32F4xx_HAL_Driver/src/stm32f4xx_hal_flash_ex.c(64): warning: In file included from...../Drivers/STM32F4xx_HAL_Driver/inc\stm32f4xx_hal.h(30): warning: In file included from...../Drivers/CMSIS\stm32f4xx_hal_conf.h(276): warning: In file included from...../Drivers/STM32F4xx_HAL_Driver/inc\stm32f4xx_hal_flash.h(62): warning: padding struct 'FLASH_ProcessTypeDef' with 3 bytes to align 'NbSectorsToErase' [-Wpadded]
   62 |   __IO uint32_t               NbSectorsToErase;   /*Internal variable to save the remaining sectors to erase in IT context*/
      |                               ^
../Drivers/STM32F4xx_HAL_Driver/inc\stm32f4xx_hal_flash.h(66): warning: padding struct 'FLASH_ProcessTypeDef' with 3 bytes to align 'Sector' [-Wpadded]
   66 |   __IO uint32_t               Sector;             /*Internal variable to define the current sector which is erasing*/
      |                               ^
../Drivers/STM32F4xx_HAL_Driver/inc\stm32f4xx_hal_flash.h(74): warning: padding struct 'FLASH_ProcessTypeDef' with 3 bytes to align 'ErrorCode' [-Wpadded]
   74 |   __IO uint32_t               ErrorCode;          /* FLASH error code                    */
      |                               ^
../Drivers/STM32F4xx_HAL_Driver/src/stm32f4xx_hal_flash_ex.c(273): warning: implicit conversion loses integer precision: 'uint32_t' (aka 'unsigned int') to 'uint8_t' (aka 'unsigned char') [-Wimplicit-int-conversion]
  273 |     FLASH_Erase_Sector(pEraseInit->Sector, pEraseInit->VoltageRange);
      |     ~~~~~~~~~~~~~~~~~~                     ~~~~~~~~~~~~^~~~~~~~~~~~
../Drivers/STM32F4xx_HAL_Driver/src/stm32f4xx_hal_flash_ex.c(315): warning: implicit conversion loses integer precision: 'uint32_t' (aka 'unsigned int') to 'uint8_t' (aka 'unsigned char') [-Wimplicit-int-conversion]
  315 |     status = FLASH_OB_RDP_LevelConfig(pOBInit->RDPLevel);
      |              ~~~~~~~~~~~~~~~~~~~~~~~~ ~~~~~~~~~^~~~~~~~
../Drivers/STM32F4xx_HAL_Driver/src/stm32f4xx_hal_flash_ex.c(329): warning: implicit conversion loses integer precision: 'uint32_t' (aka 'unsigned int') to 'uint8_t' (aka 'unsigned char') [-Wimplicit-int-conversion]
  329 |     status = FLASH_OB_BOR_LevelConfig(pOBInit->BORLevel);
      |              ~~~~~~~~~~~~~~~~~~~~~~~~ ~~~~~~~~~^~~~~~~~
../Drivers/STM32F4xx_HAL_Driver/src/stm32f4xx_hal_flash_ex.c(64): warning: In file included from...../Drivers/STM32F4xx_HAL_Driver/inc\stm32f4xx_hal.h(30): warning: In file included from...../Drivers/CMSIS\stm32f4xx_hal_conf.h(276): warning: In file included from...../Drivers/STM32F4xx_HAL_Driver/inc\stm32f4xx_hal_flash.h(297): warning: In file included from...../Drivers/STM32F4xx_HAL_Driver/inc\stm32f4xx_hal_flash_ex.h(69): warning: padding size of 'FLASH_OBProgramInitTypeDef' with 3 bytes to alignment boundary [-Wpadded]
   69 | typedef struct
      |         ^
../Drivers/STM32F4xx_HAL_Driver/src/stm32f4xx_hal_flash_ex.c(953): warning: unused parameter 'Banks' [-Wunused-parameter]
  953 | static void FLASH_MassErase(uint8_t VoltageRange, uint32_t Banks)
      |                                                            ^
../Drivers/STM32F4xx_HAL_Driver/src/stm32f4xx_hal_flash_ex.c(1032): warning: unused parameter 'Banks' [-Wunused-parameter]
 1032 | static HAL_StatusTypeDef FLASH_OB_EnableWRP(uint32_t WRPSector, uint32_t Banks)
      |                                                                          ^
../Drivers/STM32F4xx_HAL_Driver/src/stm32f4xx_hal_flash_ex.c(1068): warning: unused parameter 'Banks' [-Wunused-parameter]
 1068 | static HAL_StatusTypeDef FLASH_OB_DisableWRP(uint32_t WRPSector, uint32_t Banks)
      |                                                                           ^
15 warnings generated.
compiling stm32f4xx_hal_flash_ex.c...
armclang: warning: no such include directory: 'Drivers/CMSIS/Device/ST/STM32F4xx/Include' [-Wmissing-include-dirs]
../Drivers/STM32F4xx_HAL_Driver/src/stm32f4xx_hal_flash_ramfunc.c(49): warning: In file included from...../Drivers/STM32F4xx_HAL_Driver/inc\stm32f4xx_hal.h(30): warning: In file included from...../Drivers/CMSIS\stm32f4xx_hal_conf.h(220): warning: In file included from...../Drivers/STM32F4xx_HAL_Driver/inc\stm32f4xx_hal_rcc.h(29): warning: In file included from...../Drivers/STM32F4xx_HAL_Driver/inc\stm32f4xx_hal_def.h(30): warning: In file included from...../Drivers/CMSIS\stm32f4xx.h(11): warning: invalid UTF-8 in comment [-Winvalid-utf8]
   11 |   *              - To use or not the peripheral<92>s drivers in application code(i.e. 
      |                                                ^
../Drivers/CMSIS\stm32f4xx.h(12): warning: invalid UTF-8 in comment [-Winvalid-utf8]
   12 |   *                code will be based on direct access to peripheral<92>s registers 
      |                                                                     ^
../Drivers/STM32F4xx_HAL_Driver/src/stm32f4xx_hal_flash_ramfunc.c(49): warning: In file included from...../Drivers/STM32F4xx_HAL_Driver/inc\stm32f4xx_hal.h(30): warning: In file included from...../Drivers/CMSIS\stm32f4xx_hal_conf.h(368): warning: In file included from...../Drivers/STM32F4xx_HAL_Driver/inc\stm32f4xx_hal_pcd.h(29): warning: In file included from...../Drivers/STM32F4xx_HAL_Driver/inc\stm32f4xx_ll_usb.h(186): warning: padding struct 'USB_OTG_HCTypeDef' with 1 byte to align 'xfer_buff' [-Wpadded]
  186 |   uint8_t   *xfer_buff;         /*!< Pointer to transfer buffer.                                                */
      |              ^
../Drivers/STM32F4xx_HAL_Driver/inc\stm32f4xx_ll_usb.h(198): warning: padding struct 'USB_OTG_HCTypeDef' with 2 bytes to align 'dma_addr' [-Wpadded]
  198 |   uint32_t  dma_addr;           /*!< 32 bits aligned transfer buffer address.                                   */
      |             ^
../Drivers/STM32F4xx_HAL_Driver/inc\stm32f4xx_ll_usb.h(156): warning: padding size of 'USB_OTG_HCTypeDef' with 2 bytes to alignment boundary [-Wpadded]
  156 | typedef struct
      |         ^
5 warnings generated.
compiling stm32f4xx_hal_flash_ramfunc.c...
armclang: warning: no such include directory: 'Drivers/CMSIS/Device/ST/STM32F4xx/Include' [-Wmissing-include-dirs]
../Drivers/STM32F4xx_HAL_Driver/src/stm32f4xx_hal_exti.c(85): warning: In file included from...../Drivers/STM32F4xx_HAL_Driver/inc\stm32f4xx_hal.h(30): warning: In file included from...../Drivers/CMSIS\stm32f4xx_hal_conf.h(220): warning: In file included from...../Drivers/STM32F4xx_HAL_Driver/inc\stm32f4xx_hal_rcc.h(29): warning: In file included from...../Drivers/STM32F4xx_HAL_Driver/inc\stm32f4xx_hal_def.h(30): warning: In file included from...../Drivers/CMSIS\stm32f4xx.h(11): warning: invalid UTF-8 in comment [-Winvalid-utf8]
   11 |   *              - To use or not the peripheral<92>s drivers in application code(i.e. 
      |                                                ^
../Drivers/CMSIS\stm32f4xx.h(12): warning: invalid UTF-8 in comment [-Winvalid-utf8]
   12 |   *                code will be based on direct access to peripheral<92>s registers 
      |                                                                     ^
../Drivers/STM32F4xx_HAL_Driver/src/stm32f4xx_hal_exti.c(85): warning: In file included from...../Drivers/STM32F4xx_HAL_Driver/inc\stm32f4xx_hal.h(30): warning: In file included from...../Drivers/CMSIS\stm32f4xx_hal_conf.h(368): warning: In file included from...../Drivers/STM32F4xx_HAL_Driver/inc\stm32f4xx_hal_pcd.h(29): warning: In file included from...../Drivers/STM32F4xx_HAL_Driver/inc\stm32f4xx_ll_usb.h(186): warning: padding struct 'USB_OTG_HCTypeDef' with 1 byte to align 'xfer_buff' [-Wpadded]
  186 |   uint8_t   *xfer_buff;         /*!< Pointer to transfer buffer.                                                */
      |              ^
../Drivers/STM32F4xx_HAL_Driver/inc\stm32f4xx_ll_usb.h(198): warning: padding struct 'USB_OTG_HCTypeDef' with 2 bytes to align 'dma_addr' [-Wpadded]
  198 |   uint32_t  dma_addr;           /*!< 32 bits aligned transfer buffer address.                                   */
      |             ^
../Drivers/STM32F4xx_HAL_Driver/inc\stm32f4xx_ll_usb.h(156): warning: padding size of 'USB_OTG_HCTypeDef' with 2 bytes to alignment boundary [-Wpadded]
  156 | typedef struct
      |         ^
../Drivers/STM32F4xx_HAL_Driver/src/stm32f4xx_hal_exti.c(289): warning: enumeration values 'HAL_EXTI_RISING_CB_ID' and 'HAL_EXTI_FALLING_CB_ID' not explicitly handled in switch [-Wswitch-enum]
  289 |   switch (CallbackID)
      |           ^~~~~~~~~~
../Drivers/STM32F4xx_HAL_Driver/src/stm32f4xx_hal_exti.c(374): warning: unused parameter 'Edge' [-Wunused-parameter]
  374 | uint32_t HAL_EXTI_GetPending(EXTI_HandleTypeDef *hexti, uint32_t Edge)
      |                                                                  ^
../Drivers/STM32F4xx_HAL_Driver/src/stm32f4xx_hal_exti.c(401): warning: unused parameter 'Edge' [-Wunused-parameter]
  401 | void HAL_EXTI_ClearPending(EXTI_HandleTypeDef *hexti, uint32_t Edge)
      |                                                                ^
8 warnings generated.
compiling stm32f4xx_hal_exti.c...
armclang: warning: no such include directory: 'Drivers/CMSIS/Device/ST/STM32F4xx/Include' [-Wmissing-include-dirs]
compiling list.c...
armclang: warning: no such include directory: 'Drivers/CMSIS/Device/ST/STM32F4xx/Include' [-Wmissing-include-dirs]
../Middlewares/FreeRTOS/queue.c(311): warning: empty expression statement has no effect; remove unnecessary ';' to silence this warning [-Wextra-semi-stmt]
  311 |     configASSERT( pxQueue );
      |                            ^
../Middlewares/FreeRTOS/queue.c(338): warning: empty expression statement has no effect; remove unnecessary ';' to silence this warning [-Wextra-semi-stmt]
  338 |                         queueYIELD_IF_USING_PREEMPTION();
      |                                                         ^
../Middlewares/FreeRTOS/queue.c(364): warning: empty expression statement has no effect; remove unnecessary ';' to silence this warning [-Wextra-semi-stmt]
  364 |     configASSERT( xReturn != pdFAIL );
      |                                      ^
../Middlewares/FreeRTOS/queue.c(103): warning: padding size of 'struct QueueDefinition' with 2 bytes to alignment boundary [-Wpadded]
  103 | typedef struct QueueDefinition /* The old naming convention is used to prevent breaking kernel aware debuggers. */
      |                ^
../Middlewares/FreeRTOS/queue.c(557): warning: empty expression statement has no effect; remove unnecessary ';' to silence this warning [-Wextra-semi-stmt]
  557 |             configASSERT( pxNewQueue );
      |                                       ^
../Middlewares/FreeRTOS/queue.c(766): warning: empty expression statement has no effect; remove unnecessary ';' to silence this warning [-Wextra-semi-stmt]
  766 |         configASSERT( pxMutex );
      |                                ^
../Middlewares/FreeRTOS/queue.c(826): warning: empty expression statement has no effect; remove unnecessary ';' to silence this warning [-Wextra-semi-stmt]
  826 |         configASSERT( pxMutex );
      |                                ^
../Middlewares/FreeRTOS/queue.c(838): warning: empty expression statement has no effect; remove unnecessary ';' to silence this warning [-Wextra-semi-stmt]
  838 |             configASSERT( pxMutex->u.xSemaphore.uxRecursiveCallCount );
      |                                                                       ^
../Middlewares/FreeRTOS/queue.c(854): warning: empty expression statement has no effect; remove unnecessary ';' to silence this warning [-Wextra-semi-stmt]
  854 |                 configASSERT( pxMutex->u.xSemaphore.uxRecursiveCallCount );
      |                                                                           ^
../Middlewares/FreeRTOS/queue.c(937): warning: empty expression statement has no effect; remove unnecessary ';' to silence this warning [-Wextra-semi-stmt]
  937 |             configASSERT( xHandle );
      |                                    ^
../Middlewares/FreeRTOS/queue.c(960): warning: empty expression statement has no effect; remove unnecessary ';' to silence this warning [-Wextra-semi-stmt]
  960 |     configASSERT( pxQueue );
      |                            ^
../Middlewares/FreeRTOS/queue.c(961): warning: empty expression statement has no effect; remove unnecessary ';' to silence this warning [-Wextra-semi-stmt]
  961 |     configASSERT( !( ( pvItemToQueue == NULL ) && ( pxQueue->uxItemSize != ( UBaseType_t ) 0U ) ) );
      |                                                                                                    ^
../Middlewares/FreeRTOS/queue.c(962): warning: empty expression statement has no effect; remove unnecessary ';' to silence this warning [-Wextra-semi-stmt]
  962 |     configASSERT( !( ( xCopyPosition == queueOVERWRITE ) && ( pxQueue->uxLength != 1 ) ) );
      |                                                                                           ^
../Middlewares/FreeRTOS/queue.c(965): warning: empty expression statement has no effect; remove unnecessary ';' to silence this warning [-Wextra-semi-stmt]
  965 |         configASSERT( !( ( xTaskGetSchedulerState() == taskSCHEDULER_SUSPENDED ) && ( xTicksToWait != 0 ) ) );
      |                                                                                                              ^
../Middlewares/FreeRTOS/queue.c(1055): warning: empty expression statement has no effect; remove unnecessary ';' to silence this warning [-Wextra-semi-stmt]
 1055 |                             queueYIELD_IF_USING_PREEMPTION();
      |                                                             ^
../Middlewares/FreeRTOS/queue.c(1068): warning: empty expression statement has no effect; remove unnecessary ';' to silence this warning [-Wextra-semi-stmt]
 1068 |                         queueYIELD_IF_USING_PREEMPTION();
      |                                                         ^
../Middlewares/FreeRTOS/queue.c(1142): warning: empty expression statement has no effect; remove unnecessary ';' to silence this warning [-Wextra-semi-stmt]
 1142 |                     taskYIELD_WITHIN_API();
      |                                           ^
../Middlewares/FreeRTOS/queue.c(1178): warning: empty expression statement has no effect; remove unnecessary ';' to silence this warning [-Wextra-semi-stmt]
 1178 |     configASSERT( ( pxQueue != NULL ) && !( ( pvItemToQueue == NULL ) && ( pxQueue->uxItemSize != ( UBaseType_t ) 0U ) ) );
      |                                                                                                                           ^
../Middlewares/FreeRTOS/queue.c(1179): warning: empty expression statement has no effect; remove unnecessary ';' to silence this warning [-Wextra-semi-stmt]
 1179 |     configASSERT( ( pxQueue != NULL ) && !( ( xCopyPosition == queueOVERWRITE ) && ( pxQueue->uxLength != 1 ) ) );
      |                                                                                                                  ^
../Middlewares/FreeRTOS/queue.c(1355): warning: empty expression statement has no effect; remove unnecessary ';' to silence this warning [-Wextra-semi-stmt]
 1355 |     configASSERT( ( pxQueue != NULL ) && ( pxQueue->uxItemSize == 0 ) );
      |                                                                        ^
../Middlewares/FreeRTOS/queue.c(1360): warning: empty expression statement has no effect; remove unnecessary ';' to silence this warning [-Wextra-semi-stmt]
 1360 |     configASSERT( ( pxQueue != NULL ) && !( ( pxQueue->uxQueueType == queueQUEUE_IS_MUTEX ) && ( pxQueue->u.xSemaphore.xMutexHolder != NULL ) ) );
      |                                                                                                                                                  ^
../Middlewares/FreeRTOS/queue.c(1520): warning: empty expression statement has no effect; remove unnecessary ';' to silence this warning [-Wextra-semi-stmt]
 1520 |     configASSERT( ( pxQueue ) );
      |                                ^
../Middlewares/FreeRTOS/queue.c(1524): warning: empty expression statement has no effect; remove unnecessary ';' to silence this warning [-Wextra-semi-stmt]
 1524 |     configASSERT( !( ( ( pvBuffer ) == NULL ) && ( ( pxQueue )->uxItemSize != ( UBaseType_t ) 0U ) ) );
      |                                                                                                       ^
../Middlewares/FreeRTOS/queue.c(1529): warning: empty expression statement has no effect; remove unnecessary ';' to silence this warning [-Wextra-semi-stmt]
 1529 |         configASSERT( !( ( xTaskGetSchedulerState() == taskSCHEDULER_SUSPENDED ) && ( xTicksToWait != 0 ) ) );
      |                                                                                                              ^
../Middlewares/FreeRTOS/queue.c(1555): warning: empty expression statement has no effect; remove unnecessary ';' to silence this warning [-Wextra-semi-stmt]
 1555 |                         queueYIELD_IF_USING_PREEMPTION();
      |                                                         ^
../Middlewares/FreeRTOS/queue.c(1621): warning: empty expression statement has no effect; remove unnecessary ';' to silence this warning [-Wextra-semi-stmt]
 1621 |                     taskYIELD_WITHIN_API();
      |                                           ^
../Middlewares/FreeRTOS/queue.c(1673): warning: empty expression statement has no effect; remove unnecessary ';' to silence this warning [-Wextra-semi-stmt]
 1673 |     configASSERT( ( pxQueue ) );
      |                                ^
../Middlewares/FreeRTOS/queue.c(1677): warning: empty expression statement has no effect; remove unnecessary ';' to silence this warning [-Wextra-semi-stmt]
 1677 |     configASSERT( pxQueue->uxItemSize == 0 );
      |                                             ^
../Middlewares/FreeRTOS/queue.c(1682): warning: empty expression statement has no effect; remove unnecessary ';' to silence this warning [-Wextra-semi-stmt]
 1682 |         configASSERT( !( ( xTaskGetSchedulerState() == taskSCHEDULER_SUSPENDED ) && ( xTicksToWait != 0 ) ) );
      |                                                                                                              ^
../Middlewares/FreeRTOS/queue.c(1725): warning: empty expression statement has no effect; remove unnecessary ';' to silence this warning [-Wextra-semi-stmt]
 1725 |                         queueYIELD_IF_USING_PREEMPTION();
      |                                                         ^
../Middlewares/FreeRTOS/queue.c(1811): warning: empty expression statement has no effect; remove unnecessary ';' to silence this warning [-Wextra-semi-stmt]
 1811 |                     taskYIELD_WITHIN_API();
      |                                           ^
../Middlewares/FreeRTOS/queue.c(1897): warning: empty expression statement has no effect; remove unnecessary ';' to silence this warning [-Wextra-semi-stmt]
 1897 |     configASSERT( ( pxQueue != NULL ) && !( ( ( pvBuffer ) == NULL ) && ( ( pxQueue )->uxItemSize != ( UBaseType_t ) 0U ) ) );
      |                                                                                                                              ^
../Middlewares/FreeRTOS/queue.c(1902): warning: empty expression statement has no effect; remove unnecessary ';' to silence this warning [-Wextra-semi-stmt]
 1902 |         configASSERT( !( ( xTaskGetSchedulerState() == taskSCHEDULER_SUSPENDED ) && ( xTicksToWait != 0 ) ) );
      |                                                                                                              ^
../Middlewares/FreeRTOS/queue.c(1934): warning: empty expression statement has no effect; remove unnecessary ';' to silence this warning [-Wextra-semi-stmt]
 1934 |                         queueYIELD_IF_USING_PREEMPTION();
      |                                                         ^
../Middlewares/FreeRTOS/queue.c(2001): warning: empty expression statement has no effect; remove unnecessary ';' to silence this warning [-Wextra-semi-stmt]
 2001 |                     taskYIELD_WITHIN_API();
      |                                           ^
../Middlewares/FreeRTOS/queue.c(2049): warning: empty expression statement has no effect; remove unnecessary ';' to silence this warning [-Wextra-semi-stmt]
 2049 |     configASSERT( pxQueue );
      |                            ^
../Middlewares/FreeRTOS/queue.c(2050): warning: empty expression statement has no effect; remove unnecessary ';' to silence this warning [-Wextra-semi-stmt]
 2050 |     configASSERT( !( ( pvBuffer == NULL ) && ( pxQueue->uxItemSize != ( UBaseType_t ) 0U ) ) );
      |                                                                                               ^
../Middlewares/FreeRTOS/queue.c(2149): warning: empty expression statement has no effect; remove unnecessary ';' to silence this warning [-Wextra-semi-stmt]
 2149 |     configASSERT( ( pxQueue != NULL ) && !( ( pvBuffer == NULL ) && ( pxQueue->uxItemSize != ( UBaseType_t ) 0U ) ) );
      |                                                                                                                      ^
../Middlewares/FreeRTOS/queue.c(2150): warning: empty expression statement has no effect; remove unnecessary ';' to silence this warning [-Wextra-semi-stmt]
 2150 |     configASSERT( ( pxQueue != NULL ) && ( pxQueue->uxItemSize != 0 ) ); /* Can't peek a semaphore. */
      |                                                                        ^
../Middlewares/FreeRTOS/queue.c(2206): warning: empty expression statement has no effect; remove unnecessary ';' to silence this warning [-Wextra-semi-stmt]
 2206 |     configASSERT( xQueue );
      |                           ^
../Middlewares/FreeRTOS/queue.c(2227): warning: empty expression statement has no effect; remove unnecessary ';' to silence this warning [-Wextra-semi-stmt]
 2227 |     configASSERT( pxQueue );
      |                            ^
../Middlewares/FreeRTOS/queue.c(2248): warning: empty expression statement has no effect; remove unnecessary ';' to silence this warning [-Wextra-semi-stmt]
 2248 |     configASSERT( pxQueue );
      |                            ^
../Middlewares/FreeRTOS/queue.c(2263): warning: empty expression statement has no effect; remove unnecessary ';' to silence this warning [-Wextra-semi-stmt]
 2263 |     configASSERT( pxQueue );
      |                            ^
../Middlewares/FreeRTOS/queue.c(2264): warning: empty expression statement has no effect; remove unnecessary ';' to silence this warning [-Wextra-semi-stmt]
 2264 |     configASSERT( listLIST_IS_EMPTY( &( pxQueue->xTasksWaitingToSend ) ) );
      |                                                                           ^
../Middlewares/FreeRTOS/queue.c(2265): warning: empty expression statement has no effect; remove unnecessary ';' to silence this warning [-Wextra-semi-stmt]
 2265 |     configASSERT( listLIST_IS_EMPTY( &( pxQueue->xTasksWaitingToReceive ) ) );
      |                                                                              ^
../Middlewares/FreeRTOS/queue.c(2647): warning: empty expression statement has no effect; remove unnecessary ';' to silence this warning [-Wextra-semi-stmt]
 2647 |     configASSERT( pxQueue );
      |                            ^
../Middlewares/FreeRTOS/queue.c(2692): warning: empty expression statement has no effect; remove unnecessary ';' to silence this warning [-Wextra-semi-stmt]
 2692 |     configASSERT( pxQueue );
      |                            ^
../Middlewares/FreeRTOS/queue.c(3022): warning: empty expression statement has no effect; remove unnecessary ';' to silence this warning [-Wextra-semi-stmt]
 3022 |         configASSERT( xQueue );
      |                               ^
../Middlewares/FreeRTOS/queue.c(3072): warning: empty expression statement has no effect; remove unnecessary ';' to silence this warning [-Wextra-semi-stmt]
 3072 |         configASSERT( xQueue );
      |                               ^
../Middlewares/FreeRTOS/queue.c(3106): warning: empty expression statement has no effect; remove unnecessary ';' to silence this warning [-Wextra-semi-stmt]
 3106 |         configASSERT( xQueue );
      |                               ^
../Middlewares/FreeRTOS/queue.c(171): warning: no previous extern declaration for non-static variable 'xQueueRegistry' [-Wmissing-variable-declarations]
  171 |     PRIVILEGED_DATA QueueRegistryItem_t xQueueRegistry[ configQUEUE_REGISTRY_SIZE ];
      |                                         ^
../Middlewares/FreeRTOS/queue.c(171): note: declare 'static' if the variable is not intended to be used outside of this translation unit
  171 |     PRIVILEGED_DATA QueueRegistryItem_t xQueueRegistry[ configQUEUE_REGISTRY_SIZE ];
      |                     ^
../Middlewares/FreeRTOS/queue.c(320): warning: unsafe pointer arithmetic [-Wunsafe-buffer-usage]
  320 |             pxQueue->u.xQueue.pcTail = pxQueue->pcHead + ( pxQueue->uxLength * pxQueue->uxItemSize );
      |                                        ^~~~~~~~~~~~~~~
../Middlewares/FreeRTOS/queue.c(323): warning: unsafe pointer arithmetic [-Wunsafe-buffer-usage]
  323 |             pxQueue->u.xQueue.pcReadFrom = pxQueue->pcHead + ( ( pxQueue->uxLength - 1U ) * pxQueue->uxItemSize );
      |                                            ^~~~~~~~~~~~~~~
../Middlewares/FreeRTOS/queue.c(536): warning: unsafe pointer arithmetic [-Wunsafe-buffer-usage]
  536 |                 pucQueueStorage += sizeof( Queue_t );
      |                 ^~~~~~~~~~~~~~~
../Middlewares/FreeRTOS/queue.c(2426): warning: unsafe pointer arithmetic [-Wunsafe-buffer-usage]
 2426 |         pxQueue->pcWriteTo += pxQueue->uxItemSize;
      |         ~~~~~~~~~^~~~~~~~~
../Middlewares/FreeRTOS/queue.c(2440): warning: unsafe pointer arithmetic [-Wunsafe-buffer-usage]
 2440 |         pxQueue->u.xQueue.pcReadFrom -= pxQueue->uxItemSize;
      |         ~~~~~~~~~~~~~~~~~~^~~~~~~~~~
../Middlewares/FreeRTOS/queue.c(2444): warning: unsafe pointer arithmetic [-Wunsafe-buffer-usage]
 2444 |             pxQueue->u.xQueue.pcReadFrom = ( pxQueue->u.xQueue.pcTail - pxQueue->uxItemSize );
      |                                              ^~~~~~~~~~~~~~~~~~~~~~~~
../Middlewares/FreeRTOS/queue.c(2483): warning: unsafe pointer arithmetic [-Wunsafe-buffer-usage]
 2483 |         pxQueue->u.xQueue.pcReadFrom += pxQueue->uxItemSize;
      |         ~~~~~~~~~~~~~~~~~~^~~~~~~~~~
../Middlewares/FreeRTOS/queue.c(3031): warning: unsafe buffer access [-Wunsafe-buffer-usage]
 3031 |                 if( xQueue == xQueueRegistry[ ux ].xHandle )
      |                               ^~~~~~~~~~~~~~
../Middlewares/FreeRTOS/queue.c(3033): warning: unsafe buffer access [-Wunsafe-buffer-usage]
 3033 |                     pxEntryToWrite = &( xQueueRegistry[ ux ] );
      |                                         ^~~~~~~~~~~~~~
../Middlewares/FreeRTOS/queue.c(3037): warning: unsafe buffer access [-Wunsafe-buffer-usage]
 3037 |                 else if( ( pxEntryToWrite == NULL ) && ( xQueueRegistry[ ux ].pcQueueName == NULL ) )
      |                                                          ^~~~~~~~~~~~~~
../Middlewares/FreeRTOS/queue.c(3039): warning: unsafe buffer access [-Wunsafe-buffer-usage]
 3039 |                     pxEntryToWrite = &( xQueueRegistry[ ux ] );
      |                                         ^~~~~~~~~~~~~~
../Middlewares/FreeRTOS/queue.c(3079): warning: unsafe buffer access [-Wunsafe-buffer-usage]
 3079 |             if( xQueueRegistry[ ux ].xHandle == xQueue )
      |                 ^~~~~~~~~~~~~~
../Middlewares/FreeRTOS/queue.c(3081): warning: unsafe buffer access [-Wunsafe-buffer-usage]
 3081 |                 pcReturn = xQueueRegistry[ ux ].pcQueueName;
      |                            ^~~~~~~~~~~~~~
../Middlewares/FreeRTOS/queue.c(3112): warning: unsafe buffer access [-Wunsafe-buffer-usage]
 3112 |             if( xQueueRegistry[ ux ].xHandle == xQueue )
      |                 ^~~~~~~~~~~~~~
../Middlewares/FreeRTOS/queue.c(3115): warning: unsafe buffer access [-Wunsafe-buffer-usage]
 3115 |                 xQueueRegistry[ ux ].pcQueueName = NULL;
      |                 ^~~~~~~~~~~~~~
../Middlewares/FreeRTOS/queue.c(3120): warning: unsafe buffer access [-Wunsafe-buffer-usage]
 3120 |                 xQueueRegistry[ ux ].xHandle = ( QueueHandle_t ) 0;
      |                 ^~~~~~~~~~~~~~
67 warnings generated.
compiling queue.c...
100Processing output...armclang: warning: no such include directory: 'Drivers/CMSIS/Device/ST/STM32F4xx/Include' [-Wmissing-include-dirs]
../Middlewares/FreeRTOS/tasks.c(465): warning: no previous extern declaration for non-static variable 'pxCurrentTCB' [-Wmissing-variable-declarations]
  465 |     portDONT_DISCARD PRIVILEGED_DATA TCB_t * volatile pxCurrentTCB = NULL;
      |                                                       ^
../Middlewares/FreeRTOS/tasks.c(465): note: declare 'static' if the variable is not intended to be used outside of this translation unit
  465 |     portDONT_DISCARD PRIVILEGED_DATA TCB_t * volatile pxCurrentTCB = NULL;
      |                                      ^
../Middlewares/FreeRTOS/tasks.c(377): warning: padding size of 'struct tskTaskControlBlock' with 3 bytes to alignment boundary [-Wpadded]
  377 | typedef struct tskTaskControlBlock       /* The old naming convention is used to prevent breaking kernel aware debuggers. */
      |                ^
../Middlewares/FreeRTOS/tasks.c(1849): warning: empty expression statement has no effect; remove unnecessary ';' to silence this warning [-Wextra-semi-stmt]
 1849 |         configASSERT( ( ( ( portPOINTER_SIZE_TYPE ) pxTopOfStack & ( portPOINTER_SIZE_TYPE ) portBYTE_ALIGNMENT_MASK ) == 0U ) );
      |                                                                                                                                 ^
../Middlewares/FreeRTOS/tasks.c(1903): warning: empty expression statement has no effect; remove unnecessary ';' to silence this warning [-Wextra-semi-stmt]
 1903 |     configASSERT( uxPriority < configMAX_PRIORITIES );
2      |                                                      ^
../Middlewares/FreeRTOS/tasks.c(2002): warning: empty expression statement has no effect; remove unnecessary ';' to silence this warning [-Wextra-semi-stmt]
 2002 |             configASSERT( ( ( portPOINTER_SIZE_TYPE ) ( pxTopOfStack - pxNewTCB->pxTopOfStack ) ) < ( ( portPOINTER_SIZE_TYPE ) uxStackDepth ) );
      |                                                                                                                                                 ^
../Middlewares/FreeRTOS/tasks.c(2225): warning: empty expression statement has no effect; remove unnecessary ';' to silence this warning [-Wextra-semi-stmt]
 2225 |             configASSERT( pxTCB != NULL );
      |                                          ^
../Middlewares/FreeRTOS/tasks.c(2346): warning: empty expression statement has no effect; remove unnecessary ';' to silence this warning [-Wextra-semi-stmt]
 2346 |                     configASSERT( uxSchedulerSuspended == 0 );
      |                                                              ^
../Middlewares/FreeRTOS/tasks.c(2347): warning: empty expression statement has no effect; remove unnecessary ';' to silence this warning [-Wextra-semi-stmt]
 2347 |                     taskYIELD_WITHIN_API();
      |                                           ^
../Middlewares/FreeRTOS/tasks.c(2372): warning: empty expression statement has no effect; remove unnecessary ';' to silence this warning [-Wextra-semi-stmt]
 2372 |         configASSERT( pxPreviousWakeTime );
      |                                           ^
4../Middlewares/FreeRTOS/tasks.c(2373): warning: empty expression statement has no effect; remove unnecessary ';' to silence this warning [-Wextra-semi-stmt]
 2373 |         configASSERT( ( xTimeIncrement > 0U ) );
      |                                                ^
../Middlewares/FreeRTOS/tasks.c(2380): warning: empty expression statement has no effect; remove unnecessary ';' to silence this warning [-Wextra-semi-stmt]
 2380 |             configASSERT( uxSchedulerSuspended == 1U );
      |                                                       ^
../Middlewares/FreeRTOS/tasks.c(2401): warning: empty expression statement has no effect; remove unnecessary ';' to silence this warning [-Wextra-semi-stmt]
 2401 |             taskYIELD_WITHIN_API();
      |                                   ^
../Middlewares/FreeRTOS/tasks.c(2422): warning: empty expression statement has no effect; remove unnecessary ';' to silence this warning [-Wextra-semi-stmt]
 2422 |         configASSERT( pxPreviousWakeTime );
      |                                           ^
../Middlewares/FreeRTOS/tasks.c(2423): warning: empty expression statement has no effect; remove unnecessary ';' to silence this warning [-Wextra-semi-stmt]
 2423 |         configASSERT( ( xTimeIncrement > 0U ) );
      |                                                ^
../Middlewares/FreeRTOS/tasks.c(2431): warning: empty expression statement has no effect; remove unnecessary ';' to silence this warning [-Wextra-semi-stmt]
 2431 |             configASSERT( uxSchedulerSuspended == 1U );
      |                                                       ^
6../Middlewares/FreeRTOS/tasks.c(2489): warning: empty expression statement has no effect; remove unnecessary ';' to silence this warning [-Wextra-semi-stmt]
 2489 |             taskYIELD_WITHIN_API();
      |                                   ^
../Middlewares/FreeRTOS/tasks.c(2517): warning: empty expression statement has no effect; remove unnecessary ';' to silence this warning [-Wextra-semi-stmt]
 2517 |                 configASSERT( uxSchedulerSuspended == 1U );
      |                                                           ^
../Middlewares/FreeRTOS/tasks.c(2541): warning: empty expression statement has no effect; remove unnecessary ';' to silence this warning [-Wextra-semi-stmt]
 2541 |             taskYIELD_WITHIN_API();
      |                                   ^
../Middlewares/FreeRTOS/tasks.c(2700): warning: empty expression statement has no effect; remove unnecessary ';' to silence this warning [-Wextra-semi-stmt]
 2700 |             configASSERT( pxTCB != NULL );
      |                                          ^
../Middlewares/FreeRTOS/tasks.c(2750): warning: empty expression statement has no effect; remove unnecessary ';' to silence this warning [-Wextra-semi-stmt]
 2750 |             configASSERT( pxTCB != NULL );
      |                                          ^
../Middlewares/FreeRTOS/tasks.c(2778): warning: empty expression statement has no effect; remove unnecessary ';' to silence this warning [-Wextra-semi-stmt]
 2778 |             configASSERT( pxTCB != NULL );
      |                                          ^
../Middlewares/FreeRTOS/tasks.c(2828): warning: empty expression statement has no effect; remove unnecessary ';' to silence this warning [-Wextra-semi-stmt]
 2828 |             configASSERT( pxTCB != NULL );
8      |                                          ^
../Middlewares/FreeRTOS/tasks.c(2857): warning: empty expression statement has no effect; remove unnecessary ';' to silence this warning [-Wextra-semi-stmt]
 2857 |         configASSERT( uxNewPriority < configMAX_PRIORITIES );
      |                                                             ^
../Middlewares/FreeRTOS/tasks.c(2874): warning: empty expression statement has no effect; remove unnecessary ';' to silence this warning [-Wextra-semi-stmt]
 2874 |             configASSERT( pxTCB != NULL );
      |                                          ^
../Middlewares/FreeRTOS/tasks.c(3208): warning: empty expression statement has no effect; remove unnecessary ';' to silence this warning [-Wextra-semi-stmt]
 3208 |             configASSERT( pxTCB != NULL );
      |                                          ^
../Middlewares/FreeRTOS/tasks.c(3317): warning: empty expression statement has no effect; remove unnecessary ';' to silence this warning [-Wextra-semi-stmt]
 3317 |                     configASSERT( uxSchedulerSuspended == 0 );
      |                                                              ^
../Middlewares/FreeRTOS/tasks.c(3318): warning: empty expression statement has no effect; remove unnecessary ';' to silence this warning [-Wextra-semi-stmt]
 3318 |                     portYIELD_WITHIN_API();
      |                                           ^
../Middlewares/FreeRTOS/tasks.c(3369): warning: empty expression statement has no effect; remove unnecessary ';' to silence this warning [-Wextra-semi-stmt]
 3369 |         configASSERT( xTask );
      |                              ^
10../Middlewares/FreeRTOS/tasks.c(3437): warning: empty expression statement has no effect; remove unnecessary ';' to silence this warning [-Wextra-semi-stmt]
 3437 |         configASSERT( xTaskToResume );
      |                                      ^
../Middlewares/FreeRTOS/tasks.c(3499): warning: empty expression statement has no effect; remove unnecessary ';' to silence this warning [-Wextra-semi-stmt]
 3499 |         configASSERT( xTaskToResume );
      |                                      ^
../Middlewares/FreeRTOS/tasks.c(3832): warning: empty expression statement has no effect; remove unnecessary ';' to silence this warning [-Wextra-semi-stmt]
 3832 |         configASSERT( xReturn != errCOULD_NOT_ALLOCATE_REQUIRED_MEMORY );
      |                                                                         ^
../Middlewares/FreeRTOS/tasks.c(4086): warning: empty expression statement has no effect; remove unnecessary ';' to silence this warning [-Wextra-semi-stmt]
 4086 |             configASSERT( uxSchedulerSuspended != 0U );
      |                                                       ^
../Middlewares/FreeRTOS/tasks.c(4288): warning: empty expression statement has no effect; remove unnecessary ';' to silence this warning [-Wextra-semi-stmt]
 4288 |     configASSERT( pxTCB != NULL );
      |                                  ^
../Middlewares/FreeRTOS/tasks.c(4632): warning: empty expression statement has no effect; remove unnecessary ';' to silence this warning [-Wextra-semi-stmt]
 4632 |             configASSERT( ( xIdleTaskHandles[ 0 ] != NULL ) );
      |                                                              ^
12../Middlewares/FreeRTOS/tasks.c(4645): warning: empty expression statement has no effect; remove unnecessary ';' to silence this warning [-Wextra-semi-stmt]
 4645 |         configASSERT( taskVALID_CORE_ID( xCoreID ) == pdTRUE );
      |                                                               ^
../Middlewares/FreeRTOS/tasks.c(4649): warning: empty expression statement has no effect; remove unnecessary ';' to silence this warning [-Wextra-semi-stmt]
 4649 |         configASSERT( ( xIdleTaskHandles[ xCoreID ] != NULL ) );
      |                                                                ^
../Middlewares/FreeRTOS/tasks.c(4715): warning: empty expression statement has no effect; remove unnecessary ';' to silence this warning [-Wextra-semi-stmt]
 4715 |     configASSERT( uxSchedulerSuspended == ( UBaseType_t ) 0U );
      |                                                               ^
../Middlewares/FreeRTOS/tasks.c(5407): warning: empty expression statement has no effect; remove unnecessary ';' to silence this warning [-Wextra-semi-stmt]
 5407 |     configASSERT( pxEventList );
      |                                ^
../Middlewares/FreeRTOS/tasks.c(5437): warning: empty expression statement has no effect; remove unnecessary ';' to silence this warning [-Wextra-semi-stmt]
 5437 |     configASSERT( pxEventList );
      |                                ^
../Middlewares/FreeRTOS/tasks.c(5441): warning: empty expression statement has no effect; remove unnecessary ';' to silence this warning [-Wextra-semi-stmt]
 5441 |     configASSERT( uxSchedulerSuspended != ( UBaseType_t ) 0U );
      |                                                               ^
14../Middlewares/FreeRTOS/tasks.c(5469): warning: empty expression statement has no effect; remove unnecessary ';' to silence this warning [-Wextra-semi-stmt]
 5469 |         configASSERT( pxEventList );
      |                                    ^
../Middlewares/FreeRTOS/tasks.c(5524): warning: empty expression statement has no effect; remove unnecessary ';' to silence this warning [-Wextra-semi-stmt]
 5524 |     configASSERT( pxUnblockedTCB );
      |                                   ^
../Middlewares/FreeRTOS/tasks.c(5602): warning: empty expression statement has no effect; remove unnecessary ';' to silence this warning [-Wextra-semi-stmt]
 5602 |     configASSERT( uxSchedulerSuspended != ( UBaseType_t ) 0U );
      |                                                               ^
../Middlewares/FreeRTOS/tasks.c(5613): warning: empty expression statement has no effect; remove unnecessary ';' to silence this warning [-Wextra-semi-stmt]
 5613 |     configASSERT( pxUnblockedTCB );
      |                                   ^
../Middlewares/FreeRTOS/tasks.c(5669): warning: empty expression statement has no effect; remove unnecessary ';' to silence this warning [-Wextra-semi-stmt]
 5669 |     configASSERT( pxTimeOut );
      |                              ^
../Middlewares/FreeRTOS/tasks.c(5700): warning: empty expression statement has no effect; remove unnecessary ';' to silence this warning [-Wextra-semi-stmt]
 5700 |     configASSERT( pxTimeOut );
      |                              ^
../Middlewares/FreeRTOS/tasks.c(5701): warning: empty expression statement has no effect; remove unnecessary ';' to silence this warning [-Wextra-semi-stmt]
16 5701 |     configASSERT( pxTicksToWait );
      |                                  ^
../Middlewares/FreeRTOS/tasks.c(5960): warning: empty expression statement has no effect; remove unnecessary ';' to silence this warning [-Wextra-semi-stmt]
 5960 |                 taskYIELD();
      |                            ^
../Middlewares/FreeRTOS/tasks.c(5910): warning: function 'prvIdleTask' could be declared with attribute 'noreturn' [-Wmissing-noreturn]
 5910 | {
      | ^
../Middlewares/FreeRTOS/tasks.c(6544): warning: empty expression statement has no effect; remove unnecessary ';' to silence this warning [-Wextra-semi-stmt]
 6544 |         configASSERT( pxTCB != NULL );
      |                                      ^
../Middlewares/FreeRTOS/tasks.c(6861): warning: empty expression statement has no effect; remove unnecessary ';' to silence this warning [-Wextra-semi-stmt]
 6861 |             configASSERT( pxTCB == pxCurrentTCB );
      |                                                  ^
../Middlewares/FreeRTOS/tasks.c(6862): warning: empty expression statement has no effect; remove unnecessary ';' to silence this warning [-Wextra-semi-stmt]
 6862 |             configASSERT( pxTCB->uxMutexesHeld );
      |                                                 ^
../Middlewares/FreeRTOS/tasks.c(6955): warning: empty expression statement has no effect; remove unnecessary ';' to silence this warning [-Wextra-semi-stmt]
 6955 |             configASSERT( pxTCB->uxMutexesHeld );
      |                                                 ^
../Middlewares/FreeRTOS/tasks.c(6982): warning: empty expression statement has no effect; remove unnecessary ';' to silence this warning [-Wextra-semi-stmt]
18 6982 |                     configASSERT( pxTCB != pxCurrentTCB );
      |                                                          ^
../Middlewares/FreeRTOS/tasks.c(7806): warning: empty expression statement has no effect; remove unnecessary ';' to silence this warning [-Wextra-semi-stmt]
 7806 |         configASSERT( uxIndexToWaitOn < configTASK_NOTIFICATION_ARRAY_ENTRIES );
      |                                                                                ^
../Middlewares/FreeRTOS/tasks.c(7856): warning: empty expression statement has no effect; remove unnecessary ';' to silence this warning [-Wextra-semi-stmt]
 7856 |                 taskYIELD_WITHIN_API();
      |                                       ^
../Middlewares/FreeRTOS/tasks.c(7909): warning: empty expression statement has no effect; remove unnecessary ';' to silence this warning [-Wextra-semi-stmt]
 7909 |         configASSERT( uxIndexToWaitOn < configTASK_NOTIFICATION_ARRAY_ENTRIES );
      |                                                                                ^
../Middlewares/FreeRTOS/tasks.c(7963): warning: empty expression statement has no effect; remove unnecessary ';' to silence this warning [-Wextra-semi-stmt]
 7963 |                 taskYIELD_WITHIN_API();
      |                                       ^
../Middlewares/FreeRTOS/tasks.c(8025): warning: empty expression statement has no effect; remove unnecessary ';' to silence this warning [-Wextra-semi-stmt]
 8025 |         configASSERT( uxIndexToNotify < configTASK_NOTIFICATION_ARRAY_ENTRIES );
      |                                                                                ^
20../Middlewares/FreeRTOS/tasks.c(8026): warning: empty expression statement has no effect; remove unnecessary ';' to silence this warning [-Wextra-semi-stmt]
 8026 |         configASSERT( xTaskToNotify );
      |                                      ^
../Middlewares/FreeRTOS/tasks.c(8079): warning: empty expression statement has no effect; remove unnecessary ';' to silence this warning [-Wextra-semi-stmt]
 8079 |                     configASSERT( xTickCount == ( TickType_t ) 0 );
      |                                                                   ^
../Middlewares/FreeRTOS/tasks.c(8074): warning: default label in switch which covers all enumeration values [-Wcovered-switch-default]
 8074 |                 default:
      |                 ^
../Middlewares/FreeRTOS/tasks.c(8094): warning: empty expression statement has no effect; remove unnecessary ';' to silence this warning [-Wextra-semi-stmt]
 8094 |                 configASSERT( listLIST_ITEM_CONTAINER( &( pxTCB->xEventListItem ) ) == NULL );
      |                                                                                              ^
../Middlewares/FreeRTOS/tasks.c(8147): warning: empty expression statement has no effect; remove unnecessary ';' to silence this warning [-Wextra-semi-stmt]
 8147 |         configASSERT( xTaskToNotify );
      |                                      ^
../Middlewares/FreeRTOS/tasks.c(8148): warning: empty expression statement has no effect; remove unnecessary ';' to silence this warning [-Wextra-semi-stmt]
 8148 |         configASSERT( uxIndexToNotify < configTASK_NOTIFICATION_ARRAY_ENTRIES );
22      |                                                                                ^
../Middlewares/FreeRTOS/tasks.c(8222): warning: empty expression statement has no effect; remove unnecessary ';' to silence this warning [-Wextra-semi-stmt]
 8222 |                     configASSERT( xTickCount == ( TickType_t ) 0 );
      |                                                                   ^
../Middlewares/FreeRTOS/tasks.c(8217): warning: default label in switch which covers all enumeration values [-Wcovered-switch-default]
 8217 |                 default:
      |                 ^
../Middlewares/FreeRTOS/tasks.c(8233): warning: empty expression statement has no effect; remove unnecessary ';' to silence this warning [-Wextra-semi-stmt]
 8233 |                 configASSERT( listLIST_ITEM_CONTAINER( &( pxTCB->xEventListItem ) ) == NULL );
      |                                                                                              ^
../Middlewares/FreeRTOS/tasks.c(8325): warning: empty expression statement has no effect; remove unnecessary ';' to silence this warning [-Wextra-semi-stmt]
 8325 |         configASSERT( xTaskToNotify );
      |                                      ^
../Middlewares/FreeRTOS/tasks.c(8326): warning: empty expression statement has no effect; remove unnecessary ';' to silence this warning [-Wextra-semi-stmt]
 8326 |         configASSERT( uxIndexToNotify < configTASK_NOTIFICATION_ARRAY_ENTRIES );
      |                                                                                ^
../Middlewares/FreeRTOS/tasks.c(8367): warning: empty expression statement has no effect; remove unnecessary ';' to silence this warning [-Wextra-semi-stmt]
24 8367 |                 configASSERT( listLIST_ITEM_CONTAINER( &( pxTCB->xEventListItem ) ) == NULL );
      |                                                                                              ^
../Middlewares/FreeRTOS/tasks.c(8455): warning: empty expression statement has no effect; remove unnecessary ';' to silence this warning [-Wextra-semi-stmt]
 8455 |         configASSERT( uxIndexToClear < configTASK_NOTIFICATION_ARRAY_ENTRIES );
      |                                                                               ^
../Middlewares/FreeRTOS/tasks.c(8460): warning: empty expression statement has no effect; remove unnecessary ';' to silence this warning [-Wextra-semi-stmt]
 8460 |         configASSERT( pxTCB != NULL );
      |                                      ^
../Middlewares/FreeRTOS/tasks.c(8495): warning: empty expression statement has no effect; remove unnecessary ';' to silence this warning [-Wextra-semi-stmt]
 8495 |         configASSERT( uxIndexToClear < configTASK_NOTIFICATION_ARRAY_ENTRIES );
      |                                                                               ^
../Middlewares/FreeRTOS/tasks.c(8500): warning: empty expression statement has no effect; remove unnecessary ';' to silence this warning [-Wextra-semi-stmt]
 8500 |         configASSERT( pxTCB != NULL );
      |                                      ^
../Middlewares/FreeRTOS/tasks.c(1845): warning: unsafe buffer access [-Wunsafe-buffer-usage]
 1845 |         pxTopOfStack = &( pxNewTCB->pxStack[ uxStackDepth - ( configSTACK_DEPTH_TYPE ) 1 ] );
      |                           ^~~~~~~~~~~~~~~~~
26../Middlewares/FreeRTOS/tasks.c(1878): warning: unsafe buffer access [-Wunsafe-buffer-usage]
 1878 |             pxNewTCB->pcTaskName[ x ] = pcName[ x ];
      |             ^~~~~~~~~~~~~~~~~~~~
../Middlewares/FreeRTOS/tasks.c(1878): warning: unsafe buffer access [-Wunsafe-buffer-usage]
 1878 |             pxNewTCB->pcTaskName[ x ] = pcName[ x ];
      |                                         ^~~~~~
../Middlewares/FreeRTOS/tasks.c(1883): warning: unsafe buffer access [-Wunsafe-buffer-usage]
 1883 |             if( pcName[ x ] == ( char ) 0x00 )
      |                 ^~~~~~
../Middlewares/FreeRTOS/tasks.c(1895): warning: unsafe buffer access [-Wunsafe-buffer-usage]
 1895 |         pxNewTCB->pcTaskName[ configMAX_TASK_NAME_LEN - 1U ] = '\0';
      |         ^~~~~~~~~~~~~~~~~~~~
../Middlewares/FreeRTOS/tasks.c(2098): warning: unsafe buffer access [-Wunsafe-buffer-usage]
 2098 |             prvAddTaskToReadyList( pxNewTCB );
      |             ^~~~~~~~~~~~~~~~~~~~~~~~~~~~~~~~~
../Middlewares/FreeRTOS/tasks.c(291): note: expanded from macro 'prvAddTaskToReadyList'
  291 |         listINSERT_END( &( pxReadyTasksLists[ ( pxTCB )->uxPriority ] ), &( ( pxTCB )->xStateListItem ) ); \
      |                            ^~~~~~~~~~~~~~~~~
../Middlewares/FreeRTOS/include\list.h(364): note: expanded from macro 'listINSERT_END'
  364 |         ListItem_t * const pxIndex = ( pxList )->pxIndex; \
      |                                        ^~~~~~
../Middlewares/FreeRTOS/tasks.c(2098): warning: unsafe buffer access [-Wunsafe-buffer-usage]
 2098 |             prvAddTaskToReadyList( pxNewTCB );
      |             ^~~~~~~~~~~~~~~~~~~~~~~~~~~~~~~~~
28../Middlewares/FreeRTOS/tasks.c(291): note: expanded from macro 'prvAddTaskToReadyList'
  291 |         listINSERT_END( &( pxReadyTasksLists[ ( pxTCB )->uxPriority ] ), &( ( pxTCB )->xStateListItem ) ); \
      |                            ^~~~~~~~~~~~~~~~~
../Middlewares/FreeRTOS/include\list.h(382): note: expanded from macro 'listINSERT_END'
  382 |         ( pxNewListItem )->pxContainer = ( pxList );                                                \
      |                                            ^~~~~~
../Middlewares/FreeRTOS/tasks.c(2098): warning: unsafe buffer access [-Wunsafe-buffer-usage]
 2098 |             prvAddTaskToReadyList( pxNewTCB );
      |             ^~~~~~~~~~~~~~~~~~~~~~~~~~~~~~~~~
../Middlewares/FreeRTOS/tasks.c(291): note: expanded from macro 'prvAddTaskToReadyList'
  291 |         listINSERT_END( &( pxReadyTasksLists[ ( pxTCB )->uxPriority ] ), &( ( pxTCB )->xStateListItem ) ); \
      |                            ^~~~~~~~~~~~~~~~~
../Middlewares/FreeRTOS/include\list.h(384): note: expanded from macro 'listINSERT_END'
  384 |         ( ( pxList )->uxNumberOfItems ) = ( UBaseType_t ) ( ( ( pxList )->uxNumberOfItems ) + 1U ); \
      |             ^~~~~~
../Middlewares/FreeRTOS/tasks.c(2098): warning: unsafe buffer access [-Wunsafe-buffer-usage]
 2098 |             prvAddTaskToReadyList( pxNewTCB );
      |             ^~~~~~~~~~~~~~~~~~~~~~~~~~~~~~~~~
../Middlewares/FreeRTOS/tasks.c(291): note: expanded from macro 'prvAddTaskToReadyList'
  291 |         listINSERT_END( &( pxReadyTasksLists[ ( pxTCB )->uxPriority ] ), &( ( pxTCB )->xStateListItem ) ); \
      |                            ^~~~~~~~~~~~~~~~~
30../Middlewares/FreeRTOS/include\list.h(384): note: expanded from macro 'listINSERT_END'
  384 |         ( ( pxList )->uxNumberOfItems ) = ( UBaseType_t ) ( ( ( pxList )->uxNumberOfItems ) + 1U ); \
      |                                                                 ^~~~~~
../Middlewares/FreeRTOS/tasks.c(2230): warning: unsafe buffer access [-Wunsafe-buffer-usage]
 2230 |                 taskRESET_READY_PRIORITY( pxTCB->uxPriority );
      |                 ^~~~~~~~~~~~~~~~~~~~~~~~~~~~~~~~~~~~~~~~~~~~~
../Middlewares/FreeRTOS/tasks.c(255): note: expanded from macro 'taskRESET_READY_PRIORITY'
  255 |         if( listCURRENT_LIST_LENGTH( &( pxReadyTasksLists[ ( uxPriority ) ] ) ) == ( UBaseType_t ) 0 ) \
      |                                         ^~~~~~~~~~~~~~~~~
../Middlewares/FreeRTOS/include\list.h(263): note: expanded from macro 'listCURRENT_LIST_LENGTH'
  263 | #define listCURRENT_LIST_LENGTH( pxList )                 ( ( pxList )->uxNumberOfItems )
      |                                                               ^~~~~~
../Middlewares/FreeRTOS/tasks.c(2987): warning: unsafe buffer access [-Wunsafe-buffer-usage]
 2987 |                 if( listIS_CONTAINED_WITHIN( &( pxReadyTasksLists[ uxPriorityUsedOnEntry ] ), &( pxTCB->xStateListItem ) ) != pdFALSE )
      |                                                 ^~~~~~~~~~~~~~~~~
../Middlewares/FreeRTOS/include\list.h(414): note: expanded from macro 'listIS_CONTAINED_WITHIN'
  414 | #define listIS_CONTAINED_WITHIN( pxList, pxListItem )    ( ( ( pxListItem )->pxContainer == ( pxList ) ) ? ( pdTRUE ) : ( pdFALSE ) )
      |                                                                                               ^~~~~~
32../Middlewares/FreeRTOS/tasks.c(3004): warning: unsafe buffer access [-Wunsafe-buffer-usage]
 3004 |                     prvAddTaskToReadyList( pxTCB );
      |                     ^~~~~~~~~~~~~~~~~~~~~~~~~~~~~~
../Middlewares/FreeRTOS/tasks.c(291): note: expanded from macro 'prvAddTaskToReadyList'
  291 |         listINSERT_END( &( pxReadyTasksLists[ ( pxTCB )->uxPriority ] ), &( ( pxTCB )->xStateListItem ) ); \
      |                            ^~~~~~~~~~~~~~~~~
../Middlewares/FreeRTOS/include\list.h(364): note: expanded from macro 'listINSERT_END'
  364 |         ListItem_t * const pxIndex = ( pxList )->pxIndex; \
      |                                        ^~~~~~
../Middlewares/FreeRTOS/tasks.c(3004): warning: unsafe buffer access [-Wunsafe-buffer-usage]
 3004 |                     prvAddTaskToReadyList( pxTCB );
      |                     ^~~~~~~~~~~~~~~~~~~~~~~~~~~~~~
../Middlewares/FreeRTOS/tasks.c(291): note: expanded from macro 'prvAddTaskToReadyList'
  291 |         listINSERT_END( &( pxReadyTasksLists[ ( pxTCB )->uxPriority ] ), &( ( pxTCB )->xStateListItem ) ); \
      |                            ^~~~~~~~~~~~~~~~~
../Middlewares/FreeRTOS/include\list.h(382): note: expanded from macro 'listINSERT_END'
  382 |         ( pxNewListItem )->pxContainer = ( pxList );                                                \
      |                                            ^~~~~~
../Middlewares/FreeRTOS/tasks.c(3004): warning: unsafe buffer access [-Wunsafe-buffer-usage]
 3004 |                     prvAddTaskToReadyList( pxTCB );
      |                     ^~~~~~~~~~~~~~~~~~~~~~~~~~~~~~
34../Middlewares/FreeRTOS/tasks.c(291): note: expanded from macro 'prvAddTaskToReadyList'
  291 |         listINSERT_END( &( pxReadyTasksLists[ ( pxTCB )->uxPriority ] ), &( ( pxTCB )->xStateListItem ) ); \
      |                            ^~~~~~~~~~~~~~~~~
../Middlewares/FreeRTOS/include\list.h(384): note: expanded from macro 'listINSERT_END'
  384 |         ( ( pxList )->uxNumberOfItems ) = ( UBaseType_t ) ( ( ( pxList )->uxNumberOfItems ) + 1U ); \
      |             ^~~~~~
../Middlewares/FreeRTOS/tasks.c(3004): warning: unsafe buffer access [-Wunsafe-buffer-usage]
 3004 |                     prvAddTaskToReadyList( pxTCB );
      |                     ^~~~~~~~~~~~~~~~~~~~~~~~~~~~~~
../Middlewares/FreeRTOS/tasks.c(291): note: expanded from macro 'prvAddTaskToReadyList'
  291 |         listINSERT_END( &( pxReadyTasksLists[ ( pxTCB )->uxPriority ] ), &( ( pxTCB )->xStateListItem ) ); \
      |                            ^~~~~~~~~~~~~~~~~
../Middlewares/FreeRTOS/include\list.h(384): note: expanded from macro 'listINSERT_END'
  384 |         ( ( pxList )->uxNumberOfItems ) = ( UBaseType_t ) ( ( ( pxList )->uxNumberOfItems ) + 1U ); \
      |                                                                 ^~~~~~
../Middlewares/FreeRTOS/tasks.c(3216): warning: unsafe buffer access [-Wunsafe-buffer-usage]
 3216 |                 taskRESET_READY_PRIORITY( pxTCB->uxPriority );
      |                 ^~~~~~~~~~~~~~~~~~~~~~~~~~~~~~~~~~~~~~~~~~~~~
../Middlewares/FreeRTOS/tasks.c(255): note: expanded from macro 'taskRESET_READY_PRIORITY'
  255 |         if( listCURRENT_LIST_LENGTH( &( pxReadyTasksLists[ ( uxPriority ) ] ) ) == ( UBaseType_t ) 0 ) \
      |                                         ^~~~~~~~~~~~~~~~~
36../Middlewares/FreeRTOS/include\list.h(263): note: expanded from macro 'listCURRENT_LIST_LENGTH'
  263 | #define listCURRENT_LIST_LENGTH( pxList )                 ( ( pxList )->uxNumberOfItems )
      |                                                               ^~~~~~
../Middlewares/FreeRTOS/tasks.c(3241): warning: unsafe buffer access [-Wunsafe-buffer-usage]
 3241 |                     if( pxTCB->ucNotifyState[ x ] == taskWAITING_NOTIFICATION )
      |                         ^~~~~~~~~~~~~~~~~~~~
../Middlewares/FreeRTOS/tasks.c(3245): warning: unsafe buffer access [-Wunsafe-buffer-usage]
 3245 |                         pxTCB->ucNotifyState[ x ] = taskNOT_WAITING_NOTIFICATION;
      |                         ^~~~~~~~~~~~~~~~~~~~
../Middlewares/FreeRTOS/tasks.c(3394): warning: unsafe buffer access [-Wunsafe-buffer-usage]
 3394 |                             if( pxTCB->ucNotifyState[ x ] == taskWAITING_NOTIFICATION )
      |                                 ^~~~~~~~~~~~~~~~~~~~
../Middlewares/FreeRTOS/tasks.c(3463): warning: unsafe buffer access [-Wunsafe-buffer-usage]
 3463 |                     prvAddTaskToReadyList( pxTCB );
      |                     ^~~~~~~~~~~~~~~~~~~~~~~~~~~~~~
../Middlewares/FreeRTOS/tasks.c(291): note: expanded from macro 'prvAddTaskToReadyList'
  291 |         listINSERT_END( &( pxReadyTasksLists[ ( pxTCB )->uxPriority ] ), &( ( pxTCB )->xStateListItem ) ); \
      |                            ^~~~~~~~~~~~~~~~~
../Middlewares/FreeRTOS/include\list.h(364): note: expanded from macro 'listINSERT_END'
  364 |         ListItem_t * const pxIndex = ( pxList )->pxIndex; \
      |                                        ^~~~~~
38../Middlewares/FreeRTOS/tasks.c(3463): warning: unsafe buffer access [-Wunsafe-buffer-usage]
 3463 |                     prvAddTaskToReadyList( pxTCB );
      |                     ^~~~~~~~~~~~~~~~~~~~~~~~~~~~~~
../Middlewares/FreeRTOS/tasks.c(291): note: expanded from macro 'prvAddTaskToReadyList'
  291 |         listINSERT_END( &( pxReadyTasksLists[ ( pxTCB )->uxPriority ] ), &( ( pxTCB )->xStateListItem ) ); \
      |                            ^~~~~~~~~~~~~~~~~
../Middlewares/FreeRTOS/include\list.h(382): note: expanded from macro 'listINSERT_END'
  382 |         ( pxNewListItem )->pxContainer = ( pxList );                                                \
      |                                            ^~~~~~
../Middlewares/FreeRTOS/tasks.c(3463): warning: unsafe buffer access [-Wunsafe-buffer-usage]
 3463 |                     prvAddTaskToReadyList( pxTCB );
      |                     ^~~~~~~~~~~~~~~~~~~~~~~~~~~~~~
../Middlewares/FreeRTOS/tasks.c(291): note: expanded from macro 'prvAddTaskToReadyList'
  291 |         listINSERT_END( &( pxReadyTasksLists[ ( pxTCB )->uxPriority ] ), &( ( pxTCB )->xStateListItem ) ); \
      |                            ^~~~~~~~~~~~~~~~~
../Middlewares/FreeRTOS/include\list.h(384): note: expanded from macro 'listINSERT_END'
  384 |         ( ( pxList )->uxNumberOfItems ) = ( UBaseType_t ) ( ( ( pxList )->uxNumberOfItems ) + 1U ); \
      |             ^~~~~~
../Middlewares/FreeRTOS/tasks.c(3463): warning: unsafe buffer access [-Wunsafe-buffer-usage]
 3463 |                     prvAddTaskToReadyList( pxTCB );
      |                     ^~~~~~~~~~~~~~~~~~~~~~~~~~~~~~
40../Middlewares/FreeRTOS/tasks.c(291): note: expanded from macro 'prvAddTaskToReadyList'
  291 |         listINSERT_END( &( pxReadyTasksLists[ ( pxTCB )->uxPriority ] ), &( ( pxTCB )->xStateListItem ) ); \
      |                            ^~~~~~~~~~~~~~~~~
../Middlewares/FreeRTOS/include\list.h(384): note: expanded from macro 'listINSERT_END'
  384 |         ( ( pxList )->uxNumberOfItems ) = ( UBaseType_t ) ( ( ( pxList )->uxNumberOfItems ) + 1U ); \
      |                                                                 ^~~~~~
../Middlewares/FreeRTOS/tasks.c(3552): warning: unsafe buffer access [-Wunsafe-buffer-usage]
 3552 |                     prvAddTaskToReadyList( pxTCB );
      |                     ^~~~~~~~~~~~~~~~~~~~~~~~~~~~~~
../Middlewares/FreeRTOS/tasks.c(291): note: expanded from macro 'prvAddTaskToReadyList'
  291 |         listINSERT_END( &( pxReadyTasksLists[ ( pxTCB )->uxPriority ] ), &( ( pxTCB )->xStateListItem ) ); \
      |                            ^~~~~~~~~~~~~~~~~
../Middlewares/FreeRTOS/include\list.h(364): note: expanded from macro 'listINSERT_END'
  364 |         ListItem_t * const pxIndex = ( pxList )->pxIndex; \
      |                                        ^~~~~~
../Middlewares/FreeRTOS/tasks.c(3552): warning: unsafe buffer access [-Wunsafe-buffer-usage]
 3552 |                     prvAddTaskToReadyList( pxTCB );
      |                     ^~~~~~~~~~~~~~~~~~~~~~~~~~~~~~
../Middlewares/FreeRTOS/tasks.c(291): note: expanded from macro 'prvAddTaskToReadyList'
  291 |         listINSERT_END( &( pxReadyTasksLists[ ( pxTCB )->uxPriority ] ), &( ( pxTCB )->xStateListItem ) ); \
      |                            ^~~~~~~~~~~~~~~~~
42../Middlewares/FreeRTOS/include\list.h(382): note: expanded from macro 'listINSERT_END'
  382 |         ( pxNewListItem )->pxContainer = ( pxList );                                                \
      |                                            ^~~~~~
../Middlewares/FreeRTOS/tasks.c(3552): warning: unsafe buffer access [-Wunsafe-buffer-usage]
 3552 |                     prvAddTaskToReadyList( pxTCB );
      |                     ^~~~~~~~~~~~~~~~~~~~~~~~~~~~~~
../Middlewares/FreeRTOS/tasks.c(291): note: expanded from macro 'prvAddTaskToReadyList'
  291 |         listINSERT_END( &( pxReadyTasksLists[ ( pxTCB )->uxPriority ] ), &( ( pxTCB )->xStateListItem ) ); \
      |                            ^~~~~~~~~~~~~~~~~
../Middlewares/FreeRTOS/include\list.h(384): note: expanded from macro 'listINSERT_END'
  384 |         ( ( pxList )->uxNumberOfItems ) = ( UBaseType_t ) ( ( ( pxList )->uxNumberOfItems ) + 1U ); \
      |             ^~~~~~
../Middlewares/FreeRTOS/tasks.c(3552): warning: unsafe buffer access [-Wunsafe-buffer-usage]
 3552 |                     prvAddTaskToReadyList( pxTCB );
      |                     ^~~~~~~~~~~~~~~~~~~~~~~~~~~~~~
../Middlewares/FreeRTOS/tasks.c(291): note: expanded from macro 'prvAddTaskToReadyList'
  291 |         listINSERT_END( &( pxReadyTasksLists[ ( pxTCB )->uxPriority ] ), &( ( pxTCB )->xStateListItem ) ); \
      |                            ^~~~~~~~~~~~~~~~~
../Middlewares/FreeRTOS/include\list.h(384): note: expanded from macro 'listINSERT_END'
  384 |         ( ( pxList )->uxNumberOfItems ) = ( UBaseType_t ) ( ( ( pxList )->uxNumberOfItems ) + 1U ); \
44      |                                                                 ^~~~~~
../Middlewares/FreeRTOS/tasks.c(3604): warning: unsafe buffer access [-Wunsafe-buffer-usage]
 3604 |         cIdleName[ xIdleTaskNameIndex ] = configIDLE_TASK_NAME[ xIdleTaskNameIndex ];
      |         ^~~~~~~~~
../Middlewares/FreeRTOS/tasks.c(3604): warning: unsafe buffer access [-Wunsafe-buffer-usage]
 3604 |         cIdleName[ xIdleTaskNameIndex ] = configIDLE_TASK_NAME[ xIdleTaskNameIndex ];
      |                                           ^~~~~~~~~~~~~~~~~~~~
../Middlewares/FreeRTOS/tasks.c(159): note: expanded from macro 'configIDLE_TASK_NAME'
  159 |     #define configIDLE_TASK_NAME    "IDLE"
      |                                     ^~~~~~
../Middlewares/FreeRTOS/tasks.c(3606): warning: unsafe buffer access [-Wunsafe-buffer-usage]
 3606 |         if( cIdleName[ xIdleTaskNameIndex ] == ( char ) 0x00 )
      |             ^~~~~~~~~
../Middlewares/FreeRTOS/tasks.c(3617): warning: unsafe buffer access [-Wunsafe-buffer-usage]
 3617 |     cIdleName[ xIdleTaskNameIndex ] = '\0';
      |     ^~~~~~~~~
../Middlewares/FreeRTOS/tasks.c(3707): warning: unsafe buffer access [-Wunsafe-buffer-usage]
 3707 |                                    &xIdleTaskHandles[ xCoreID ] );
      |                                     ^~~~~~~~~~~~~~~~
../Middlewares/FreeRTOS/tasks.c(3865): warning: unsafe buffer access [-Wunsafe-buffer-usage]
 3865 |             vTaskDelete( xIdleTaskHandles[ xCoreID ] );
      |                          ^~~~~~~~~~~~~~~~
../Middlewares/FreeRTOS/tasks.c(4106): warning: unsafe buffer access [-Wunsafe-buffer-usage]
 4106 |                         prvAddTaskToReadyList( pxTCB );
46      |                         ^~~~~~~~~~~~~~~~~~~~~~~~~~~~~~
../Middlewares/FreeRTOS/tasks.c(291): note: expanded from macro 'prvAddTaskToReadyList'
  291 |         listINSERT_END( &( pxReadyTasksLists[ ( pxTCB )->uxPriority ] ), &( ( pxTCB )->xStateListItem ) ); \
      |                            ^~~~~~~~~~~~~~~~~
../Middlewares/FreeRTOS/include\list.h(364): note: expanded from macro 'listINSERT_END'
  364 |         ListItem_t * const pxIndex = ( pxList )->pxIndex; \
      |                                        ^~~~~~
../Middlewares/FreeRTOS/tasks.c(4106): warning: unsafe buffer access [-Wunsafe-buffer-usage]
 4106 |                         prvAddTaskToReadyList( pxTCB );
      |                         ^~~~~~~~~~~~~~~~~~~~~~~~~~~~~~
../Middlewares/FreeRTOS/tasks.c(291): note: expanded from macro 'prvAddTaskToReadyList'
  291 |         listINSERT_END( &( pxReadyTasksLists[ ( pxTCB )->uxPriority ] ), &( ( pxTCB )->xStateListItem ) ); \
      |                            ^~~~~~~~~~~~~~~~~
../Middlewares/FreeRTOS/include\list.h(382): note: expanded from macro 'listINSERT_END'
  382 |         ( pxNewListItem )->pxContainer = ( pxList );                                                \
      |                                            ^~~~~~
../Middlewares/FreeRTOS/tasks.c(4106): warning: unsafe buffer access [-Wunsafe-buffer-usage]
 4106 |                         prvAddTaskToReadyList( pxTCB );
      |                         ^~~~~~~~~~~~~~~~~~~~~~~~~~~~~~
../Middlewares/FreeRTOS/tasks.c(291): note: expanded from macro 'prvAddTaskToReadyList'
48  291 |         listINSERT_END( &( pxReadyTasksLists[ ( pxTCB )->uxPriority ] ), &( ( pxTCB )->xStateListItem ) ); \
      |                            ^~~~~~~~~~~~~~~~~
../Middlewares/FreeRTOS/include\list.h(384): note: expanded from macro 'listINSERT_END'
  384 |         ( ( pxList )->uxNumberOfItems ) = ( UBaseType_t ) ( ( ( pxList )->uxNumberOfItems ) + 1U ); \
      |             ^~~~~~
../Middlewares/FreeRTOS/tasks.c(4106): warning: unsafe buffer access [-Wunsafe-buffer-usage]
 4106 |                         prvAddTaskToReadyList( pxTCB );
      |                         ^~~~~~~~~~~~~~~~~~~~~~~~~~~~~~
../Middlewares/FreeRTOS/tasks.c(291): note: expanded from macro 'prvAddTaskToReadyList'
  291 |         listINSERT_END( &( pxReadyTasksLists[ ( pxTCB )->uxPriority ] ), &( ( pxTCB )->xStateListItem ) ); \
      |                            ^~~~~~~~~~~~~~~~~
../Middlewares/FreeRTOS/include\list.h(384): note: expanded from macro 'listINSERT_END'
  384 |         ( ( pxList )->uxNumberOfItems ) = ( UBaseType_t ) ( ( ( pxList )->uxNumberOfItems ) + 1U ); \
      |                                                                 ^~~~~~
../Middlewares/FreeRTOS/tasks.c(4114): warning: unsafe buffer access [-Wunsafe-buffer-usage]
 4114 |                                 xYieldPendings[ xCoreID ] = pdTRUE;
      |                                 ^~~~~~~~~~~~~~
../Middlewares/FreeRTOS/tasks.c(4161): warning: unsafe buffer access [-Wunsafe-buffer-usage]
 4161 |                                     xYieldPendings[ xCoreID ] = pdTRUE;
      |                                     ^~~~~~~~~~~~~~
../Middlewares/FreeRTOS/tasks.c(4179): warning: unsafe buffer access [-Wunsafe-buffer-usage]
50 4179 |                     if( xYieldPendings[ xCoreID ] != pdFALSE )
      |                         ^~~~~~~~~~~~~~
../Middlewares/FreeRTOS/tasks.c(4649): warning: unsafe buffer access [-Wunsafe-buffer-usage]
 4649 |         configASSERT( ( xIdleTaskHandles[ xCoreID ] != NULL ) );
      |                         ^~~~~~~~~~~~~~~~
../Middlewares/FreeRTOS\FreeRTOSConfig.h(54): note: expanded from macro 'configASSERT'
   54 |     if ((x) == 0) { taskDISABLE_INTERRUPTS(); for (;;) { } }
      |          ^
../Middlewares/FreeRTOS/tasks.c(4653): warning: unsafe buffer access [-Wunsafe-buffer-usage]
 4653 |         return xIdleTaskHandles[ xCoreID ];
      |                ^~~~~~~~~~~~~~~~
../Middlewares/FreeRTOS/tasks.c(4928): warning: unsafe buffer access [-Wunsafe-buffer-usage]
 4928 |                     prvAddTaskToReadyList( pxTCB );
      |                     ^~~~~~~~~~~~~~~~~~~~~~~~~~~~~~
../Middlewares/FreeRTOS/tasks.c(291): note: expanded from macro 'prvAddTaskToReadyList'
  291 |         listINSERT_END( &( pxReadyTasksLists[ ( pxTCB )->uxPriority ] ), &( ( pxTCB )->xStateListItem ) ); \
      |                            ^~~~~~~~~~~~~~~~~
../Middlewares/FreeRTOS/include\list.h(364): note: expanded from macro 'listINSERT_END'
  364 |         ListItem_t * const pxIndex = ( pxList )->pxIndex; \
      |                                        ^~~~~~
../Middlewares/FreeRTOS/tasks.c(4928): warning: unsafe buffer access [-Wunsafe-buffer-usage]
 4928 |                     prvAddTaskToReadyList( pxTCB );
      |                     ^~~~~~~~~~~~~~~~~~~~~~~~~~~~~~
../Middlewares/FreeRTOS/tasks.c(291): note: expanded from macro 'prvAddTaskToReadyList'
52  291 |         listINSERT_END( &( pxReadyTasksLists[ ( pxTCB )->uxPriority ] ), &( ( pxTCB )->xStateListItem ) ); \
      |                            ^~~~~~~~~~~~~~~~~
../Middlewares/FreeRTOS/include\list.h(382): note: expanded from macro 'listINSERT_END'
  382 |         ( pxNewListItem )->pxContainer = ( pxList );                                                \
      |                                            ^~~~~~
../Middlewares/FreeRTOS/tasks.c(4928): warning: unsafe buffer access [-Wunsafe-buffer-usage]
 4928 |                     prvAddTaskToReadyList( pxTCB );
      |                     ^~~~~~~~~~~~~~~~~~~~~~~~~~~~~~
../Middlewares/FreeRTOS/tasks.c(291): note: expanded from macro 'prvAddTaskToReadyList'
  291 |         listINSERT_END( &( pxReadyTasksLists[ ( pxTCB )->uxPriority ] ), &( ( pxTCB )->xStateListItem ) ); \
      |                            ^~~~~~~~~~~~~~~~~
../Middlewares/FreeRTOS/include\list.h(384): note: expanded from macro 'listINSERT_END'
  384 |         ( ( pxList )->uxNumberOfItems ) = ( UBaseType_t ) ( ( ( pxList )->uxNumberOfItems ) + 1U ); \
      |             ^~~~~~
../Middlewares/FreeRTOS/tasks.c(4928): warning: unsafe buffer access [-Wunsafe-buffer-usage]
 4928 |                     prvAddTaskToReadyList( pxTCB );
      |                     ^~~~~~~~~~~~~~~~~~~~~~~~~~~~~~
../Middlewares/FreeRTOS/tasks.c(291): note: expanded from macro 'prvAddTaskToReadyList'
  291 |         listINSERT_END( &( pxReadyTasksLists[ ( pxTCB )->uxPriority ] ), &( ( pxTCB )->xStateListItem ) ); \
      |                            ^~~~~~~~~~~~~~~~~
../Middlewares/FreeRTOS/include\list.h(384): note: expanded from macro 'listINSERT_END'
54  384 |         ( ( pxList )->uxNumberOfItems ) = ( UBaseType_t ) ( ( ( pxList )->uxNumberOfItems ) + 1U ); \
      |                                                                 ^~~~~~
../Middlewares/FreeRTOS/tasks.c(4971): warning: unsafe buffer access [-Wunsafe-buffer-usage]
 4971 |                 if( listCURRENT_LIST_LENGTH( &( pxReadyTasksLists[ pxCurrentTCB->uxPriority ] ) ) > 1U )
      |                                                 ^~~~~~~~~~~~~~~~~
../Middlewares/FreeRTOS/include\list.h(263): note: expanded from macro 'listCURRENT_LIST_LENGTH'
  263 | #define listCURRENT_LIST_LENGTH( pxList )                 ( ( pxList )->uxNumberOfItems )
      |                                                               ^~~~~~
../Middlewares/FreeRTOS/tasks.c(5259): warning: unsafe pointer arithmetic [-Wunsafe-buffer-usage]
 5259 |             taskCHECK_FOR_STACK_OVERFLOW();
      |             ^~~~~~~~~~~~~~~~~~~~~~~~~~~~~~
../Middlewares/FreeRTOS/include\stack_macros.h(109): note: expanded from macro 'taskCHECK_FOR_STACK_OVERFLOW'
  109 |         if( ( pxCurrentTCB->pxTopOfStack <= pxCurrentTCB->pxStack + portSTACK_LIMIT_PADDING ) || \
      |                                             ^~~~~~~~~~~~~~~~~~~~~
../Middlewares/FreeRTOS/tasks.c(5259): warning: unsafe buffer access [-Wunsafe-buffer-usage]
 5259 |             taskCHECK_FOR_STACK_OVERFLOW();
      |             ^~~~~~~~~~~~~~~~~~~~~~~~~~~~~~
../Middlewares/FreeRTOS/include\stack_macros.h(111): note: expanded from macro 'taskCHECK_FOR_STACK_OVERFLOW'
  111 |             ( pulStack[ 1 ] != ulCheckValue ) ||                                                 \
      |               ^~~~~~~~
56../Middlewares/FreeRTOS/tasks.c(5259): warning: unsafe buffer access [-Wunsafe-buffer-usage]
 5259 |             taskCHECK_FOR_STACK_OVERFLOW();
      |             ^~~~~~~~~~~~~~~~~~~~~~~~~~~~~~
../Middlewares/FreeRTOS/include\stack_macros.h(112): note: expanded from macro 'taskCHECK_FOR_STACK_OVERFLOW'
  112 |             ( pulStack[ 2 ] != ulCheckValue ) ||                                                 \
      |               ^~~~~~~~
../Middlewares/FreeRTOS/tasks.c(5259): warning: unsafe buffer access [-Wunsafe-buffer-usage]
 5259 |             taskCHECK_FOR_STACK_OVERFLOW();
      |             ^~~~~~~~~~~~~~~~~~~~~~~~~~~~~~
../Middlewares/FreeRTOS/include\stack_macros.h(113): note: expanded from macro 'taskCHECK_FOR_STACK_OVERFLOW'
  113 |             ( pulStack[ 3 ] != ulCheckValue ) )                                                  \
      |               ^~~~~~~~
../Middlewares/FreeRTOS/tasks.c(5273): warning: unsafe buffer access [-Wunsafe-buffer-usage]
 5273 |             taskSELECT_HIGHEST_PRIORITY_TASK();
      |             ^~~~~~~~~~~~~~~~~~~~~~~~~~~~~~~~~~
../Middlewares/FreeRTOS/tasks.c(244): note: expanded from macro 'taskSELECT_HIGHEST_PRIORITY_TASK'
  244 |         configASSERT( listCURRENT_LIST_LENGTH( &( pxReadyTasksLists[ uxTopPriority ] ) ) > 0 ); \
      |                                                   ^~~~~~~~~~~~~~~~~
../Middlewares/FreeRTOS/include\list.h(263): note: expanded from macro 'listCURRENT_LIST_LENGTH'
  263 | #define listCURRENT_LIST_LENGTH( pxList )                 ( ( pxList )->uxNumberOfItems )
      |                                                               ^~~~~~
58../Middlewares/FreeRTOS\FreeRTOSConfig.h(54): note: expanded from macro 'configASSERT'
   54 |     if ((x) == 0) { taskDISABLE_INTERRUPTS(); for (;;) { } }
      |          ^
../Middlewares/FreeRTOS/tasks.c(5273): warning: unsafe buffer access [-Wunsafe-buffer-usage]
 5273 |             taskSELECT_HIGHEST_PRIORITY_TASK();
      |             ^~~~~~~~~~~~~~~~~~~~~~~~~~~~~~~~~~
../Middlewares/FreeRTOS/tasks.c(245): note: expanded from macro 'taskSELECT_HIGHEST_PRIORITY_TASK'
  245 |         listGET_OWNER_OF_NEXT_ENTRY( pxCurrentTCB, &( pxReadyTasksLists[ uxTopPriority ] ) );   \
      |                                                       ^~~~~~~~~~~~~~~~~
../Middlewares/FreeRTOS/include\list.h(288): note: expanded from macro 'listGET_OWNER_OF_NEXT_ENTRY'
  288 |         List_t * const pxConstList = ( pxList );                                               \
      |                                        ^~~~~~
../Middlewares/FreeRTOS/tasks.c(5530): warning: unsafe buffer access [-Wunsafe-buffer-usage]
 5530 |         prvAddTaskToReadyList( pxUnblockedTCB );
      |         ^~~~~~~~~~~~~~~~~~~~~~~~~~~~~~~~~~~~~~~
../Middlewares/FreeRTOS/tasks.c(291): note: expanded from macro 'prvAddTaskToReadyList'
  291 |         listINSERT_END( &( pxReadyTasksLists[ ( pxTCB )->uxPriority ] ), &( ( pxTCB )->xStateListItem ) ); \
      |                            ^~~~~~~~~~~~~~~~~
../Middlewares/FreeRTOS/include\list.h(364): note: expanded from macro 'listINSERT_END'
  364 |         ListItem_t * const pxIndex = ( pxList )->pxIndex; \
      |                                        ^~~~~~
60../Middlewares/FreeRTOS/tasks.c(5530): warning: unsafe buffer access [-Wunsafe-buffer-usage]
 5530 |         prvAddTaskToReadyList( pxUnblockedTCB );
      |         ^~~~~~~~~~~~~~~~~~~~~~~~~~~~~~~~~~~~~~~
../Middlewares/FreeRTOS/tasks.c(291): note: expanded from macro 'prvAddTaskToReadyList'
  291 |         listINSERT_END( &( pxReadyTasksLists[ ( pxTCB )->uxPriority ] ), &( ( pxTCB )->xStateListItem ) ); \
      |                            ^~~~~~~~~~~~~~~~~
../Middlewares/FreeRTOS/include\list.h(382): note: expanded from macro 'listINSERT_END'
  382 |         ( pxNewListItem )->pxContainer = ( pxList );                                                \
      |                                            ^~~~~~
../Middlewares/FreeRTOS/tasks.c(5530): warning: unsafe buffer access [-Wunsafe-buffer-usage]
 5530 |         prvAddTaskToReadyList( pxUnblockedTCB );
      |         ^~~~~~~~~~~~~~~~~~~~~~~~~~~~~~~~~~~~~~~
../Middlewares/FreeRTOS/tasks.c(291): note: expanded from macro 'prvAddTaskToReadyList'
  291 |         listINSERT_END( &( pxReadyTasksLists[ ( pxTCB )->uxPriority ] ), &( ( pxTCB )->xStateListItem ) ); \
      |                            ^~~~~~~~~~~~~~~~~
../Middlewares/FreeRTOS/include\list.h(384): note: expanded from macro 'listINSERT_END'
  384 |         ( ( pxList )->uxNumberOfItems ) = ( UBaseType_t ) ( ( ( pxList )->uxNumberOfItems ) + 1U ); \
      |             ^~~~~~
../Middlewares/FreeRTOS/tasks.c(5530): warning: unsafe buffer access [-Wunsafe-buffer-usage]
 5530 |         prvAddTaskToReadyList( pxUnblockedTCB );
      |         ^~~~~~~~~~~~~~~~~~~~~~~~~~~~~~~~~~~~~~~
../Middlewares/FreeRTOS/tasks.c(291): note: expanded from macro 'prvAddTaskToReadyList'
62  291 |         listINSERT_END( &( pxReadyTasksLists[ ( pxTCB )->uxPriority ] ), &( ( pxTCB )->xStateListItem ) ); \
      |                            ^~~~~~~~~~~~~~~~~
../Middlewares/FreeRTOS/include\list.h(384): note: expanded from macro 'listINSERT_END'
  384 |         ( ( pxList )->uxNumberOfItems ) = ( UBaseType_t ) ( ( ( pxList )->uxNumberOfItems ) + 1U ); \
      |                                                                 ^~~~~~
../Middlewares/FreeRTOS/tasks.c(5634): warning: unsafe buffer access [-Wunsafe-buffer-usage]
 5634 |     prvAddTaskToReadyList( pxUnblockedTCB );
      |     ^~~~~~~~~~~~~~~~~~~~~~~~~~~~~~~~~~~~~~~
../Middlewares/FreeRTOS/tasks.c(291): note: expanded from macro 'prvAddTaskToReadyList'
  291 |         listINSERT_END( &( pxReadyTasksLists[ ( pxTCB )->uxPriority ] ), &( ( pxTCB )->xStateListItem ) ); \
      |                            ^~~~~~~~~~~~~~~~~
../Middlewares/FreeRTOS/include\list.h(364): note: expanded from macro 'listINSERT_END'
  364 |         ListItem_t * const pxIndex = ( pxList )->pxIndex; \
      |                                        ^~~~~~
../Middlewares/FreeRTOS/tasks.c(5634): warning: unsafe buffer access [-Wunsafe-buffer-usage]
 5634 |     prvAddTaskToReadyList( pxUnblockedTCB );
      |     ^~~~~~~~~~~~~~~~~~~~~~~~~~~~~~~~~~~~~~~
../Middlewares/FreeRTOS/tasks.c(291): note: expanded from macro 'prvAddTaskToReadyList'
  291 |         listINSERT_END( &( pxReadyTasksLists[ ( pxTCB )->uxPriority ] ), &( ( pxTCB )->xStateListItem ) ); \
      |                            ^~~~~~~~~~~~~~~~~
../Middlewares/FreeRTOS/include\list.h(382): note: expanded from macro 'listINSERT_END'
64  382 |         ( pxNewListItem )->pxContainer = ( pxList );                                                \
      |                                            ^~~~~~
../Middlewares/FreeRTOS/tasks.c(5634): warning: unsafe buffer access [-Wunsafe-buffer-usage]
 5634 |     prvAddTaskToReadyList( pxUnblockedTCB );
      |     ^~~~~~~~~~~~~~~~~~~~~~~~~~~~~~~~~~~~~~~
../Middlewares/FreeRTOS/tasks.c(291): note: expanded from macro 'prvAddTaskToReadyList'
  291 |         listINSERT_END( &( pxReadyTasksLists[ ( pxTCB )->uxPriority ] ), &( ( pxTCB )->xStateListItem ) ); \
      |                            ^~~~~~~~~~~~~~~~~
../Middlewares/FreeRTOS/include\list.h(384): note: expanded from macro 'listINSERT_END'
  384 |         ( ( pxList )->uxNumberOfItems ) = ( UBaseType_t ) ( ( ( pxList )->uxNumberOfItems ) + 1U ); \
      |             ^~~~~~
../Middlewares/FreeRTOS/tasks.c(5634): warning: unsafe buffer access [-Wunsafe-buffer-usage]
 5634 |     prvAddTaskToReadyList( pxUnblockedTCB );
      |     ^~~~~~~~~~~~~~~~~~~~~~~~~~~~~~~~~~~~~~~
../Middlewares/FreeRTOS/tasks.c(291): note: expanded from macro 'prvAddTaskToReadyList'
  291 |         listINSERT_END( &( pxReadyTasksLists[ ( pxTCB )->uxPriority ] ), &( ( pxTCB )->xStateListItem ) ); \
      |                            ^~~~~~~~~~~~~~~~~
../Middlewares/FreeRTOS/include\list.h(384): note: expanded from macro 'listINSERT_END'
  384 |         ( ( pxList )->uxNumberOfItems ) = ( UBaseType_t ) ( ( ( pxList )->uxNumberOfItems ) + 1U ); \
      |                                                                 ^~~~~~
../Middlewares/FreeRTOS/tasks.c(5958): warning: unsafe buffer access [-Wunsafe-buffer-usage]
66 5958 |             if( listCURRENT_LIST_LENGTH( &( pxReadyTasksLists[ tskIDLE_PRIORITY ] ) ) > ( UBaseType_t ) configNUMBER_OF_CORES )
      |                                             ^~~~~~~~~~~~~~~~~
../Middlewares/FreeRTOS/include\list.h(263): note: expanded from macro 'listCURRENT_LIST_LENGTH'
  263 | #define listCURRENT_LIST_LENGTH( pxList )                 ( ( pxList )->uxNumberOfItems )
      |                                                               ^~~~~~
../Middlewares/FreeRTOS/tasks.c(6181): warning: unsafe buffer access [-Wunsafe-buffer-usage]
 6181 |         vListInitialise( &( pxReadyTasksLists[ uxPriority ] ) );
      |                             ^~~~~~~~~~~~~~~~~
../Middlewares/FreeRTOS/tasks.c(6476): warning: unsafe pointer arithmetic [-Wunsafe-buffer-usage]
 6476 |             pucStackByte -= portSTACK_GROWTH;
      |             ^~~~~~~~~~~~
../Middlewares/FreeRTOS/tasks.c(6775): warning: unsafe buffer access [-Wunsafe-buffer-usage]
 6775 |                 if( listIS_CONTAINED_WITHIN( &( pxReadyTasksLists[ pxMutexHolderTCB->uxPriority ] ), &( pxMutexHolderTCB->xStateListItem ) ) != pdFALSE )
      |                                                 ^~~~~~~~~~~~~~~~~
../Middlewares/FreeRTOS/include\list.h(414): note: expanded from macro 'listIS_CONTAINED_WITHIN'
  414 | #define listIS_CONTAINED_WITHIN( pxList, pxListItem )    ( ( ( pxListItem )->pxContainer == ( pxList ) ) ? ( pdTRUE ) : ( pdFALSE ) )
      |                                                                                               ^~~~~~
../Middlewares/FreeRTOS/tasks.c(6791): warning: unsafe buffer access [-Wunsafe-buffer-usage]
68 6791 |                     prvAddTaskToReadyList( pxMutexHolderTCB );
      |                     ^~~~~~~~~~~~~~~~~~~~~~~~~~~~~~~~~~~~~~~~~
../Middlewares/FreeRTOS/tasks.c(291): note: expanded from macro 'prvAddTaskToReadyList'
  291 |         listINSERT_END( &( pxReadyTasksLists[ ( pxTCB )->uxPriority ] ), &( ( pxTCB )->xStateListItem ) ); \
      |                            ^~~~~~~~~~~~~~~~~
../Middlewares/FreeRTOS/include\list.h(364): note: expanded from macro 'listINSERT_END'
  364 |         ListItem_t * const pxIndex = ( pxList )->pxIndex; \
      |                                        ^~~~~~
../Middlewares/FreeRTOS/tasks.c(6791): warning: unsafe buffer access [-Wunsafe-buffer-usage]
 6791 |                     prvAddTaskToReadyList( pxMutexHolderTCB );
      |                     ^~~~~~~~~~~~~~~~~~~~~~~~~~~~~~~~~~~~~~~~~
../Middlewares/FreeRTOS/tasks.c(291): note: expanded from macro 'prvAddTaskToReadyList'
  291 |         listINSERT_END( &( pxReadyTasksLists[ ( pxTCB )->uxPriority ] ), &( ( pxTCB )->xStateListItem ) ); \
      |                            ^~~~~~~~~~~~~~~~~
../Middlewares/FreeRTOS/include\list.h(382): note: expanded from macro 'listINSERT_END'
  382 |         ( pxNewListItem )->pxContainer = ( pxList );                                                \
      |                                            ^~~~~~
../Middlewares/FreeRTOS/tasks.c(6791): warning: unsafe buffer access [-Wunsafe-buffer-usage]
 6791 |                     prvAddTaskToReadyList( pxMutexHolderTCB );
      |                     ^~~~~~~~~~~~~~~~~~~~~~~~~~~~~~~~~~~~~~~~~
../Middlewares/FreeRTOS/tasks.c(291): note: expanded from macro 'prvAddTaskToReadyList'
70  291 |         listINSERT_END( &( pxReadyTasksLists[ ( pxTCB )->uxPriority ] ), &( ( pxTCB )->xStateListItem ) ); \
      |                            ^~~~~~~~~~~~~~~~~
../Middlewares/FreeRTOS/include\list.h(384): note: expanded from macro 'listINSERT_END'
  384 |         ( ( pxList )->uxNumberOfItems ) = ( UBaseType_t ) ( ( ( pxList )->uxNumberOfItems ) + 1U ); \
      |             ^~~~~~
../Middlewares/FreeRTOS/tasks.c(6791): warning: unsafe buffer access [-Wunsafe-buffer-usage]
 6791 |                     prvAddTaskToReadyList( pxMutexHolderTCB );
      |                     ^~~~~~~~~~~~~~~~~~~~~~~~~~~~~~~~~~~~~~~~~
../Middlewares/FreeRTOS/tasks.c(291): note: expanded from macro 'prvAddTaskToReadyList'
  291 |         listINSERT_END( &( pxReadyTasksLists[ ( pxTCB )->uxPriority ] ), &( ( pxTCB )->xStateListItem ) ); \
      |                            ^~~~~~~~~~~~~~~~~
../Middlewares/FreeRTOS/include\list.h(384): note: expanded from macro 'listINSERT_END'
  384 |         ( ( pxList )->uxNumberOfItems ) = ( UBaseType_t ) ( ( ( pxList )->uxNumberOfItems ) + 1U ); \
      |                                                                 ^~~~~~
../Middlewares/FreeRTOS/tasks.c(6895): warning: unsafe buffer access [-Wunsafe-buffer-usage]
 6895 |                     prvAddTaskToReadyList( pxTCB );
      |                     ^~~~~~~~~~~~~~~~~~~~~~~~~~~~~~
../Middlewares/FreeRTOS/tasks.c(291): note: expanded from macro 'prvAddTaskToReadyList'
  291 |         listINSERT_END( &( pxReadyTasksLists[ ( pxTCB )->uxPriority ] ), &( ( pxTCB )->xStateListItem ) ); \
      |                            ^~~~~~~~~~~~~~~~~
72../Middlewares/FreeRTOS/include\list.h(364): note: expanded from macro 'listINSERT_END'
  364 |         ListItem_t * const pxIndex = ( pxList )->pxIndex; \
      |                                        ^~~~~~
../Middlewares/FreeRTOS/tasks.c(6895): warning: unsafe buffer access [-Wunsafe-buffer-usage]
 6895 |                     prvAddTaskToReadyList( pxTCB );
      |                     ^~~~~~~~~~~~~~~~~~~~~~~~~~~~~~
../Middlewares/FreeRTOS/tasks.c(291): note: expanded from macro 'prvAddTaskToReadyList'
  291 |         listINSERT_END( &( pxReadyTasksLists[ ( pxTCB )->uxPriority ] ), &( ( pxTCB )->xStateListItem ) ); \
      |                            ^~~~~~~~~~~~~~~~~
../Middlewares/FreeRTOS/include\list.h(382): note: expanded from macro 'listINSERT_END'
  382 |         ( pxNewListItem )->pxContainer = ( pxList );                                                \
      |                                            ^~~~~~
../Middlewares/FreeRTOS/tasks.c(6895): warning: unsafe buffer access [-Wunsafe-buffer-usage]
 6895 |                     prvAddTaskToReadyList( pxTCB );
      |                     ^~~~~~~~~~~~~~~~~~~~~~~~~~~~~~
../Middlewares/FreeRTOS/tasks.c(291): note: expanded from macro 'prvAddTaskToReadyList'
  291 |         listINSERT_END( &( pxReadyTasksLists[ ( pxTCB )->uxPriority ] ), &( ( pxTCB )->xStateListItem ) ); \
      |                            ^~~~~~~~~~~~~~~~~
../Middlewares/FreeRTOS/include\list.h(384): note: expanded from macro 'listINSERT_END'
  384 |         ( ( pxList )->uxNumberOfItems ) = ( UBaseType_t ) ( ( ( pxList )->uxNumberOfItems ) + 1U ); \
      |             ^~~~~~
74../Middlewares/FreeRTOS/tasks.c(6895): warning: unsafe buffer access [-Wunsafe-buffer-usage]
 6895 |                     prvAddTaskToReadyList( pxTCB );
      |                     ^~~~~~~~~~~~~~~~~~~~~~~~~~~~~~
../Middlewares/FreeRTOS/tasks.c(291): note: expanded from macro 'prvAddTaskToReadyList'
  291 |         listINSERT_END( &( pxReadyTasksLists[ ( pxTCB )->uxPriority ] ), &( ( pxTCB )->xStateListItem ) ); \
      |                            ^~~~~~~~~~~~~~~~~
../Middlewares/FreeRTOS/include\list.h(384): note: expanded from macro 'listINSERT_END'
  384 |         ( ( pxList )->uxNumberOfItems ) = ( UBaseType_t ) ( ( ( pxList )->uxNumberOfItems ) + 1U ); \
      |                                                                 ^~~~~~
../Middlewares/FreeRTOS/tasks.c(7008): warning: unsafe buffer access [-Wunsafe-buffer-usage]
 7008 |                     if( listIS_CONTAINED_WITHIN( &( pxReadyTasksLists[ uxPriorityUsedOnEntry ] ), &( pxTCB->xStateListItem ) ) != pdFALSE )
      |                                                     ^~~~~~~~~~~~~~~~~
../Middlewares/FreeRTOS/include\list.h(414): note: expanded from macro 'listIS_CONTAINED_WITHIN'
  414 | #define listIS_CONTAINED_WITHIN( pxList, pxListItem )    ( ( ( pxListItem )->pxContainer == ( pxList ) ) ? ( pdTRUE ) : ( pdFALSE ) )
      |                                                                                               ^~~~~~
../Middlewares/FreeRTOS/tasks.c(7022): warning: unsafe buffer access [-Wunsafe-buffer-usage]
 7022 |                         prvAddTaskToReadyList( pxTCB );
      |                         ^~~~~~~~~~~~~~~~~~~~~~~~~~~~~~
../Middlewares/FreeRTOS/tasks.c(291): note: expanded from macro 'prvAddTaskToReadyList'
76  291 |         listINSERT_END( &( pxReadyTasksLists[ ( pxTCB )->uxPriority ] ), &( ( pxTCB )->xStateListItem ) ); \
      |                            ^~~~~~~~~~~~~~~~~
../Middlewares/FreeRTOS/include\list.h(364): note: expanded from macro 'listINSERT_END'
  364 |         ListItem_t * const pxIndex = ( pxList )->pxIndex; \
      |                                        ^~~~~~
../Middlewares/FreeRTOS/tasks.c(7022): warning: unsafe buffer access [-Wunsafe-buffer-usage]
 7022 |                         prvAddTaskToReadyList( pxTCB );
      |                         ^~~~~~~~~~~~~~~~~~~~~~~~~~~~~~
../Middlewares/FreeRTOS/tasks.c(291): note: expanded from macro 'prvAddTaskToReadyList'
  291 |         listINSERT_END( &( pxReadyTasksLists[ ( pxTCB )->uxPriority ] ), &( ( pxTCB )->xStateListItem ) ); \
      |                            ^~~~~~~~~~~~~~~~~
../Middlewares/FreeRTOS/include\list.h(382): note: expanded from macro 'listINSERT_END'
  382 |         ( pxNewListItem )->pxContainer = ( pxList );                                                \
      |                                            ^~~~~~
../Middlewares/FreeRTOS/tasks.c(7022): warning: unsafe buffer access [-Wunsafe-buffer-usage]
 7022 |                         prvAddTaskToReadyList( pxTCB );
      |                         ^~~~~~~~~~~~~~~~~~~~~~~~~~~~~~
../Middlewares/FreeRTOS/tasks.c(291): note: expanded from macro 'prvAddTaskToReadyList'
  291 |         listINSERT_END( &( pxReadyTasksLists[ ( pxTCB )->uxPriority ] ), &( ( pxTCB )->xStateListItem ) ); \
      |                            ^~~~~~~~~~~~~~~~~
../Middlewares/FreeRTOS/include\list.h(384): note: expanded from macro 'listINSERT_END'
78  384 |         ( ( pxList )->uxNumberOfItems ) = ( UBaseType_t ) ( ( ( pxList )->uxNumberOfItems ) + 1U ); \
      |             ^~~~~~
../Middlewares/FreeRTOS/tasks.c(7022): warning: unsafe buffer access [-Wunsafe-buffer-usage]
 7022 |                         prvAddTaskToReadyList( pxTCB );
      |                         ^~~~~~~~~~~~~~~~~~~~~~~~~~~~~~
../Middlewares/FreeRTOS/tasks.c(291): note: expanded from macro 'prvAddTaskToReadyList'
  291 |         listINSERT_END( &( pxReadyTasksLists[ ( pxTCB )->uxPriority ] ), &( ( pxTCB )->xStateListItem ) ); \
      |                            ^~~~~~~~~~~~~~~~~
../Middlewares/FreeRTOS/include\list.h(384): note: expanded from macro 'listINSERT_END'
  384 |         ( ( pxList )->uxNumberOfItems ) = ( UBaseType_t ) ( ( ( pxList )->uxNumberOfItems ) + 1U ); \
      |                                                                 ^~~~~~
../Middlewares/FreeRTOS/tasks.c(7810): warning: unsafe buffer access [-Wunsafe-buffer-usage]
 7810 |         if( ( pxCurrentTCB->ulNotifiedValue[ uxIndexToWaitOn ] == 0U ) && ( xTicksToWait > ( TickType_t ) 0 ) )
      |               ^~~~~~~~~~~~~~~~~~~~~~~~~~~~~
../Middlewares/FreeRTOS/tasks.c(7823): warning: unsafe buffer access [-Wunsafe-buffer-usage]
 7823 |                     if( pxCurrentTCB->ulNotifiedValue[ uxIndexToWaitOn ] == 0U )
      |                         ^~~~~~~~~~~~~~~~~~~~~~~~~~~~~
../Middlewares/FreeRTOS/tasks.c(7826): warning: unsafe buffer access [-Wunsafe-buffer-usage]
 7826 |                         pxCurrentTCB->ucNotifyState[ uxIndexToWaitOn ] = taskWAITING_NOTIFICATION;
      |                         ^~~~~~~~~~~~~~~~~~~~~~~~~~~
80../Middlewares/FreeRTOS/tasks.c(7867): warning: unsafe buffer access [-Wunsafe-buffer-usage]
 7867 |             ulReturn = pxCurrentTCB->ulNotifiedValue[ uxIndexToWaitOn ];
      |                        ^~~~~~~~~~~~~~~~~~~~~~~~~~~~~
../Middlewares/FreeRTOS/tasks.c(7873): warning: unsafe buffer access [-Wunsafe-buffer-usage]
 7873 |                     pxCurrentTCB->ulNotifiedValue[ uxIndexToWaitOn ] = ( uint32_t ) 0U;
      |                     ^~~~~~~~~~~~~~~~~~~~~~~~~~~~~
../Middlewares/FreeRTOS/tasks.c(7877): warning: unsafe buffer access [-Wunsafe-buffer-usage]
 7877 |                     pxCurrentTCB->ulNotifiedValue[ uxIndexToWaitOn ] = ulReturn - ( uint32_t ) 1;
      |                     ^~~~~~~~~~~~~~~~~~~~~~~~~~~~~
../Middlewares/FreeRTOS/tasks.c(7885): warning: unsafe buffer access [-Wunsafe-buffer-usage]
 7885 |             pxCurrentTCB->ucNotifyState[ uxIndexToWaitOn ] = taskNOT_WAITING_NOTIFICATION;
      |             ^~~~~~~~~~~~~~~~~~~~~~~~~~~
../Middlewares/FreeRTOS/tasks.c(7913): warning: unsafe buffer access [-Wunsafe-buffer-usage]
 7913 |         if( ( pxCurrentTCB->ucNotifyState[ uxIndexToWaitOn ] != taskNOTIFICATION_RECEIVED ) && ( xTicksToWait > ( TickType_t ) 0 ) )
      |               ^~~~~~~~~~~~~~~~~~~~~~~~~~~
../Middlewares/FreeRTOS/tasks.c(7925): warning: unsafe buffer access [-Wunsafe-buffer-usage]
 7925 |                     if( pxCurrentTCB->ucNotifyState[ uxIndexToWaitOn ] != taskNOTIFICATION_RECEIVED )
      |                         ^~~~~~~~~~~~~~~~~~~~~~~~~~~
../Middlewares/FreeRTOS/tasks.c(7930): warning: unsafe buffer access [-Wunsafe-buffer-usage]
82 7930 |                         pxCurrentTCB->ulNotifiedValue[ uxIndexToWaitOn ] &= ~ulBitsToClearOnEntry;
      |                         ^~~~~~~~~~~~~~~~~~~~~~~~~~~~~
../Middlewares/FreeRTOS/tasks.c(7933): warning: unsafe buffer access [-Wunsafe-buffer-usage]
 7933 |                         pxCurrentTCB->ucNotifyState[ uxIndexToWaitOn ] = taskWAITING_NOTIFICATION;
      |                         ^~~~~~~~~~~~~~~~~~~~~~~~~~~
../Middlewares/FreeRTOS/tasks.c(7979): warning: unsafe buffer access [-Wunsafe-buffer-usage]
 7979 |                 *pulNotificationValue = pxCurrentTCB->ulNotifiedValue[ uxIndexToWaitOn ];
      |                                         ^~~~~~~~~~~~~~~~~~~~~~~~~~~~~
../Middlewares/FreeRTOS/tasks.c(7986): warning: unsafe buffer access [-Wunsafe-buffer-usage]
 7986 |             if( pxCurrentTCB->ucNotifyState[ uxIndexToWaitOn ] != taskNOTIFICATION_RECEIVED )
      |                 ^~~~~~~~~~~~~~~~~~~~~~~~~~~
../Middlewares/FreeRTOS/tasks.c(7995): warning: unsafe buffer access [-Wunsafe-buffer-usage]
 7995 |                 pxCurrentTCB->ulNotifiedValue[ uxIndexToWaitOn ] &= ~ulBitsToClearOnExit;
      |                 ^~~~~~~~~~~~~~~~~~~~~~~~~~~~~
../Middlewares/FreeRTOS/tasks.c(7999): warning: unsafe buffer access [-Wunsafe-buffer-usage]
 7999 |             pxCurrentTCB->ucNotifyState[ uxIndexToWaitOn ] = taskNOT_WAITING_NOTIFICATION;
      |             ^~~~~~~~~~~~~~~~~~~~~~~~~~~
../Middlewares/FreeRTOS/tasks.c(8033): warning: unsafe buffer access [-Wunsafe-buffer-usage]
 8033 |                 *pulPreviousNotificationValue = pxTCB->ulNotifiedValue[ uxIndexToNotify ];
      |                                                 ^~~~~~~~~~~~~~~~~~~~~~
84../Middlewares/FreeRTOS/tasks.c(8036): warning: unsafe buffer access [-Wunsafe-buffer-usage]
 8036 |             ucOriginalNotifyState = pxTCB->ucNotifyState[ uxIndexToNotify ];
      |                                     ^~~~~~~~~~~~~~~~~~~~
../Middlewares/FreeRTOS/tasks.c(8038): warning: unsafe buffer access [-Wunsafe-buffer-usage]
 8038 |             pxTCB->ucNotifyState[ uxIndexToNotify ] = taskNOTIFICATION_RECEIVED;
      |             ^~~~~~~~~~~~~~~~~~~~
../Middlewares/FreeRTOS/tasks.c(8043): warning: unsafe buffer access [-Wunsafe-buffer-usage]
 8043 |                     pxTCB->ulNotifiedValue[ uxIndexToNotify ] |= ulValue;
      |                     ^~~~~~~~~~~~~~~~~~~~~~
../Middlewares/FreeRTOS/tasks.c(8047): warning: unsafe buffer access [-Wunsafe-buffer-usage]
 8047 |                     ( pxTCB->ulNotifiedValue[ uxIndexToNotify ] )++;
      |                       ^~~~~~~~~~~~~~~~~~~~~~
../Middlewares/FreeRTOS/tasks.c(8051): warning: unsafe buffer access [-Wunsafe-buffer-usage]
 8051 |                     pxTCB->ulNotifiedValue[ uxIndexToNotify ] = ulValue;
      |                     ^~~~~~~~~~~~~~~~~~~~~~
../Middlewares/FreeRTOS/tasks.c(8058): warning: unsafe buffer access [-Wunsafe-buffer-usage]
 8058 |                         pxTCB->ulNotifiedValue[ uxIndexToNotify ] = ulValue;
      |                         ^~~~~~~~~~~~~~~~~~~~~~
../Middlewares/FreeRTOS/tasks.c(8091): warning: unsafe buffer access [-Wunsafe-buffer-usage]
 8091 |                 prvAddTaskToReadyList( pxTCB );
      |                 ^~~~~~~~~~~~~~~~~~~~~~~~~~~~~~
../Middlewares/FreeRTOS/tasks.c(291): note: expanded from macro 'prvAddTaskToReadyList'
86  291 |         listINSERT_END( &( pxReadyTasksLists[ ( pxTCB )->uxPriority ] ), &( ( pxTCB )->xStateListItem ) ); \
      |                            ^~~~~~~~~~~~~~~~~
../Middlewares/FreeRTOS/include\list.h(364): note: expanded from macro 'listINSERT_END'
  364 |         ListItem_t * const pxIndex = ( pxList )->pxIndex; \
      |                                        ^~~~~~
../Middlewares/FreeRTOS/tasks.c(8091): warning: unsafe buffer access [-Wunsafe-buffer-usage]
 8091 |                 prvAddTaskToReadyList( pxTCB );
      |                 ^~~~~~~~~~~~~~~~~~~~~~~~~~~~~~
../Middlewares/FreeRTOS/tasks.c(291): note: expanded from macro 'prvAddTaskToReadyList'
  291 |         listINSERT_END( &( pxReadyTasksLists[ ( pxTCB )->uxPriority ] ), &( ( pxTCB )->xStateListItem ) ); \
      |                            ^~~~~~~~~~~~~~~~~
../Middlewares/FreeRTOS/include\list.h(382): note: expanded from macro 'listINSERT_END'
  382 |         ( pxNewListItem )->pxContainer = ( pxList );                                                \
      |                                            ^~~~~~
../Middlewares/FreeRTOS/tasks.c(8091): warning: unsafe buffer access [-Wunsafe-buffer-usage]
 8091 |                 prvAddTaskToReadyList( pxTCB );
      |                 ^~~~~~~~~~~~~~~~~~~~~~~~~~~~~~
../Middlewares/FreeRTOS/tasks.c(291): note: expanded from macro 'prvAddTaskToReadyList'
  291 |         listINSERT_END( &( pxReadyTasksLists[ ( pxTCB )->uxPriority ] ), &( ( pxTCB )->xStateListItem ) ); \
      |                            ^~~~~~~~~~~~~~~~~
../Middlewares/FreeRTOS/include\list.h(384): note: expanded from macro 'listINSERT_END'
88  384 |         ( ( pxList )->uxNumberOfItems ) = ( UBaseType_t ) ( ( ( pxList )->uxNumberOfItems ) + 1U ); \
      |             ^~~~~~
../Middlewares/FreeRTOS/tasks.c(8091): warning: unsafe buffer access [-Wunsafe-buffer-usage]
 8091 |                 prvAddTaskToReadyList( pxTCB );
      |                 ^~~~~~~~~~~~~~~~~~~~~~~~~~~~~~
../Middlewares/FreeRTOS/tasks.c(291): note: expanded from macro 'prvAddTaskToReadyList'
  291 |         listINSERT_END( &( pxReadyTasksLists[ ( pxTCB )->uxPriority ] ), &( ( pxTCB )->xStateListItem ) ); \
      |                            ^~~~~~~~~~~~~~~~~
../Middlewares/FreeRTOS/include\list.h(384): note: expanded from macro 'listINSERT_END'
  384 |         ( ( pxList )->uxNumberOfItems ) = ( UBaseType_t ) ( ( ( pxList )->uxNumberOfItems ) + 1U ); \
      |                                                                 ^~~~~~
../Middlewares/FreeRTOS/tasks.c(8177): warning: unsafe buffer access [-Wunsafe-buffer-usage]
 8177 |                 *pulPreviousNotificationValue = pxTCB->ulNotifiedValue[ uxIndexToNotify ];
      |                                                 ^~~~~~~~~~~~~~~~~~~~~~
../Middlewares/FreeRTOS/tasks.c(8180): warning: unsafe buffer access [-Wunsafe-buffer-usage]
 8180 |             ucOriginalNotifyState = pxTCB->ucNotifyState[ uxIndexToNotify ];
      |                                     ^~~~~~~~~~~~~~~~~~~~
../Middlewares/FreeRTOS/tasks.c(8181): warning: unsafe buffer access [-Wunsafe-buffer-usage]
 8181 |             pxTCB->ucNotifyState[ uxIndexToNotify ] = taskNOTIFICATION_RECEIVED;
      |             ^~~~~~~~~~~~~~~~~~~~
90../Middlewares/FreeRTOS/tasks.c(8186): warning: unsafe buffer access [-Wunsafe-buffer-usage]
 8186 |                     pxTCB->ulNotifiedValue[ uxIndexToNotify ] |= ulValue;
      |                     ^~~~~~~~~~~~~~~~~~~~~~
../Middlewares/FreeRTOS/tasks.c(8190): warning: unsafe buffer access [-Wunsafe-buffer-usage]
 8190 |                     ( pxTCB->ulNotifiedValue[ uxIndexToNotify ] )++;
      |                       ^~~~~~~~~~~~~~~~~~~~~~
../Middlewares/FreeRTOS/tasks.c(8194): warning: unsafe buffer access [-Wunsafe-buffer-usage]
 8194 |                     pxTCB->ulNotifiedValue[ uxIndexToNotify ] = ulValue;
      |                     ^~~~~~~~~~~~~~~~~~~~~~
../Middlewares/FreeRTOS/tasks.c(8201): warning: unsafe buffer access [-Wunsafe-buffer-usage]
 8201 |                         pxTCB->ulNotifiedValue[ uxIndexToNotify ] = ulValue;
      |                         ^~~~~~~~~~~~~~~~~~~~~~
../Middlewares/FreeRTOS/tasks.c(8238): warning: unsafe buffer access [-Wunsafe-buffer-usage]
 8238 |                     prvAddTaskToReadyList( pxTCB );
      |                     ^~~~~~~~~~~~~~~~~~~~~~~~~~~~~~
../Middlewares/FreeRTOS/tasks.c(291): note: expanded from macro 'prvAddTaskToReadyList'
  291 |         listINSERT_END( &( pxReadyTasksLists[ ( pxTCB )->uxPriority ] ), &( ( pxTCB )->xStateListItem ) ); \
      |                            ^~~~~~~~~~~~~~~~~
../Middlewares/FreeRTOS/include\list.h(364): note: expanded from macro 'listINSERT_END'
  364 |         ListItem_t * const pxIndex = ( pxList )->pxIndex; \
      |                                        ^~~~~~
../Middlewares/FreeRTOS/tasks.c(8238): warning: unsafe buffer access [-Wunsafe-buffer-usage]
92 8238 |                     prvAddTaskToReadyList( pxTCB );
      |                     ^~~~~~~~~~~~~~~~~~~~~~~~~~~~~~
../Middlewares/FreeRTOS/tasks.c(291): note: expanded from macro 'prvAddTaskToReadyList'
  291 |         listINSERT_END( &( pxReadyTasksLists[ ( pxTCB )->uxPriority ] ), &( ( pxTCB )->xStateListItem ) ); \
      |                            ^~~~~~~~~~~~~~~~~
../Middlewares/FreeRTOS/include\list.h(382): note: expanded from macro 'listINSERT_END'
  382 |         ( pxNewListItem )->pxContainer = ( pxList );                                                \
      |                                            ^~~~~~
../Middlewares/FreeRTOS/tasks.c(8238): warning: unsafe buffer access [-Wunsafe-buffer-usage]
 8238 |                     prvAddTaskToReadyList( pxTCB );
      |                     ^~~~~~~~~~~~~~~~~~~~~~~~~~~~~~
../Middlewares/FreeRTOS/tasks.c(291): note: expanded from macro 'prvAddTaskToReadyList'
  291 |         listINSERT_END( &( pxReadyTasksLists[ ( pxTCB )->uxPriority ] ), &( ( pxTCB )->xStateListItem ) ); \
      |                            ^~~~~~~~~~~~~~~~~
../Middlewares/FreeRTOS/include\list.h(384): note: expanded from macro 'listINSERT_END'
  384 |         ( ( pxList )->uxNumberOfItems ) = ( UBaseType_t ) ( ( ( pxList )->uxNumberOfItems ) + 1U ); \
      |             ^~~~~~
../Middlewares/FreeRTOS/tasks.c(8238): warning: unsafe buffer access [-Wunsafe-buffer-usage]
 8238 |                     prvAddTaskToReadyList( pxTCB );
      |                     ^~~~~~~~~~~~~~~~~~~~~~~~~~~~~~
../Middlewares/FreeRTOS/tasks.c(291): note: expanded from macro 'prvAddTaskToReadyList'
94  291 |         listINSERT_END( &( pxReadyTasksLists[ ( pxTCB )->uxPriority ] ), &( ( pxTCB )->xStateListItem ) ); \
      |                            ^~~~~~~~~~~~~~~~~
../Middlewares/FreeRTOS/include\list.h(384): note: expanded from macro 'listINSERT_END'
  384 |         ( ( pxList )->uxNumberOfItems ) = ( UBaseType_t ) ( ( ( pxList )->uxNumberOfItems ) + 1U ); \
      |                                                                 ^~~~~~
../Middlewares/FreeRTOS/tasks.c(8353): warning: unsafe buffer access [-Wunsafe-buffer-usage]
 8353 |             ucOriginalNotifyState = pxTCB->ucNotifyState[ uxIndexToNotify ];
      |                                     ^~~~~~~~~~~~~~~~~~~~
../Middlewares/FreeRTOS/tasks.c(8354): warning: unsafe buffer access [-Wunsafe-buffer-usage]
 8354 |             pxTCB->ucNotifyState[ uxIndexToNotify ] = taskNOTIFICATION_RECEIVED;
      |             ^~~~~~~~~~~~~~~~~~~~
../Middlewares/FreeRTOS/tasks.c(8358): warning: unsafe buffer access [-Wunsafe-buffer-usage]
 8358 |             ( pxTCB->ulNotifiedValue[ uxIndexToNotify ] )++;
      |               ^~~~~~~~~~~~~~~~~~~~~~
../Middlewares/FreeRTOS/tasks.c(8372): warning: unsafe buffer access [-Wunsafe-buffer-usage]
 8372 |                     prvAddTaskToReadyList( pxTCB );
      |                     ^~~~~~~~~~~~~~~~~~~~~~~~~~~~~~
../Middlewares/FreeRTOS/tasks.c(291): note: expanded from macro 'prvAddTaskToReadyList'
  291 |         listINSERT_END( &( pxReadyTasksLists[ ( pxTCB )->uxPriority ] ), &( ( pxTCB )->xStateListItem ) ); \
      |                            ^~~~~~~~~~~~~~~~~
../Middlewares/FreeRTOS/include\list.h(364): note: expanded from macro 'listINSERT_END'
  364 |         ListItem_t * const pxIndex = ( pxList )->pxIndex; \
96      |                                        ^~~~~~
../Middlewares/FreeRTOS/tasks.c(8372): warning: unsafe buffer access [-Wunsafe-buffer-usage]
 8372 |                     prvAddTaskToReadyList( pxTCB );
      |                     ^~~~~~~~~~~~~~~~~~~~~~~~~~~~~~
../Middlewares/FreeRTOS/tasks.c(291): note: expanded from macro 'prvAddTaskToReadyList'
  291 |         listINSERT_END( &( pxReadyTasksLists[ ( pxTCB )->uxPriority ] ), &( ( pxTCB )->xStateListItem ) ); \
      |                            ^~~~~~~~~~~~~~~~~
../Middlewares/FreeRTOS/include\list.h(382): note: expanded from macro 'listINSERT_END'
  382 |         ( pxNewListItem )->pxContainer = ( pxList );                                                \
      |                                            ^~~~~~
../Middlewares/FreeRTOS/tasks.c(8372): warning: unsafe buffer access [-Wunsafe-buffer-usage]
 8372 |                     prvAddTaskToReadyList( pxTCB );
      |                     ^~~~~~~~~~~~~~~~~~~~~~~~~~~~~~
../Middlewares/FreeRTOS/tasks.c(291): note: expanded from macro 'prvAddTaskToReadyList'
  291 |         listINSERT_END( &( pxReadyTasksLists[ ( pxTCB )->uxPriority ] ), &( ( pxTCB )->xStateListItem ) ); \
      |                            ^~~~~~~~~~~~~~~~~
../Middlewares/FreeRTOS/include\list.h(384): note: expanded from macro 'listINSERT_END'
  384 |         ( ( pxList )->uxNumberOfItems ) = ( UBaseType_t ) ( ( ( pxList )->uxNumberOfItems ) + 1U ); \
      |             ^~~~~~
../Middlewares/FreeRTOS/tasks.c(8372): warning: unsafe buffer access [-Wunsafe-buffer-usage]
 8372 |                     prvAddTaskToReadyList( pxTCB );
98      |                     ^~~~~~~~~~~~~~~~~~~~~~~~~~~~~~
../Middlewares/FreeRTOS/tasks.c(291): note: expanded from macro 'prvAddTaskToReadyList'
  291 |         listINSERT_END( &( pxReadyTasksLists[ ( pxTCB )->uxPriority ] ), &( ( pxTCB )->xStateListItem ) ); \
      |                            ^~~~~~~~~~~~~~~~~
../Middlewares/FreeRTOS/include\list.h(384): note: expanded from macro 'listINSERT_END'
  384 |         ( ( pxList )->uxNumberOfItems ) = ( UBaseType_t ) ( ( ( pxList )->uxNumberOfItems ) + 1U ); \
      |                                                                 ^~~~~~
../Middlewares/FreeRTOS/tasks.c(8464): warning: unsafe buffer access [-Wunsafe-buffer-usage]
 8464 |             if( pxTCB->ucNotifyState[ uxIndexToClear ] == taskNOTIFICATION_RECEIVED )
      |                 ^~~~~~~~~~~~~~~~~~~~
../Middlewares/FreeRTOS/tasks.c(8466): warning: unsafe buffer access [-Wunsafe-buffer-usage]
 8466 |                 pxTCB->ucNotifyState[ uxIndexToClear ] = taskNOT_WAITING_NOTIFICATION;
      |                 ^~~~~~~~~~~~~~~~~~~~
../Middlewares/FreeRTOS/tasks.c(8506): warning: unsafe buffer access [-Wunsafe-buffer-usage]
 8506 |             ulReturn = pxTCB->ulNotifiedValue[ uxIndexToClear ];
      |                        ^~~~~~~~~~~~~~~~~~~~~~
../Middlewares/FreeRTOS/tasks.c(8507): warning: unsafe buffer access [-Wunsafe-buffer-usage]
 8507 |             pxTCB->ulNotifiedValue[ uxIndexToClear ] &= ~ulBitsToClear;
      |             ^~~~~~~~~~~~~~~~~~~~~~
../Middlewares/FreeRTOS/tasks.c(8948): warning: unsafe buffer access [-Wunsafe-buffer-usage]
 8948 |         xYieldPendings[ xCoreID ] = pdFALSE;
      |         ^~~~~~~~~~~~~~
100202 warnings generated.
1000compiling tasks.c...
armclang: warning: no such include directory: 'Drivers/CMSIS/Device/ST/STM32F4xx/Include' [-Wmissing-include-dirs]
../Middlewares/FreeRTOS/timers.c(326): warning: empty expression statement has no effect; remove unnecessary ';' to silence this warning [-Wextra-semi-stmt]
  326 |         configASSERT( xReturn );
      |                                ^
../Middlewares/FreeRTOS/timers.c(83): warning: padding size of 'struct tmrTimerControl' with 3 bytes to alignment boundary [-Wpadded]
   83 |     typedef struct tmrTimerControl                                               /* The old naming convention is used to prevent breaking kernel aware debuggers. */
      |                    ^
../Middlewares/FreeRTOS/timers.c(425): warning: empty expression statement has no effect; remove unnecessary ';' to silence this warning [-Wextra-semi-stmt]
  425 |         configASSERT( ( xTimerPeriodInTicks > 0 ) );
      |                                                    ^
../Middlewares/FreeRTOS/timers.c(472): warning: empty expression statement has no effect; remove unnecessary ';' to silence this warning [-Wextra-semi-stmt]
  472 |             configASSERT( ( xCommandID >= tmrCOMMAND_START_DONT_TRACE ) && ( xCommandID < tmrFIRST_FROM_ISR_COMMAND ) );
      |                                                                                                                        ^
../Middlewares/FreeRTOS/timers.c(521): warning: empty expression statement has no effect; remove unnecessary ';' to silence this warning [-Wextra-semi-stmt]
  521 |             configASSERT( xCommandID >= tmrFIRST_FROM_ISR_COMMAND );
      |                                                                    ^
../Middlewares/FreeRTOS/timers.c(547): warning: empty expression statement has no effect; remove unnecessary ';' to silence this warning [-Wextra-semi-stmt]
  547 |         configASSERT( ( xTimerTaskHandle != NULL ) );
      |                                                     ^
../Middlewares/FreeRTOS/timers.c(561): warning: empty expression statement has no effect; remove unnecessary ';' to silence this warning [-Wextra-semi-stmt]
  561 |         configASSERT( xTimer );
      |                               ^
../Middlewares/FreeRTOS/timers.c(576): warning: empty expression statement has no effect; remove unnecessary ';' to silence this warning [-Wextra-semi-stmt]
  576 |         configASSERT( xTimer );
      |                               ^
../Middlewares/FreeRTOS/timers.c(601): warning: empty expression statement has no effect; remove unnecessary ';' to silence this warning [-Wextra-semi-stmt]
  601 |         configASSERT( xTimer );
      |                               ^
../Middlewares/FreeRTOS/timers.c(643): warning: empty expression statement has no effect; remove unnecessary ';' to silence this warning [-Wextra-semi-stmt]
  643 |         configASSERT( xTimer );
      |                               ^
../Middlewares/FreeRTOS/timers.c(689): warning: empty expression statement has no effect; remove unnecessary ';' to silence this warning [-Wextra-semi-stmt]
  689 |         configASSERT( xTimer );
      |                               ^
../Middlewares/FreeRTOS/timers.c(747): warning: function 'prvTimerTask' could be declared with attribute 'noreturn' [-Wmissing-noreturn]
  747 |     {
      |     ^
../Middlewares/FreeRTOS/timers.c(826): warning: empty expression statement has no effect; remove unnecessary ';' to silence this warning [-Wextra-semi-stmt]
  826 |                         taskYIELD_WITHIN_API();
      |                                               ^
../Middlewares/FreeRTOS/timers.c(1040): warning: empty expression statement has no effect; remove unnecessary ';' to silence this warning [-Wextra-semi-stmt]
 1040 |                             configASSERT( ( pxTimer->xTimerPeriodInTicks > 0 ) );
      |                                                                                 ^
../Middlewares/FreeRTOS/timers.c(1174): warning: empty expression statement has no effect; remove unnecessary ';' to silence this warning [-Wextra-semi-stmt]
 1174 |         configASSERT( xTimer );
      |                               ^
../Middlewares/FreeRTOS/timers.c(1203): warning: empty expression statement has no effect; remove unnecessary ';' to silence this warning [-Wextra-semi-stmt]
 1203 |         configASSERT( xTimer );
      |                               ^
../Middlewares/FreeRTOS/timers.c(1224): warning: empty expression statement has no effect; remove unnecessary ';' to silence this warning [-Wextra-semi-stmt]
 1224 |         configASSERT( xTimer );
      |                               ^
17 warnings generated.
compiling timers.c...
armclang: warning: no such include directory: 'Drivers/CMSIS/Device/ST/STM32F4xx/Include' [-Wmissing-include-dirs]
../Middlewares/FreeRTOS/portable/GCC/ARM_CM4F/port.c(244): warning: empty expression statement has no effect; remove unnecessary ';' to silence this warning [-Wextra-semi-stmt]
  244 |     configASSERT( uxCriticalNesting == ~0UL );
      |                                              ^
../Middlewares/FreeRTOS/portable/GCC/ARM_CM4F/port.c(310): warning: empty expression statement has no effect; remove unnecessary ';' to silence this warning [-Wextra-semi-stmt]
  310 |     configASSERT( portCPUID != portCORTEX_M7_r0p1_ID );
      |                                                       ^
../Middlewares/FreeRTOS/portable/GCC/ARM_CM4F/port.c(311): warning: empty expression statement has no effect; remove unnecessary ';' to silence this warning [-Wextra-semi-stmt]
  311 |     configASSERT( portCPUID != portCORTEX_M7_r0p0_ID );
      |                                                       ^
../Middlewares/FreeRTOS/portable/GCC/ARM_CM4F/port.c(342): warning: empty expression statement has no effect; remove unnecessary ';' to silence this warning [-Wextra-semi-stmt]
  342 |         configASSERT( pxVectorTable[ portVECTOR_INDEX_SVC ] == vPortSVCHandler );
      |                                                                                 ^
../Middlewares/FreeRTOS/portable/GCC/ARM_CM4F/port.c(343): warning: empty expression statement has no effect; remove unnecessary ';' to silence this warning [-Wextra-semi-stmt]
  343 |         configASSERT( pxVectorTable[ portVECTOR_INDEX_PENDSV ] == xPortPendSVHandler );
      |                                                                                       ^
../Middlewares/FreeRTOS/portable/GCC/ARM_CM4F/port.c(378): warning: empty expression statement has no effect; remove unnecessary ';' to silence this warning [-Wextra-semi-stmt]
  378 |         configASSERT( ucMaxSysCallPriority );
      |                                             ^
../Middlewares/FreeRTOS/portable/GCC/ARM_CM4F/port.c(382): warning: empty expression statement has no effect; remove unnecessary ';' to silence this warning [-Wextra-semi-stmt]
  382 |         configASSERT( ( configMAX_SYSCALL_INTERRUPT_PRIORITY & ( ~ucMaxPriorityValue ) ) == 0U );
      |                                                                                                 ^
../Middlewares/FreeRTOS/portable/GCC/ARM_CM4F/port.c(412): warning: empty expression statement has no effect; remove unnecessary ';' to silence this warning [-Wextra-semi-stmt]
  412 |             configASSERT( ( configMAX_SYSCALL_INTERRUPT_PRIORITY & 0x1U ) == 0U );
      |                                                                                  ^
../Middlewares/FreeRTOS/portable/GCC/ARM_CM4F/port.c(471): warning: empty expression statement has no effect; remove unnecessary ';' to silence this warning [-Wextra-semi-stmt]
  471 |     configASSERT( uxCriticalNesting == 1000UL );
      |                                                ^
../Middlewares/FreeRTOS/portable/GCC/ARM_CM4F/port.c(487): warning: empty expression statement has no effect; remove unnecessary ';' to silence this warning [-Wextra-semi-stmt]
  487 |         configASSERT( ( portNVIC_INT_CTRL_REG & portVECTACTIVE_MASK ) == 0 );
      |                                                                             ^
../Middlewares/FreeRTOS/portable/GCC/ARM_CM4F/port.c(494): warning: empty expression statement has no effect; remove unnecessary ';' to silence this warning [-Wextra-semi-stmt]
  494 |     configASSERT( uxCriticalNesting );
      |                                      ^
../Middlewares/FreeRTOS/portable/GCC/ARM_CM4F/port.c(888): warning: empty expression statement has no effect; remove unnecessary ';' to silence this warning [-Wextra-semi-stmt]
  888 |             configASSERT( ucCurrentPriority >= ucMaxSysCallPriority );
      |                                                                      ^
../Middlewares/FreeRTOS/portable/GCC/ARM_CM4F/port.c(904): warning: empty expression statement has no effect; remove unnecessary ';' to silence this warning [-Wextra-semi-stmt]
  904 |         configASSERT( ( portAIRCR_REG & portPRIORITY_GROUP_MASK ) <= ulMaxPRIGROUPValue );
      |                                                                                          ^
../Middlewares/FreeRTOS/portable/GCC/ARM_CM4F/port.c(211): warning: unsafe pointer arithmetic [-Wunsafe-buffer-usage]
  211 |     pxTopOfStack--;
      |     ^~~~~~~~~~~~
../Middlewares/FreeRTOS/portable/GCC/ARM_CM4F/port.c(214): warning: unsafe pointer arithmetic [-Wunsafe-buffer-usage]
  214 |     pxTopOfStack--;
      |     ^~~~~~~~~~~~
../Middlewares/FreeRTOS/portable/GCC/ARM_CM4F/port.c(216): warning: unsafe pointer arithmetic [-Wunsafe-buffer-usage]
  216 |     pxTopOfStack--;
      |     ^~~~~~~~~~~~
../Middlewares/FreeRTOS/portable/GCC/ARM_CM4F/port.c(220): warning: unsafe pointer arithmetic [-Wunsafe-buffer-usage]
  220 |     pxTopOfStack -= 5;                            /* R12, R3, R2 and R1. */
      |     ^~~~~~~~~~~~
../Middlewares/FreeRTOS/portable/GCC/ARM_CM4F/port.c(225): warning: unsafe pointer arithmetic [-Wunsafe-buffer-usage]
  225 |     pxTopOfStack--;
      |     ^~~~~~~~~~~~
../Middlewares/FreeRTOS/portable/GCC/ARM_CM4F/port.c(228): warning: unsafe pointer arithmetic [-Wunsafe-buffer-usage]
  228 |     pxTopOfStack -= 8; /* R11, R10, R9, R8, R7, R6, R5 and R4. */
      |     ^~~~~~~~~~~~
../Middlewares/FreeRTOS/portable/GCC/ARM_CM4F/port.c(342): warning: unsafe buffer access [-Wunsafe-buffer-usage]
  342 |         configASSERT( pxVectorTable[ portVECTOR_INDEX_SVC ] == vPortSVCHandler );
      |                       ^~~~~~~~~~~~~
../Middlewares/FreeRTOS\FreeRTOSConfig.h(54): note: expanded from macro 'configASSERT'
   54 |     if ((x) == 0) { taskDISABLE_INTERRUPTS(); for (;;) { } }
      |          ^
../Middlewares/FreeRTOS/portable/GCC/ARM_CM4F/port.c(343): warning: unsafe buffer access [-Wunsafe-buffer-usage]
  343 |         configASSERT( pxVectorTable[ portVECTOR_INDEX_PENDSV ] == xPortPendSVHandler );
      |                       ^~~~~~~~~~~~~
../Middlewares/FreeRTOS\FreeRTOSConfig.h(54): note: expanded from macro 'configASSERT'
   54 |     if ((x) == 0) { taskDISABLE_INTERRUPTS(); for (;;) { } }
      |          ^
../Middlewares/FreeRTOS/portable/GCC/ARM_CM4F/port.c(863): warning: unsafe buffer access [-Wunsafe-buffer-usage]
  863 |             ucCurrentPriority = pcInterruptPriorityRegisters[ ulCurrentInterrupt ];
      |                                 ^~~~~~~~~~~~~~~~~~~~~~~~~~~~
22 warnings generated.
compiling port.c...
armclang: warning: no such include directory: 'Drivers/CMSIS/Device/ST/STM32F4xx/Include' [-Wmissing-include-dirs]
../Middlewares/FreeRTOS/portable/MemMang/heap_4.c(246): warning: empty expression statement has no effect; remove unnecessary ';' to silence this warning [-Wextra-semi-stmt]
  246 |                 heapVALIDATE_BLOCK_POINTER( pxBlock );
      |                                                      ^
../Middlewares/FreeRTOS/portable/MemMang/heap_4.c(252): warning: empty expression statement has no effect; remove unnecessary ';' to silence this warning [-Wextra-semi-stmt]
  252 |                     heapVALIDATE_BLOCK_POINTER( pxBlock );
      |                                                          ^
../Middlewares/FreeRTOS/portable/MemMang/heap_4.c(262): warning: empty expression statement has no effect; remove unnecessary ';' to silence this warning [-Wextra-semi-stmt]
  262 |                     heapVALIDATE_BLOCK_POINTER( pvReturn );
      |                                                           ^
../Middlewares/FreeRTOS/portable/MemMang/heap_4.c(270): warning: empty expression statement has no effect; remove unnecessary ';' to silence this warning [-Wextra-semi-stmt]
  270 |                     configASSERT( heapSUBTRACT_WILL_UNDERFLOW( pxBlock->xBlockSize, xWantedSize ) == 0 );
      |                                                                                                         ^
../Middlewares/FreeRTOS/portable/MemMang/heap_4.c(279): warning: empty expression statement has no effect; remove unnecessary ';' to silence this warning [-Wextra-semi-stmt]
  279 |                         configASSERT( ( ( ( size_t ) pxNewBlockLink ) & portBYTE_ALIGNMENT_MASK ) == 0 );
      |                                                                                                         ^
../Middlewares/FreeRTOS/portable/MemMang/heap_4.c(349): warning: empty expression statement has no effect; remove unnecessary ';' to silence this warning [-Wextra-semi-stmt]
  349 |     configASSERT( ( ( ( size_t ) pvReturn ) & ( size_t ) portBYTE_ALIGNMENT_MASK ) == 0 );
      |                                                                                          ^
../Middlewares/FreeRTOS/portable/MemMang/heap_4.c(368): warning: empty expression statement has no effect; remove unnecessary ';' to silence this warning [-Wextra-semi-stmt]
  368 |         heapVALIDATE_BLOCK_POINTER( pxLink );
      |                                             ^
../Middlewares/FreeRTOS/portable/MemMang/heap_4.c(369): warning: empty expression statement has no effect; remove unnecessary ';' to silence this warning [-Wextra-semi-stmt]
  369 |         configASSERT( heapBLOCK_IS_ALLOCATED( pxLink ) != 0 );
      |                                                              ^
../Middlewares/FreeRTOS/portable/MemMang/heap_4.c(370): warning: empty expression statement has no effect; remove unnecessary ';' to silence this warning [-Wextra-semi-stmt]
  370 |         configASSERT( pxLink->pxNextFreeBlock == heapPROTECT_BLOCK_POINTER( NULL ) );
      |                                                                                     ^
../Middlewares/FreeRTOS/portable/MemMang/heap_4.c(518): warning: empty expression statement has no effect; remove unnecessary ';' to silence this warning [-Wextra-semi-stmt]
  518 |         heapVALIDATE_BLOCK_POINTER( pxIterator );
      |                                                 ^
../Middlewares/FreeRTOS/portable/MemMang/heap_4.c(246): warning: unsafe buffer access [-Wunsafe-buffer-usage]
  246 |                 heapVALIDATE_BLOCK_POINTER( pxBlock );
      |                 ^~~~~~~~~~~~~~~~~~~~~~~~~~~~~~~~~~~~~
../Middlewares/FreeRTOS/portable/MemMang/heap_4.c(136): note: expanded from macro 'heapVALIDATE_BLOCK_POINTER'
  136 |                   ( ( uint8_t * ) ( pxBlock ) <= &( ucHeap[ configTOTAL_HEAP_SIZE - 1 ] ) ) )
      |                                                     ^~~~~~
../Middlewares/FreeRTOS\FreeRTOSConfig.h(54): note: expanded from macro 'configASSERT'
   54 |     if ((x) == 0) { taskDISABLE_INTERRUPTS(); for (;;) { } }
      |          ^
../Middlewares/FreeRTOS/portable/MemMang/heap_4.c(252): warning: unsafe buffer access [-Wunsafe-buffer-usage]
  252 |                     heapVALIDATE_BLOCK_POINTER( pxBlock );
      |                     ^~~~~~~~~~~~~~~~~~~~~~~~~~~~~~~~~~~~~
../Middlewares/FreeRTOS/portable/MemMang/heap_4.c(136): note: expanded from macro 'heapVALIDATE_BLOCK_POINTER'
  136 |                   ( ( uint8_t * ) ( pxBlock ) <= &( ucHeap[ configTOTAL_HEAP_SIZE - 1 ] ) ) )
      |                                                     ^~~~~~
../Middlewares/FreeRTOS\FreeRTOSConfig.h(54): note: expanded from macro 'configASSERT'
   54 |     if ((x) == 0) { taskDISABLE_INTERRUPTS(); for (;;) { } }
      |          ^
../Middlewares/FreeRTOS/portable/MemMang/heap_4.c(261): warning: unsafe pointer arithmetic [-Wunsafe-buffer-usage]
  261 |                     pvReturn = ( void * ) ( ( ( uint8_t * ) heapPROTECT_BLOCK_POINTER( pxPreviousBlock->pxNextFreeBlock ) ) + xHeapStructSize );
      |                                             ^~~~~~~~~~~~~~~~~~~~~~~~~~~~~~~~~~~~~~~~~~~~~~~~~~~~~~~~~~~~~~~~~~~~~~~~~~~~~~~
../Middlewares/FreeRTOS/portable/MemMang/heap_4.c(262): warning: unsafe buffer access [-Wunsafe-buffer-usage]
  262 |                     heapVALIDATE_BLOCK_POINTER( pvReturn );
      |                     ^~~~~~~~~~~~~~~~~~~~~~~~~~~~~~~~~~~~~~
../Middlewares/FreeRTOS/portable/MemMang/heap_4.c(136): note: expanded from macro 'heapVALIDATE_BLOCK_POINTER'
  136 |                   ( ( uint8_t * ) ( pxBlock ) <= &( ucHeap[ configTOTAL_HEAP_SIZE - 1 ] ) ) )
      |                                                     ^~~~~~
../Middlewares/FreeRTOS\FreeRTOSConfig.h(54): note: expanded from macro 'configASSERT'
   54 |     if ((x) == 0) { taskDISABLE_INTERRUPTS(); for (;;) { } }
      |          ^
../Middlewares/FreeRTOS/portable/MemMang/heap_4.c(278): warning: unsafe pointer arithmetic [-Wunsafe-buffer-usage]
  278 |                         pxNewBlockLink = ( void * ) ( ( ( uint8_t * ) pxBlock ) + xWantedSize );
      |                                                       ^~~~~~~~~~~~~~~~~~~~~~~~~
../Middlewares/FreeRTOS/portable/MemMang/heap_4.c(363): warning: unsafe pointer arithmetic [-Wunsafe-buffer-usage]
  363 |         puc -= xHeapStructSize;
      |         ^~~
../Middlewares/FreeRTOS/portable/MemMang/heap_4.c(368): warning: unsafe buffer access [-Wunsafe-buffer-usage]
  368 |         heapVALIDATE_BLOCK_POINTER( pxLink );
      |         ^~~~~~~~~~~~~~~~~~~~~~~~~~~~~~~~~~~~
../Middlewares/FreeRTOS/portable/MemMang/heap_4.c(136): note: expanded from macro 'heapVALIDATE_BLOCK_POINTER'
  136 |                   ( ( uint8_t * ) ( pxBlock ) <= &( ucHeap[ configTOTAL_HEAP_SIZE - 1 ] ) ) )
      |                                                     ^~~~~~
../Middlewares/FreeRTOS\FreeRTOSConfig.h(54): note: expanded from macro 'configASSERT'
   54 |     if ((x) == 0) { taskDISABLE_INTERRUPTS(); for (;;) { } }
      |          ^
../Middlewares/FreeRTOS/portable/MemMang/heap_4.c(518): warning: unsafe buffer access [-Wunsafe-buffer-usage]
  518 |         heapVALIDATE_BLOCK_POINTER( pxIterator );
      |         ^~~~~~~~~~~~~~~~~~~~~~~~~~~~~~~~~~~~~~~~
../Middlewares/FreeRTOS/portable/MemMang/heap_4.c(136): note: expanded from macro 'heapVALIDATE_BLOCK_POINTER'
  136 |                   ( ( uint8_t * ) ( pxBlock ) <= &( ucHeap[ configTOTAL_HEAP_SIZE - 1 ] ) ) )
      |                                                     ^~~~~~
../Middlewares/FreeRTOS\FreeRTOSConfig.h(54): note: expanded from macro 'configASSERT'
   54 |     if ((x) == 0) { taskDISABLE_INTERRUPTS(); for (;;) { } }
      |          ^
../Middlewares/FreeRTOS/portable/MemMang/heap_4.c(525): warning: unsafe pointer arithmetic [-Wunsafe-buffer-usage]
  525 |     if( ( puc + pxIterator->xBlockSize ) == ( uint8_t * ) pxBlockToInsert )
      |           ^~~
../Middlewares/FreeRTOS/portable/MemMang/heap_4.c(539): warning: unsafe pointer arithmetic [-Wunsafe-buffer-usage]
  539 |     if( ( puc + pxBlockToInsert->xBlockSize ) == ( uint8_t * ) heapPROTECT_BLOCK_POINTER( pxIterator->pxNextFreeBlock ) )
      |           ^~~
20 warnings generated.
compiling heap_4.c...
".\OBJ\C1.axf" - 1 Error(s), 896 Warning(s).
Target not created.
Build Time Elapsed:  00:00:05
