*** Using Compiler 'V6.21', folder: 'D:\keil5\ARM\ARMCLANG\Bin'
Build target 'Target 1'
assembling startup_stm32f407xx.s...
armclang: warning: no such include directory: 'Drivers/CMSIS/Device/ST/STM32F4xx/Include' [-Wmissing-include-dirs]
../Core/Src/protocol.c(4): warning: In file included from...../Core/Inc\protocol.h(86): warning: '_Bool' is a C99 extension [-Wc99-extensions]
   86 | bool proto_parser_feed(proto_parser_t *p, uint8_t byte, proto_frame_t *out);
      | ^
D:\keil5\ARM\ARMCLANG\bin\..\include\stdbool.h(15): note: expanded from macro 'bool'
   15 |     #define bool _Bool
      |                  ^
../Core/Src/protocol.c(10): warning: variable declaration in for loop is a C99-specific feature [-Wc99-extensions]
   10 |     for (uint16_t i = 0; i < len; i++) {
      |          ^
../Core/Src/protocol.c(10): warning: GCC does not allow variable declarations in for loop initializers before C99 [-Wgcc-compat]
../Core/Src/protocol.c(12): warning: variable declaration in for loop is a C99-specific feature [-Wc99-extensions]
   12 |         for (uint8_t b = 0; b < 8; b++) {
      |              ^
../Core/Src/protocol.c(12): warning: GCC does not allow variable declarations in for loop initializers before C99 [-Wgcc-compat]
../Core/Src/protocol.c(4): warning: In file included from...../Core/Inc\protocol.h(66): warning: padding struct 'proto_parser_t' with 3 bytes to align 'ok_cnt' [-Wpadded]
   66 |     uint32_t ok_cnt;
      |              ^
../Core/Src/protocol.c(70): warning: '_Bool' is a C99 extension [-Wc99-extensions]
   70 | bool proto_parser_feed(proto_parser_t *p, uint8_t byte, proto_frame_t *out)
      | ^
D:\keil5\ARM\ARMCLANG\bin\..\include\stdbool.h(15): note: expanded from macro 'bool'
   15 |     #define bool _Bool
      |                  ^
../Core/Src/protocol.c(128): warning: variable declaration in for loop is a C99-specific feature [-Wc99-extensions]
  128 |         for (uint8_t i = 0; i < out->len && i < PROTO_MAX_DATA; i++) {
      |              ^
../Core/Src/protocol.c(128): warning: GCC does not allow variable declarations in for loop initializers before C99 [-Wgcc-compat]
../Core/Src/protocol.c(117): warning: mixing declarations and code is a C99 extension [-Wdeclaration-after-statement]
  117 |         uint16_t rx_crc = (uint16_t)(p->buf[p->idx] | ((uint16_t)byte << 8));
      |                  ^
../Core/Src/protocol.c(162): warning: variable declaration in for loop is a C99-specific feature [-Wc99-extensions]
  162 |     for (uint8_t i = 0; i < len; i++) {
      |          ^
../Core/Src/protocol.c(162): warning: GCC does not allow variable declarations in for loop initializers before C99 [-Wgcc-compat]
../Core/Src/protocol.c(11): warning: unsafe buffer access [-Wunsafe-buffer-usage]
   11 |         crc ^= (uint16_t)buf[i];
      |                          ^~~
../Core/Src/protocol.c(26): warning: unsafe buffer access [-Wunsafe-buffer-usage]
   26 |     return (int16_t)((uint16_t)p[0] | ((uint16_t)p[1] << 8));
      |                                                  ^
../Core/Src/protocol.c(31): warning: unsafe buffer access [-Wunsafe-buffer-usage]
   31 |     return (int32_t)((uint32_t)p[0] | ((uint32_t)p[1] << 8) |
      |                                                  ^
../Core/Src/protocol.c(32): warning: unsafe buffer access [-Wunsafe-buffer-usage]
   32 |                      ((uint32_t)p[2] << 16) | ((uint32_t)p[3] << 24));
      |                                 ^
../Core/Src/protocol.c(32): warning: unsafe buffer access [-Wunsafe-buffer-usage]
   32 |                      ((uint32_t)p[2] << 16) | ((uint32_t)p[3] << 24));
      |                                                          ^
../Core/Src/protocol.c(38): warning: unsafe buffer access [-Wunsafe-buffer-usage]
   38 |     p[1] = (uint8_t)((v >> 8) & 0xFF);
      |     ^
../Core/Src/protocol.c(44): warning: unsafe buffer access [-Wunsafe-buffer-usage]
   44 |     p[1] = (uint8_t)((v >> 8) & 0xFF);
      |     ^
../Core/Src/protocol.c(45): warning: unsafe buffer access [-Wunsafe-buffer-usage]
   45 |     p[2] = (uint8_t)((v >> 16) & 0xFF);
      |     ^
../Core/Src/protocol.c(46): warning: unsafe buffer access [-Wunsafe-buffer-usage]
   46 |     p[3] = (uint8_t)((v >> 24) & 0xFF);
      |     ^
../Core/Src/protocol.c(104): warning: unsafe buffer access [-Wunsafe-buffer-usage]
  104 |         p->buf[p->idx++] = byte;
      |         ^~~~~~
../Core/Src/protocol.c(111): warning: unsafe buffer access [-Wunsafe-buffer-usage]
  111 |         p->buf[p->idx] = byte;              /* 暂存低字节 */
      |         ^~~~~~
../Core/Src/protocol.c(116): warning: unsafe buffer access [-Wunsafe-buffer-usage]
  116 |         p->buf[p->idx + 1u] = byte;
      |         ^~~~~~
../Core/Src/protocol.c(117): warning: unsafe buffer access [-Wunsafe-buffer-usage]
  117 |         uint16_t rx_crc = (uint16_t)(p->buf[p->idx] | ((uint16_t)byte << 8));
      |                                      ^~~~~~
../Core/Src/protocol.c(125): warning: unsafe buffer access [-Wunsafe-buffer-usage]
  125 |         out->seq = p->buf[1];
      |                    ^~~~~~
../Core/Src/protocol.c(126): warning: unsafe buffer access [-Wunsafe-buffer-usage]
  126 |         out->cmd = p->buf[2];
      |                    ^~~~~~
../Core/Src/protocol.c(129): warning: unsafe buffer access [-Wunsafe-buffer-usage]
  129 |             out->data[i] = p->buf[3u + i];
      |             ^~~~~~~~~
../Core/Src/protocol.c(129): warning: unsafe buffer access [-Wunsafe-buffer-usage]
  129 |             out->data[i] = p->buf[3u + i];
      |                            ^~~~~~
../Core/Src/protocol.c(158): warning: unsafe buffer access [-Wunsafe-buffer-usage]
  158 |     out[1] = PROTO_SOF1;
      |     ^~~
../Core/Src/protocol.c(159): warning: unsafe buffer access [-Wunsafe-buffer-usage]
  159 |     out[2] = (uint8_t)(len + 2u);       /* LEN = SEQ + CMD + DATA */
      |     ^~~
../Core/Src/protocol.c(160): warning: unsafe buffer access [-Wunsafe-buffer-usage]
  160 |     out[3] = seq;
      |     ^~~
../Core/Src/protocol.c(161): warning: unsafe buffer access [-Wunsafe-buffer-usage]
  161 |     out[4] = cmd;
      |     ^~~
../Core/Src/protocol.c(163): warning: unsafe buffer access [-Wunsafe-buffer-usage]
  163 |         out[5u + i] = data ? data[i] : 0u;
      |         ^~~
../Core/Src/protocol.c(163): warning: unsafe buffer access [-Wunsafe-buffer-usage]
  163 |         out[5u + i] = data ? data[i] : 0u;
      |                              ^~~~
../Core/Src/protocol.c(167): warning: unsafe buffer access [-Wunsafe-buffer-usage]
  167 |         uint16_t crc = proto_crc16(&out[2], (uint16_t)(len + 3u));
      |                                     ^~~
../Core/Src/protocol.c(168): warning: unsafe buffer access [-Wunsafe-buffer-usage]
  168 |         out[5u + len]      = (uint8_t)(crc & 0xFF);
      |         ^~~
../Core/Src/protocol.c(169): warning: unsafe buffer access [-Wunsafe-buffer-usage]
  169 |         out[5u + len + 1u] = (uint8_t)((crc >> 8) & 0xFF);
      |         ^~~
38 warnings generated.
compiling protocol.c...
armclang: warning: no such include directory: 'Drivers/CMSIS/Device/ST/STM32F4xx/Include' [-Wmissing-include-dirs]
../Core/Src/stm32f4xx_it.c(7): warning: In file included from...../Core/Inc\main.h(4): warning: In file included from...../Drivers/STM32F4xx_HAL_Driver/inc\stm32f4xx_hal.h(30): warning: In file included from...../Drivers/CMSIS\stm32f4xx_hal_conf.h(220): warning: In file included from...../Drivers/STM32F4xx_HAL_Driver/inc\stm32f4xx_hal_rcc.h(29): warning: In file included from...../Drivers/STM32F4xx_HAL_Driver/inc\stm32f4xx_hal_def.h(30): warning: In file included from...../Drivers/CMSIS\stm32f4xx.h(11): warning: invalid UTF-8 in comment [-Winvalid-utf8]
   11 |   *              - To use or not the peripheral<92>s drivers in application code(i.e. 
      |                                                ^
../Drivers/CMSIS\stm32f4xx.h(12): warning: invalid UTF-8 in comment [-Winvalid-utf8]
   12 |   *                code will be based on direct access to peripheral<92>s registers 
      |                                                                     ^
../Core/Src/stm32f4xx_it.c(7): warning: In file included from...../Core/Inc\main.h(4): warning: In file included from...../Drivers/STM32F4xx_HAL_Driver/inc\stm32f4xx_hal.h(30): warning: In file included from...../Drivers/CMSIS\stm32f4xx_hal_conf.h(224): warning: In file included from...../Drivers/STM32F4xx_HAL_Driver/inc\stm32f4xx_hal_exti.h(49): warning: commas at the end of enumerator lists are a C99-specific feature [-Wc99-extensions]
   49 |   HAL_EXTI_FALLING_CB_ID         = 0x02U,
      |                                         ^
../Core/Src/stm32f4xx_it.c(7): warning: In file included from...../Core/Inc\main.h(4): warning: In file included from...../Drivers/STM32F4xx_HAL_Driver/inc\stm32f4xx_hal.h(30): warning: In file included from...../Drivers/CMSIS\stm32f4xx_hal_conf.h(232): warning: In file included from...../Drivers/STM32F4xx_HAL_Driver/inc\stm32f4xx_hal_dma.h(110): warning: commas at the end of enumerator lists are a C99-specific feature [-Wc99-extensions]
  110 |   HAL_DMA_STATE_ABORT             = 0x05U,  /*!< DMA Abort state                     */
      |                                          ^
../Core/Src/stm32f4xx_it.c(7): warning: In file included from...../Core/Inc\main.h(4): warning: In file included from...../Drivers/STM32F4xx_HAL_Driver/inc\stm32f4xx_hal.h(30): warning: In file included from...../Drivers/CMSIS\stm32f4xx_hal_conf.h(368): warning: In file included from...../Drivers/STM32F4xx_HAL_Driver/inc\stm32f4xx_hal_pcd.h(64): warning: commas at the end of enumerator lists are a C99-specific feature [-Wc99-extensions]
   64 |   LPM_L3 = 0x03, /* off */
      |                ^
../Drivers/STM32F4xx_HAL_Driver/inc\stm32f4xx_hal_pcd.h(70): warning: commas at the end of enumerator lists are a C99-specific feature [-Wc99-extensions]
   70 |   PCD_LPM_L1_ACTIVE = 0x01, /* LPM L1 sleep */
      |                           ^
../Drivers/STM32F4xx_HAL_Driver/inc\stm32f4xx_hal_pcd.h(80): warning: commas at the end of enumerator lists are a C99-specific feature [-Wc99-extensions]
   80 |   PCD_BCD_DISCOVERY_COMPLETED       = 0x00,
      |                                           ^
../Core/Src/stm32f4xx_it.c(7): warning: In file included from...../Core/Inc\main.h(4): warning: In file included from...../Drivers/STM32F4xx_HAL_Driver/inc\stm32f4xx_hal.h(30): warning: In file included from...../Drivers/CMSIS\stm32f4xx_hal_conf.h(368): warning: In file included from...../Drivers/STM32F4xx_HAL_Driver/inc\stm32f4xx_hal_pcd.h(29): warning: In file included from...../Drivers/STM32F4xx_HAL_Driver/inc\stm32f4xx_ll_usb.h(186): warning: padding struct 'USB_OTG_HCTypeDef' with 1 byte to align 'xfer_buff' [-Wpadded]
  186 |   uint8_t   *xfer_buff;         /*!< Pointer to transfer buffer.                                                */
      |              ^
../Drivers/STM32F4xx_HAL_Driver/inc\stm32f4xx_ll_usb.h(198): warning: padding struct 'USB_OTG_HCTypeDef' with 2 bytes to align 'dma_addr' [-Wpadded]
  198 |   uint32_t  dma_addr;           /*!< 32 bits aligned transfer buffer address.                                   */
      |             ^
../Drivers/STM32F4xx_HAL_Driver/inc\stm32f4xx_ll_usb.h(156): warning: padding size of 'USB_OTG_HCTypeDef' with 2 bytes to alignment boundary [-Wpadded]
  156 | typedef struct
      |         ^
../Core/Src/stm32f4xx_it.c(9): warning: In file included from...../Middlewares/FreeRTOS/include\FreeRTOS.h(58): error: 'FreeRTOSConfig.h' file not found
   58 | #include "FreeRTOSConfig.h"
      |          ^~~~~~~~~~~~~~~~~~
10 warnings and 1 error generated.
compiling stm32f4xx_it.c...
armclang: warning: no such include directory: 'Drivers/CMSIS/Device/ST/STM32F4xx/Include' [-Wmissing-include-dirs]
../Drivers/CMSIS/system_stm32f4xx.c(64): warning: In file included from...../Drivers/CMSIS\stm32f4xx.h(11): warning: invalid UTF-8 in comment [-Winvalid-utf8]
   11 |   *              - To use or not the peripheral<92>s drivers in application code(i.e. 
      |                                                ^
../Drivers/CMSIS\stm32f4xx.h(12): warning: invalid UTF-8 in comment [-Winvalid-utf8]
   12 |   *                code will be based on direct access to peripheral<92>s registers 
      |                                                                     ^
../Drivers/CMSIS/system_stm32f4xx.c(64): warning: In file included from...../Drivers/CMSIS\stm32f4xx.h(250): warning: In file included from...../Drivers/STM32F4xx_HAL_Driver/inc\stm32f4xx_hal.h(30): warning: In file included from...../Drivers/CMSIS\stm32f4xx_hal_conf.h(220): warning: In file included from...../Drivers/STM32F4xx_HAL_Driver/inc\stm32f4xx_hal_rcc.h(29): warning: In file included from...../Drivers/STM32F4xx_HAL_Driver/inc\stm32f4xx_hal_def.h(30): warning: In file included from...../Drivers/CMSIS\stm32f4xx.h(11): warning: invalid UTF-8 in comment [-Winvalid-utf8]
   11 |   *              - To use or not the peripheral<92>s drivers in application code(i.e. 
      |                                                ^
../Drivers/CMSIS\stm32f4xx.h(12): warning: invalid UTF-8 in comment [-Winvalid-utf8]
   12 |   *                code will be based on direct access to peripheral<92>s registers 
      |                                                                     ^
../Drivers/CMSIS/system_stm32f4xx.c(64): warning: In file included from...../Drivers/CMSIS\stm32f4xx.h(250): warning: In file included from...../Drivers/STM32F4xx_HAL_Driver/inc\stm32f4xx_hal.h(30): warning: In file included from...../Drivers/CMSIS\stm32f4xx_hal_conf.h(224): warning: In file included from...../Drivers/STM32F4xx_HAL_Driver/inc\stm32f4xx_hal_exti.h(49): warning: commas at the end of enumerator lists are a C99-specific feature [-Wc99-extensions]
   49 |   HAL_EXTI_FALLING_CB_ID         = 0x02U,
      |                                         ^
../Drivers/CMSIS/system_stm32f4xx.c(64): warning: In file included from...../Drivers/CMSIS\stm32f4xx.h(250): warning: In file included from...../Drivers/STM32F4xx_HAL_Driver/inc\stm32f4xx_hal.h(30): warning: In file included from...../Drivers/CMSIS\stm32f4xx_hal_conf.h(232): warning: In file included from...../Drivers/STM32F4xx_HAL_Driver/inc\stm32f4xx_hal_dma.h(110): warning: commas at the end of enumerator lists are a C99-specific feature [-Wc99-extensions]
  110 |   HAL_DMA_STATE_ABORT             = 0x05U,  /*!< DMA Abort state                     */
      |                                          ^
../Drivers/CMSIS/system_stm32f4xx.c(64): warning: In file included from...../Drivers/CMSIS\stm32f4xx.h(250): warning: In file included from...../Drivers/STM32F4xx_HAL_Driver/inc\stm32f4xx_hal.h(30): warning: In file included from...../Drivers/CMSIS\stm32f4xx_hal_conf.h(368): warning: In file included from...../Drivers/STM32F4xx_HAL_Driver/inc\stm32f4xx_hal_pcd.h(64): warning: commas at the end of enumerator lists are a C99-specific feature [-Wc99-extensions]
   64 |   LPM_L3 = 0x03, /* off */
      |                ^
../Drivers/STM32F4xx_HAL_Driver/inc\stm32f4xx_hal_pcd.h(70): warning: commas at the end of enumerator lists are a C99-specific feature [-Wc99-extensions]
   70 |   PCD_LPM_L1_ACTIVE = 0x01, /* LPM L1 sleep */
      |                           ^
../Drivers/STM32F4xx_HAL_Driver/inc\stm32f4xx_hal_pcd.h(80): warning: commas at the end of enumerator lists are a C99-specific feature [-Wc99-extensions]
   80 |   PCD_BCD_DISCOVERY_COMPLETED       = 0x00,
      |                                           ^
../Drivers/CMSIS/system_stm32f4xx.c(64): warning: In file included from...../Drivers/CMSIS\stm32f4xx.h(250): warning: In file included from...../Drivers/STM32F4xx_HAL_Driver/inc\stm32f4xx_hal.h(30): warning: In file included from...../Drivers/CMSIS\stm32f4xx_hal_conf.h(368): warning: In file included from...../Drivers/STM32F4xx_HAL_Driver/inc\stm32f4xx_hal_pcd.h(29): warning: In file included from...../Drivers/STM32F4xx_HAL_Driver/inc\stm32f4xx_ll_usb.h(186): warning: padding struct 'USB_OTG_HCTypeDef' with 1 byte to align 'xfer_buff' [-Wpadded]
  186 |   uint8_t   *xfer_buff;         /*!< Pointer to transfer buffer.                                                */
      |              ^
../Drivers/STM32F4xx_HAL_Driver/inc\stm32f4xx_ll_usb.h(198): warning: padding struct 'USB_OTG_HCTypeDef' with 2 bytes to align 'dma_addr' [-Wpadded]
  198 |   uint32_t  dma_addr;           /*!< 32 bits aligned transfer buffer address.                                   */
      |             ^
../Drivers/STM32F4xx_HAL_Driver/inc\stm32f4xx_ll_usb.h(156): warning: padding size of 'USB_OTG_HCTypeDef' with 2 bytes to alignment boundary [-Wpadded]
  156 | typedef struct
      |         ^
../Drivers/CMSIS/system_stm32f4xx.c(260): warning: unsafe buffer access [-Wunsafe-buffer-usage]
  260 |   tmp = AHBPrescTable[((RCC->CFGR & RCC_CFGR_HPRE) >> 4)];
      |         ^~~~~~~~~~~~~
13 warnings generated.
compiling system_stm32f4xx.c...
armclang: warning: no such include directory: 'Drivers/CMSIS/Device/ST/STM32F4xx/Include' [-Wmissing-include-dirs]
../Core/Src/app_tasks.c(13): warning: In file included from...../Core/Inc\protocol.h(86): warning: '_Bool' is a C99 extension [-Wc99-extensions]
   86 | bool proto_parser_feed(proto_parser_t *p, uint8_t byte, proto_frame_t *out);
      | ^
D:\keil5\ARM\ARMCLANG\bin\..\include\stdbool.h(15): note: expanded from macro 'bool'
   15 |     #define bool _Bool
      |                  ^
../Core/Src/app_tasks.c(14): warning: In file included from...../Core/Inc\motor.h(44): warning: '_Bool' is a C99 extension [-Wc99-extensions]
   44 | void Motor_SetEnable(bool en);
      |                      ^
D:\keil5\ARM\ARMCLANG\bin\..\include\stdbool.h(15): note: expanded from macro 'bool'
   15 |     #define bool _Bool
      |                  ^
../Core/Src/app_tasks.c(16): warning: In file included from...../Drivers/STM32F4xx_HAL_Driver/inc\stm32f4xx_hal.h(30): warning: In file included from...../Drivers/CMSIS\stm32f4xx_hal_conf.h(220): warning: In file included from...../Drivers/STM32F4xx_HAL_Driver/inc\stm32f4xx_hal_rcc.h(29): warning: In file included from...../Drivers/STM32F4xx_HAL_Driver/inc\stm32f4xx_hal_def.h(30): warning: In file included from...../Drivers/CMSIS\stm32f4xx.h(11): warning: invalid UTF-8 in comment [-Winvalid-utf8]
   11 |   *              - To use or not the peripheral<92>s drivers in application code(i.e. 
      |                                                ^
../Drivers/CMSIS\stm32f4xx.h(12): warning: invalid UTF-8 in comment [-Winvalid-utf8]
   12 |   *                code will be based on direct access to peripheral<92>s registers 
      |                                                                     ^
../Core/Src/app_tasks.c(16): warning: In file included from...../Drivers/STM32F4xx_HAL_Driver/inc\stm32f4xx_hal.h(30): warning: In file included from...../Drivers/CMSIS\stm32f4xx_hal_conf.h(224): warning: In file included from...../Drivers/STM32F4xx_HAL_Driver/inc\stm32f4xx_hal_exti.h(49): warning: commas at the end of enumerator lists are a C99-specific feature [-Wc99-extensions]
   49 |   HAL_EXTI_FALLING_CB_ID         = 0x02U,
      |                                         ^
../Core/Src/app_tasks.c(16): warning: In file included from...../Drivers/STM32F4xx_HAL_Driver/inc\stm32f4xx_hal.h(30): warning: In file included from...../Drivers/CMSIS\stm32f4xx_hal_conf.h(232): warning: In file included from...../Drivers/STM32F4xx_HAL_Driver/inc\stm32f4xx_hal_dma.h(110): warning: commas at the end of enumerator lists are a C99-specific feature [-Wc99-extensions]
  110 |   HAL_DMA_STATE_ABORT             = 0x05U,  /*!< DMA Abort state                     */
      |                                          ^
../Core/Src/app_tasks.c(16): warning: In file included from...../Drivers/STM32F4xx_HAL_Driver/inc\stm32f4xx_hal.h(30): warning: In file included from...../Drivers/CMSIS\stm32f4xx_hal_conf.h(368): warning: In file included from...../Drivers/STM32F4xx_HAL_Driver/inc\stm32f4xx_hal_pcd.h(64): warning: commas at the end of enumerator lists are a C99-specific feature [-Wc99-extensions]
   64 |   LPM_L3 = 0x03, /* off */
      |                ^
../Drivers/STM32F4xx_HAL_Driver/inc\stm32f4xx_hal_pcd.h(70): warning: commas at the end of enumerator lists are a C99-specific feature [-Wc99-extensions]
   70 |   PCD_LPM_L1_ACTIVE = 0x01, /* LPM L1 sleep */
      |                           ^
../Drivers/STM32F4xx_HAL_Driver/inc\stm32f4xx_hal_pcd.h(80): warning: commas at the end of enumerator lists are a C99-specific feature [-Wc99-extensions]
   80 |   PCD_BCD_DISCOVERY_COMPLETED       = 0x00,
      |                                           ^
../Core/Src/app_tasks.c(16): warning: In file included from...../Drivers/STM32F4xx_HAL_Driver/inc\stm32f4xx_hal.h(30): warning: In file included from...../Drivers/CMSIS\stm32f4xx_hal_conf.h(368): warning: In file included from...../Drivers/STM32F4xx_HAL_Driver/inc\stm32f4xx_hal_pcd.h(29): warning: In file included from...../Drivers/STM32F4xx_HAL_Driver/inc\stm32f4xx_ll_usb.h(186): warning: padding struct 'USB_OTG_HCTypeDef' with 1 byte to align 'xfer_buff' [-Wpadded]
  186 |   uint8_t   *xfer_buff;         /*!< Pointer to transfer buffer.                                                */
      |              ^
../Drivers/STM32F4xx_HAL_Driver/inc\stm32f4xx_ll_usb.h(198): warning: padding struct 'USB_OTG_HCTypeDef' with 2 bytes to align 'dma_addr' [-Wpadded]
  198 |   uint32_t  dma_addr;           /*!< 32 bits aligned transfer buffer address.                                   */
      |             ^
../Drivers/STM32F4xx_HAL_Driver/inc\stm32f4xx_ll_usb.h(156): warning: padding size of 'USB_OTG_HCTypeDef' with 2 bytes to alignment boundary [-Wpadded]
  156 | typedef struct
      |         ^
../Core/Src/app_tasks.c(17): warning: In file included from...../Middlewares/FreeRTOS/include\FreeRTOS.h(58): error: 'FreeRTOSConfig.h' file not found
   58 | #include "FreeRTOSConfig.h"
      |          ^~~~~~~~~~~~~~~~~~
12 warnings and 1 error generated.
compiling app_tasks.c...
armclang: warning: no such include directory: 'Drivers/CMSIS/Device/ST/STM32F4xx/Include' [-Wmissing-include-dirs]
../Drivers/STM32F4xx_HAL_Driver/src/stm32f4xx_hal.c(36): warning: In file included from...../Drivers/STM32F4xx_HAL_Driver/inc\stm32f4xx_hal.h(30): warning: In file included from...../Drivers/CMSIS\stm32f4xx_hal_conf.h(220): warning: In file included from...../Drivers/STM32F4xx_HAL_Driver/inc\stm32f4xx_hal_rcc.h(29): warning: In file included from...../Drivers/STM32F4xx_HAL_Driver/inc\stm32f4xx_hal_def.h(30): warning: In file included from...../Drivers/CMSIS\stm32f4xx.h(11): warning: invalid UTF-8 in comment [-Winvalid-utf8]
   11 |   *              - To use or not the peripheral<92>s drivers in application code(i.e. 
      |                                                ^
../Drivers/CMSIS\stm32f4xx.h(12): warning: invalid UTF-8 in comment [-Winvalid-utf8]
   12 |   *                code will be based on direct access to peripheral<92>s registers 
      |                                                                     ^
../Drivers/STM32F4xx_HAL_Driver/src/stm32f4xx_hal.c(36): warning: In file included from...../Drivers/STM32F4xx_HAL_Driver/inc\stm32f4xx_hal.h(30): warning: In file included from...../Drivers/CMSIS\stm32f4xx_hal_conf.h(224): warning: In file included from...../Drivers/STM32F4xx_HAL_Driver/inc\stm32f4xx_hal_exti.h(49): warning: commas at the end of enumerator lists are a C99-specific feature [-Wc99-extensions]
   49 |   HAL_EXTI_FALLING_CB_ID         = 0x02U,
      |                                         ^
../Drivers/STM32F4xx_HAL_Driver/src/stm32f4xx_hal.c(36): warning: In file included from...../Drivers/STM32F4xx_HAL_Driver/inc\stm32f4xx_hal.h(30): warning: In file included from...../Drivers/CMSIS\stm32f4xx_hal_conf.h(232): warning: In file included from...../Drivers/STM32F4xx_HAL_Driver/inc\stm32f4xx_hal_dma.h(110): warning: commas at the end of enumerator lists are a C99-specific feature [-Wc99-extensions]
  110 |   HAL_DMA_STATE_ABORT             = 0x05U,  /*!< DMA Abort state                     */
      |                                          ^
../Drivers/STM32F4xx_HAL_Driver/src/stm32f4xx_hal.c(36): warning: In file included from...../Drivers/STM32F4xx_HAL_Driver/inc\stm32f4xx_hal.h(30): warning: In file included from...../Drivers/CMSIS\stm32f4xx_hal_conf.h(368): warning: In file included from...../Drivers/STM32F4xx_HAL_Driver/inc\stm32f4xx_hal_pcd.h(64): warning: commas at the end of enumerator lists are a C99-specific feature [-Wc99-extensions]
   64 |   LPM_L3 = 0x03, /* off */
      |                ^
../Drivers/STM32F4xx_HAL_Driver/inc\stm32f4xx_hal_pcd.h(70): warning: commas at the end of enumerator lists are a C99-specific feature [-Wc99-extensions]
   70 |   PCD_LPM_L1_ACTIVE = 0x01, /* LPM L1 sleep */
      |                           ^
../Drivers/STM32F4xx_HAL_Driver/inc\stm32f4xx_hal_pcd.h(80): warning: commas at the end of enumerator lists are a C99-specific feature [-Wc99-extensions]
   80 |   PCD_BCD_DISCOVERY_COMPLETED       = 0x00,
      |                                           ^
../Drivers/STM32F4xx_HAL_Driver/src/stm32f4xx_hal.c(36): warning: In file included from...../Drivers/STM32F4xx_HAL_Driver/inc\stm32f4xx_hal.h(30): warning: In file included from...../Drivers/CMSIS\stm32f4xx_hal_conf.h(368): warning: In file included from...../Drivers/STM32F4xx_HAL_Driver/inc\stm32f4xx_hal_pcd.h(29): warning: In file included from...../Drivers/STM32F4xx_HAL_Driver/inc\stm32f4xx_ll_usb.h(186): warning: padding struct 'USB_OTG_HCTypeDef' with 1 byte to align 'xfer_buff' [-Wpadded]
  186 |   uint8_t   *xfer_buff;         /*!< Pointer to transfer buffer.                                                */
      |              ^
../Drivers/STM32F4xx_HAL_Driver/inc\stm32f4xx_ll_usb.h(198): warning: padding struct 'USB_OTG_HCTypeDef' with 2 bytes to align 'dma_addr' [-Wpadded]
  198 |   uint32_t  dma_addr;           /*!< 32 bits aligned transfer buffer address.                                   */
      |             ^
../Drivers/STM32F4xx_HAL_Driver/inc\stm32f4xx_ll_usb.h(156): warning: padding size of 'USB_OTG_HCTypeDef' with 2 bytes to alignment boundary [-Wpadded]
  156 | typedef struct
      |         ^
../Drivers/STM32F4xx_HAL_Driver/src/stm32f4xx_hal.c(95): warning: no previous extern declaration for non-static variable 'uwTickPrio' [-Wmissing-variable-declarations]
   95 | uint32_t uwTickPrio   = (1UL << __NVIC_PRIO_BITS); /* Invalid PRIO */
      |          ^
../Drivers/STM32F4xx_HAL_Driver/src/stm32f4xx_hal.c(95): note: declare 'static' if the variable is not intended to be used outside of this translation unit
   95 | uint32_t uwTickPrio   = (1UL << __NVIC_PRIO_BITS); /* Invalid PRIO */
      | ^
../Drivers/STM32F4xx_HAL_Driver/src/stm32f4xx_hal.c(96): warning: no previous extern declaration for non-static variable 'uwTickFreq' [-Wmissing-variable-declarations]
   96 | HAL_TickFreqTypeDef uwTickFreq = HAL_TICK_FREQ_DEFAULT;  /* 1KHz */
      |                     ^
../Drivers/STM32F4xx_HAL_Driver/src/stm32f4xx_hal.c(96): note: declare 'static' if the variable is not intended to be used outside of this translation unit
   96 | HAL_TickFreqTypeDef uwTickFreq = HAL_TICK_FREQ_DEFAULT;  /* 1KHz */
      | ^
../Drivers/STM32F4xx_HAL_Driver/src/stm32f4xx_hal.c(94): warning: no previous extern declaration for non-static variable 'uwTick' [-Wmissing-variable-declarations]
   94 | __IO uint32_t uwTick;
      |               ^
../Drivers/STM32F4xx_HAL_Driver/src/stm32f4xx_hal.c(94): note: declare 'static' if the variable is not intended to be used outside of this translation unit
   94 | __IO uint32_t uwTick;
      |      ^
13 warnings generated.
compiling stm32f4xx_hal.c...
armclang: warning: no such include directory: 'Drivers/CMSIS/Device/ST/STM32F4xx/Include' [-Wmissing-include-dirs]
../Core/Src/main.c(12): warning: In file included from...../Core/Inc\main.h(4): warning: In file included from...../Drivers/STM32F4xx_HAL_Driver/inc\stm32f4xx_hal.h(30): warning: In file included from...../Drivers/CMSIS\stm32f4xx_hal_conf.h(220): warning: In file included from...../Drivers/STM32F4xx_HAL_Driver/inc\stm32f4xx_hal_rcc.h(29): warning: In file included from...../Drivers/STM32F4xx_HAL_Driver/inc\stm32f4xx_hal_def.h(30): warning: In file included from...../Drivers/CMSIS\stm32f4xx.h(11): warning: invalid UTF-8 in comment [-Winvalid-utf8]
   11 |   *              - To use or not the peripheral<92>s drivers in application code(i.e. 
      |                                                ^
../Drivers/CMSIS\stm32f4xx.h(12): warning: invalid UTF-8 in comment [-Winvalid-utf8]
   12 |   *                code will be based on direct access to peripheral<92>s registers 
      |                                                                     ^
../Core/Src/main.c(12): warning: In file included from...../Core/Inc\main.h(4): warning: In file included from...../Drivers/STM32F4xx_HAL_Driver/inc\stm32f4xx_hal.h(30): warning: In file included from...../Drivers/CMSIS\stm32f4xx_hal_conf.h(224): warning: In file included from...../Drivers/STM32F4xx_HAL_Driver/inc\stm32f4xx_hal_exti.h(49): warning: commas at the end of enumerator lists are a C99-specific feature [-Wc99-extensions]
   49 |   HAL_EXTI_FALLING_CB_ID         = 0x02U,
      |                                         ^
../Core/Src/main.c(12): warning: In file included from...../Core/Inc\main.h(4): warning: In file included from...../Drivers/STM32F4xx_HAL_Driver/inc\stm32f4xx_hal.h(30): warning: In file included from...../Drivers/CMSIS\stm32f4xx_hal_conf.h(232): warning: In file included from...../Drivers/STM32F4xx_HAL_Driver/inc\stm32f4xx_hal_dma.h(110): warning: commas at the end of enumerator lists are a C99-specific feature [-Wc99-extensions]
  110 |   HAL_DMA_STATE_ABORT             = 0x05U,  /*!< DMA Abort state                     */
      |                                          ^
../Core/Src/main.c(12): warning: In file included from...../Core/Inc\main.h(4): warning: In file included from...../Drivers/STM32F4xx_HAL_Driver/inc\stm32f4xx_hal.h(30): warning: In file included from...../Drivers/CMSIS\stm32f4xx_hal_conf.h(368): warning: In file included from...../Drivers/STM32F4xx_HAL_Driver/inc\stm32f4xx_hal_pcd.h(64): warning: commas at the end of enumerator lists are a C99-specific feature [-Wc99-extensions]
   64 |   LPM_L3 = 0x03, /* off */
      |                ^
../Drivers/STM32F4xx_HAL_Driver/inc\stm32f4xx_hal_pcd.h(70): warning: commas at the end of enumerator lists are a C99-specific feature [-Wc99-extensions]
   70 |   PCD_LPM_L1_ACTIVE = 0x01, /* LPM L1 sleep */
      |                           ^
../Drivers/STM32F4xx_HAL_Driver/inc\stm32f4xx_hal_pcd.h(80): warning: commas at the end of enumerator lists are a C99-specific feature [-Wc99-extensions]
   80 |   PCD_BCD_DISCOVERY_COMPLETED       = 0x00,
      |                                           ^
../Core/Src/main.c(12): warning: In file included from...../Core/Inc\main.h(4): warning: In file included from...../Drivers/STM32F4xx_HAL_Driver/inc\stm32f4xx_hal.h(30): warning: In file included from...../Drivers/CMSIS\stm32f4xx_hal_conf.h(368): warning: In file included from...../Drivers/STM32F4xx_HAL_Driver/inc\stm32f4xx_hal_pcd.h(29): warning: In file included from...../Drivers/STM32F4xx_HAL_Driver/inc\stm32f4xx_ll_usb.h(186): warning: padding struct 'USB_OTG_HCTypeDef' with 1 byte to align 'xfer_buff' [-Wpadded]
  186 |   uint8_t   *xfer_buff;         /*!< Pointer to transfer buffer.                                                */
      |              ^
../Drivers/STM32F4xx_HAL_Driver/inc\stm32f4xx_ll_usb.h(198): warning: padding struct 'USB_OTG_HCTypeDef' with 2 bytes to align 'dma_addr' [-Wpadded]
  198 |   uint32_t  dma_addr;           /*!< 32 bits aligned transfer buffer address.                                   */
      |             ^
../Drivers/STM32F4xx_HAL_Driver/inc\stm32f4xx_ll_usb.h(156): warning: padding size of 'USB_OTG_HCTypeDef' with 2 bytes to alignment boundary [-Wpadded]
  156 | typedef struct
      |         ^
../Core/Src/main.c(12): warning: In file included from...../Core/Inc\main.h(4): warning: In file included from...../Drivers/STM32F4xx_HAL_Driver/inc\stm32f4xx_hal.h(30): warning: In file included from...../Drivers/CMSIS\stm32f4xx_hal_conf.h(348): warning: In file included from...../Drivers/STM32F4xx_HAL_Driver/inc\stm32f4xx_hal_uart.h(172): warning: padding struct 'struct __UART_HandleTypeDef' with 1 byte to align 'ErrorCode' [-Wpadded]
  172 |   __IO uint32_t                 ErrorCode;        /*!< UART Error code                    */
      |                                 ^
../Core/Src/main.c(12): warning: In file included from...../Core/Inc\main.h(4): warning: In file included from...../Drivers/STM32F4xx_HAL_Driver/inc\stm32f4xx_hal.h(30): warning: In file included from...../Drivers/CMSIS\stm32f4xx_hal_conf.h(344): warning: In file included from...../Drivers/STM32F4xx_HAL_Driver/inc\stm32f4xx_hal_tim.h(316): warning: padding struct 'TIM_HandleTypeDef' with 3 bytes to align 'hdma' [-Wpadded]
  316 |   DMA_HandleTypeDef           *hdma[7];      /*!< DMA Handlers array
      |                                ^
../Drivers/STM32F4xx_HAL_Driver/inc\stm32f4xx_hal_tim.h(310): warning: padding size of 'TIM_HandleTypeDef' with 2 bytes to alignment boundary [-Wpadded]
  310 | typedef struct
      |         ^
../Core/Src/main.c(54): warning: implicit declaration of function 'vTaskStartScheduler' [-Wimplicit-function-declaration]
   54 |     vTaskStartScheduler();
      |     ^
../Core/Src/main.c(12): warning: In file included from...../Core/Inc\main.h(4): warning: In file included from...../Drivers/STM32F4xx_HAL_Driver/inc\stm32f4xx_hal.h(30): warning: In file included from...../Drivers/CMSIS\stm32f4xx_hal_conf.h(232): warning: In file included from...../Drivers/STM32F4xx_HAL_Driver/inc\stm32f4xx_hal_dma.h(149): warning: padding struct 'struct __DMA_HandleTypeDef' with 2 bytes to align 'Parent' [-Wpadded]
  149 |   void                       *Parent;                                                          /*!< Parent object state                    */ 
      |                               ^
../Core/Src/main.c(78): error: unknown type name 'TaskHandle_t'
   78 | void vApplicationStackOverflowHook(TaskHandle_t xTask, char *pcTaskName)
      |                                    ^
../Core/Src/main.c(82): warning: implicit declaration of function 'taskDISABLE_INTERRUPTS' [-Wimplicit-function-declaration]
   82 |     taskDISABLE_INTERRUPTS();
      |     ^
../Core/Src/main.c(88): warning: implicit declaration of function 'taskDISABLE_INTERRUPTS' [-Wimplicit-function-declaration]
   88 |     taskDISABLE_INTERRUPTS();
      |     ^
../Core/Src/main.c(86): warning: no previous prototype for function 'vApplicationMallocFailedHook' [-Wmissing-prototypes]
   86 | void vApplicationMallocFailedHook(void)
      |      ^
../Core/Src/main.c(86): note: declare 'static' if the function is not intended to be used outside of this translation unit
   86 | void vApplicationMallocFailedHook(void)
      | ^
      | static 
../Core/Src/main.c(16): warning: no previous extern declaration for non-static variable 'huart3' [-Wmissing-variable-declarations]
   16 | UART_HandleTypeDef huart3;
      |                    ^
../Core/Src/main.c(16): note: declare 'static' if the variable is not intended to be used outside of this translation unit
   16 | UART_HandleTypeDef huart3;
      | ^
../Core/Src/main.c(17): warning: no previous extern declaration for non-static variable 'hdma_usart3_tx' [-Wmissing-variable-declarations]
   17 | DMA_HandleTypeDef  hdma_usart3_tx;
      |                    ^
../Core/Src/main.c(17): note: declare 'static' if the variable is not intended to be used outside of this translation unit
   17 | DMA_HandleTypeDef  hdma_usart3_tx;
      | ^
../Core/Src/main.c(18): warning: no previous extern declaration for non-static variable 'htim2' [-Wmissing-variable-declarations]
   18 | TIM_HandleTypeDef  htim2;
      |                    ^
../Core/Src/main.c(18): note: declare 'static' if the variable is not intended to be used outside of this translation unit
   18 | TIM_HandleTypeDef  htim2;
      | ^
../Core/Src/main.c(19): warning: no previous extern declaration for non-static variable 'htim3' [-Wmissing-variable-declarations]
   19 | TIM_HandleTypeDef  htim3;
      |                    ^
../Core/Src/main.c(19): note: declare 'static' if the variable is not intended to be used outside of this translation unit
   19 | TIM_HandleTypeDef  htim3;
      | ^
../Core/Src/main.c(20): warning: no previous extern declaration for non-static variable 'htim7' [-Wmissing-variable-declarations]
   20 | TIM_HandleTypeDef  htim7;
      |                    ^
../Core/Src/main.c(20): note: declare 'static' if the variable is not intended to be used outside of this translation unit
   20 | TIM_HandleTypeDef  htim7;
      | ^
../Core/Src/main.c(21): warning: no previous extern declaration for non-static variable 'htim8' [-Wmissing-variable-declarations]
   21 | TIM_HandleTypeDef  htim8;
      |                    ^
../Core/Src/main.c(21): note: declare 'static' if the variable is not intended to be used outside of this translation unit
   21 | TIM_HandleTypeDef  htim8;
      | ^
../Core/Src/main.c(22): warning: no previous extern declaration for non-static variable 'hiwdg' [-Wmissing-variable-declarations]
   22 | IWDG_HandleTypeDef hiwdg;
      |                    ^
../Core/Src/main.c(22): note: declare 'static' if the variable is not intended to be used outside of this translation unit
   22 | IWDG_HandleTypeDef hiwdg;
      | ^
25 warnings and 1 error generated.
compiling main.c...
armclang: warning: no such include directory: 'Drivers/CMSIS/Device/ST/STM32F4xx/Include' [-Wmissing-include-dirs]
../Drivers/STM32F4xx_HAL_Driver/src/stm32f4xx_hal_gpio.c(108): warning: In file included from...../Drivers/STM32F4xx_HAL_Driver/inc\stm32f4xx_hal.h(30): warning: In file included from...../Drivers/CMSIS\stm32f4xx_hal_conf.h(220): warning: In file included from...../Drivers/STM32F4xx_HAL_Driver/inc\stm32f4xx_hal_rcc.h(29): warning: In file included from...../Drivers/STM32F4xx_HAL_Driver/inc\stm32f4xx_hal_def.h(30): warning: In file included from...../Drivers/CMSIS\stm32f4xx.h(11): warning: invalid UTF-8 in comment [-Winvalid-utf8]
   11 |   *              - To use or not the peripheral<92>s drivers in application code(i.e. 
      |                                                ^
../Drivers/CMSIS\stm32f4xx.h(12): warning: invalid UTF-8 in comment [-Winvalid-utf8]
   12 |   *                code will be based on direct access to peripheral<92>s registers 
      |                                                                     ^
../Drivers/STM32F4xx_HAL_Driver/src/stm32f4xx_hal_gpio.c(108): warning: In file included from...../Drivers/STM32F4xx_HAL_Driver/inc\stm32f4xx_hal.h(30): warning: In file included from...../Drivers/CMSIS\stm32f4xx_hal_conf.h(224): warning: In file included from...../Drivers/STM32F4xx_HAL_Driver/inc\stm32f4xx_hal_exti.h(49): warning: commas at the end of enumerator lists are a C99-specific feature [-Wc99-extensions]
   49 |   HAL_EXTI_FALLING_CB_ID         = 0x02U,
      |                                         ^
../Drivers/STM32F4xx_HAL_Driver/src/stm32f4xx_hal_gpio.c(108): warning: In file included from...../Drivers/STM32F4xx_HAL_Driver/inc\stm32f4xx_hal.h(30): warning: In file included from...../Drivers/CMSIS\stm32f4xx_hal_conf.h(232): warning: In file included from...../Drivers/STM32F4xx_HAL_Driver/inc\stm32f4xx_hal_dma.h(110): warning: commas at the end of enumerator lists are a C99-specific feature [-Wc99-extensions]
  110 |   HAL_DMA_STATE_ABORT             = 0x05U,  /*!< DMA Abort state                     */
      |                                          ^
../Drivers/STM32F4xx_HAL_Driver/src/stm32f4xx_hal_gpio.c(108): warning: In file included from...../Drivers/STM32F4xx_HAL_Driver/inc\stm32f4xx_hal.h(30): warning: In file included from...../Drivers/CMSIS\stm32f4xx_hal_conf.h(368): warning: In file included from...../Drivers/STM32F4xx_HAL_Driver/inc\stm32f4xx_hal_pcd.h(64): warning: commas at the end of enumerator lists are a C99-specific feature [-Wc99-extensions]
   64 |   LPM_L3 = 0x03, /* off */
      |                ^
../Drivers/STM32F4xx_HAL_Driver/inc\stm32f4xx_hal_pcd.h(70): warning: commas at the end of enumerator lists are a C99-specific feature [-Wc99-extensions]
   70 |   PCD_LPM_L1_ACTIVE = 0x01, /* LPM L1 sleep */
      |                           ^
../Drivers/STM32F4xx_HAL_Driver/inc\stm32f4xx_hal_pcd.h(80): warning: commas at the end of enumerator lists are a C99-specific feature [-Wc99-extensions]
   80 |   PCD_BCD_DISCOVERY_COMPLETED       = 0x00,
      |                                           ^
../Drivers/STM32F4xx_HAL_Driver/src/stm32f4xx_hal_gpio.c(108): warning: In file included from...../Drivers/STM32F4xx_HAL_Driver/inc\stm32f4xx_hal.h(30): warning: In file included from...../Drivers/CMSIS\stm32f4xx_hal_conf.h(368): warning: In file included from...../Drivers/STM32F4xx_HAL_Driver/inc\stm32f4xx_hal_pcd.h(29): warning: In file included from...../Drivers/STM32F4xx_HAL_Driver/inc\stm32f4xx_ll_usb.h(186): warning: padding struct 'USB_OTG_HCTypeDef' with 1 byte to align 'xfer_buff' [-Wpadded]
  186 |   uint8_t   *xfer_buff;         /*!< Pointer to transfer buffer.                                                */
      |              ^
../Drivers/STM32F4xx_HAL_Driver/inc\stm32f4xx_ll_usb.h(198): warning: padding struct 'USB_OTG_HCTypeDef' with 2 bytes to align 'dma_addr' [-Wpadded]
  198 |   uint32_t  dma_addr;           /*!< 32 bits aligned transfer buffer address.                                   */
      |             ^
../Drivers/STM32F4xx_HAL_Driver/inc\stm32f4xx_ll_usb.h(156): warning: padding size of 'USB_OTG_HCTypeDef' with 2 bytes to alignment boundary [-Wpadded]
  156 | typedef struct
      |         ^
../Drivers/STM32F4xx_HAL_Driver/src/stm32f4xx_hal_gpio.c(201): warning: unsafe buffer access [-Wunsafe-buffer-usage]
  201 |         temp = GPIOx->AFR[position >> 3U];
      |                ^~~~~~~~~~
../Drivers/STM32F4xx_HAL_Driver/src/stm32f4xx_hal_gpio.c(204): warning: unsafe buffer access [-Wunsafe-buffer-usage]
  204 |         GPIOx->AFR[position >> 3U] = temp;
      |         ^~~~~~~~~~
../Drivers/STM32F4xx_HAL_Driver/src/stm32f4xx_hal_gpio.c(245): warning: unsafe buffer access [-Wunsafe-buffer-usage]
  245 |         temp = SYSCFG->EXTICR[position >> 2U];
      |                ^~~~~~~~~~~~~~
../Drivers/CMSIS\stm32f407xx.h(1114): note: expanded from macro 'SYSCFG'
 1114 | #define SYSCFG              ((SYSCFG_TypeDef *) SYSCFG_BASE)
      |                             ^
../Drivers/STM32F4xx_HAL_Driver/src/stm32f4xx_hal_gpio.c(248): warning: unsafe buffer access [-Wunsafe-buffer-usage]
  248 |         SYSCFG->EXTICR[position >> 2U] = temp;
      |         ^~~~~~~~~~~~~~
../Drivers/CMSIS\stm32f407xx.h(1114): note: expanded from macro 'SYSCFG'
 1114 | #define SYSCFG              ((SYSCFG_TypeDef *) SYSCFG_BASE)
      |                             ^
../Drivers/STM32F4xx_HAL_Driver/src/stm32f4xx_hal_gpio.c(317): warning: unsafe buffer access [-Wunsafe-buffer-usage]
  317 |       tmp = SYSCFG->EXTICR[position >> 2U];
      |             ^~~~~~~~~~~~~~
../Drivers/CMSIS\stm32f407xx.h(1114): note: expanded from macro 'SYSCFG'
 1114 | #define SYSCFG              ((SYSCFG_TypeDef *) SYSCFG_BASE)
      |                             ^
../Drivers/STM32F4xx_HAL_Driver/src/stm32f4xx_hal_gpio.c(323): warning: unsafe buffer access [-Wunsafe-buffer-usage]
  323 |         SYSCFG->EXTICR[position >> 2U] &= ~tmp;
      |         ^~~~~~~~~~~~~~
../Drivers/CMSIS\stm32f407xx.h(1114): note: expanded from macro 'SYSCFG'
 1114 | #define SYSCFG              ((SYSCFG_TypeDef *) SYSCFG_BASE)
      |                             ^
../Drivers/STM32F4xx_HAL_Driver/src/stm32f4xx_hal_gpio.c(339): warning: unsafe buffer access [-Wunsafe-buffer-usage]
  339 |       GPIOx->AFR[position >> 3U] &= ~(0xFU << ((uint32_t)(position & 0x07U) * 4U)) ;
      |       ^~~~~~~~~~
17 warnings generated.
compiling stm32f4xx_hal_gpio.c...
armclang: warning: no such include directory: 'Drivers/CMSIS/Device/ST/STM32F4xx/Include' [-Wmissing-include-dirs]
../Drivers/STM32F4xx_HAL_Driver/src/stm32f4xx_hal_rcc_ex.c(25): warning: In file included from...../Drivers/STM32F4xx_HAL_Driver/inc\stm32f4xx_hal.h(30): warning: In file included from...../Drivers/CMSIS\stm32f4xx_hal_conf.h(220): warning: In file included from...../Drivers/STM32F4xx_HAL_Driver/inc\stm32f4xx_hal_rcc.h(29): warning: In file included from...../Drivers/STM32F4xx_HAL_Driver/inc\stm32f4xx_hal_def.h(30): warning: In file included from...../Drivers/CMSIS\stm32f4xx.h(11): warning: invalid UTF-8 in comment [-Winvalid-utf8]
   11 |   *              - To use or not the peripheral<92>s drivers in application code(i.e. 
      |                                                ^
../Drivers/CMSIS\stm32f4xx.h(12): warning: invalid UTF-8 in comment [-Winvalid-utf8]
   12 |   *                code will be based on direct access to peripheral<92>s registers 
      |                                                                     ^
../Drivers/STM32F4xx_HAL_Driver/src/stm32f4xx_hal_rcc_ex.c(25): warning: In file included from...../Drivers/STM32F4xx_HAL_Driver/inc\stm32f4xx_hal.h(30): warning: In file included from...../Drivers/CMSIS\stm32f4xx_hal_conf.h(224): warning: In file included from...../Drivers/STM32F4xx_HAL_Driver/inc\stm32f4xx_hal_exti.h(49): warning: commas at the end of enumerator lists are a C99-specific feature [-Wc99-extensions]
   49 |   HAL_EXTI_FALLING_CB_ID         = 0x02U,
      |                                         ^
../Drivers/STM32F4xx_HAL_Driver/src/stm32f4xx_hal_rcc_ex.c(25): warning: In file included from...../Drivers/STM32F4xx_HAL_Driver/inc\stm32f4xx_hal.h(30): warning: In file included from...../Drivers/CMSIS\stm32f4xx_hal_conf.h(232): warning: In file included from...../Drivers/STM32F4xx_HAL_Driver/inc\stm32f4xx_hal_dma.h(110): warning: commas at the end of enumerator lists are a C99-specific feature [-Wc99-extensions]
  110 |   HAL_DMA_STATE_ABORT             = 0x05U,  /*!< DMA Abort state                     */
      |                                          ^
../Drivers/STM32F4xx_HAL_Driver/src/stm32f4xx_hal_rcc_ex.c(25): warning: In file included from...../Drivers/STM32F4xx_HAL_Driver/inc\stm32f4xx_hal.h(30): warning: In file included from...../Drivers/CMSIS\stm32f4xx_hal_conf.h(368): warning: In file included from...../Drivers/STM32F4xx_HAL_Driver/inc\stm32f4xx_hal_pcd.h(64): warning: commas at the end of enumerator lists are a C99-specific feature [-Wc99-extensions]
   64 |   LPM_L3 = 0x03, /* off */
      |                ^
../Drivers/STM32F4xx_HAL_Driver/inc\stm32f4xx_hal_pcd.h(70): warning: commas at the end of enumerator lists are a C99-specific feature [-Wc99-extensions]
   70 |   PCD_LPM_L1_ACTIVE = 0x01, /* LPM L1 sleep */
      |                           ^
../Drivers/STM32F4xx_HAL_Driver/inc\stm32f4xx_hal_pcd.h(80): warning: commas at the end of enumerator lists are a C99-specific feature [-Wc99-extensions]
   80 |   PCD_BCD_DISCOVERY_COMPLETED       = 0x00,
      |                                           ^
../Drivers/STM32F4xx_HAL_Driver/src/stm32f4xx_hal_rcc_ex.c(25): warning: In file included from...../Drivers/STM32F4xx_HAL_Driver/inc\stm32f4xx_hal.h(30): warning: In file included from...../Drivers/CMSIS\stm32f4xx_hal_conf.h(368): warning: In file included from...../Drivers/STM32F4xx_HAL_Driver/inc\stm32f4xx_hal_pcd.h(29): warning: In file included from...../Drivers/STM32F4xx_HAL_Driver/inc\stm32f4xx_ll_usb.h(186): warning: padding struct 'USB_OTG_HCTypeDef' with 1 byte to align 'xfer_buff' [-Wpadded]
  186 |   uint8_t   *xfer_buff;         /*!< Pointer to transfer buffer.                                                */
      |              ^
../Drivers/STM32F4xx_HAL_Driver/inc\stm32f4xx_ll_usb.h(198): warning: padding struct 'USB_OTG_HCTypeDef' with 2 bytes to align 'dma_addr' [-Wpadded]
  198 |   uint32_t  dma_addr;           /*!< 32 bits aligned transfer buffer address.                                   */
      |             ^
../Drivers/STM32F4xx_HAL_Driver/inc\stm32f4xx_ll_usb.h(156): warning: padding size of 'USB_OTG_HCTypeDef' with 2 bytes to alignment boundary [-Wpadded]
  156 | typedef struct
      |         ^
../Drivers/STM32F4xx_HAL_Driver/src/stm32f4xx_hal_rcc_ex.c(2678): warning: 'switch' missing 'default' label [-Wswitch-default]
 2678 |   switch (PeriphClk)
      |   ^
11 warnings generated.
compiling stm32f4xx_hal_rcc_ex.c...
armclang: warning: no such include directory: 'Drivers/CMSIS/Device/ST/STM32F4xx/Include' [-Wmissing-include-dirs]
../Core/Src/stm32f4xx_hal_msp.c(4): warning: In file included from...../Core/Inc\main.h(4): warning: In file included from...../Drivers/STM32F4xx_HAL_Driver/inc\stm32f4xx_hal.h(30): warning: In file included from...../Drivers/CMSIS\stm32f4xx_hal_conf.h(220): warning: In file included from...../Drivers/STM32F4xx_HAL_Driver/inc\stm32f4xx_hal_rcc.h(29): warning: In file included from...../Drivers/STM32F4xx_HAL_Driver/inc\stm32f4xx_hal_def.h(30): warning: In file included from...../Drivers/CMSIS\stm32f4xx.h(11): warning: invalid UTF-8 in comment [-Winvalid-utf8]
   11 |   *              - To use or not the peripheral<92>s drivers in application code(i.e. 
      |                                                ^
../Drivers/CMSIS\stm32f4xx.h(12): warning: invalid UTF-8 in comment [-Winvalid-utf8]
   12 |   *                code will be based on direct access to peripheral<92>s registers 
      |                                                                     ^
../Core/Src/stm32f4xx_hal_msp.c(4): warning: In file included from...../Core/Inc\main.h(4): warning: In file included from...../Drivers/STM32F4xx_HAL_Driver/inc\stm32f4xx_hal.h(30): warning: In file included from...../Drivers/CMSIS\stm32f4xx_hal_conf.h(224): warning: In file included from...../Drivers/STM32F4xx_HAL_Driver/inc\stm32f4xx_hal_exti.h(49): warning: commas at the end of enumerator lists are a C99-specific feature [-Wc99-extensions]
   49 |   HAL_EXTI_FALLING_CB_ID         = 0x02U,
      |                                         ^
../Core/Src/stm32f4xx_hal_msp.c(4): warning: In file included from...../Core/Inc\main.h(4): warning: In file included from...../Drivers/STM32F4xx_HAL_Driver/inc\stm32f4xx_hal.h(30): warning: In file included from...../Drivers/CMSIS\stm32f4xx_hal_conf.h(232): warning: In file included from...../Drivers/STM32F4xx_HAL_Driver/inc\stm32f4xx_hal_dma.h(110): warning: commas at the end of enumerator lists are a C99-specific feature [-Wc99-extensions]
  110 |   HAL_DMA_STATE_ABORT             = 0x05U,  /*!< DMA Abort state                     */
      |                                          ^
../Core/Src/stm32f4xx_hal_msp.c(4): warning: In file included from...../Core/Inc\main.h(4): warning: In file included from...../Drivers/STM32F4xx_HAL_Driver/inc\stm32f4xx_hal.h(30): warning: In file included from...../Drivers/CMSIS\stm32f4xx_hal_conf.h(368): warning: In file included from...../Drivers/STM32F4xx_HAL_Driver/inc\stm32f4xx_hal_pcd.h(64): warning: commas at the end of enumerator lists are a C99-specific feature [-Wc99-extensions]
   64 |   LPM_L3 = 0x03, /* off */
      |                ^
../Drivers/STM32F4xx_HAL_Driver/inc\stm32f4xx_hal_pcd.h(70): warning: commas at the end of enumerator lists are a C99-specific feature [-Wc99-extensions]
   70 |   PCD_LPM_L1_ACTIVE = 0x01, /* LPM L1 sleep */
      |                           ^
../Drivers/STM32F4xx_HAL_Driver/inc\stm32f4xx_hal_pcd.h(80): warning: commas at the end of enumerator lists are a C99-specific feature [-Wc99-extensions]
   80 |   PCD_BCD_DISCOVERY_COMPLETED       = 0x00,
      |                                           ^
../Core/Src/stm32f4xx_hal_msp.c(4): warning: In file included from...../Core/Inc\main.h(4): warning: In file included from...../Drivers/STM32F4xx_HAL_Driver/inc\stm32f4xx_hal.h(30): warning: In file included from...../Drivers/CMSIS\stm32f4xx_hal_conf.h(368): warning: In file included from...../Drivers/STM32F4xx_HAL_Driver/inc\stm32f4xx_hal_pcd.h(29): warning: In file included from...../Drivers/STM32F4xx_HAL_Driver/inc\stm32f4xx_ll_usb.h(186): warning: padding struct 'USB_OTG_HCTypeDef' with 1 byte to align 'xfer_buff' [-Wpadded]
  186 |   uint8_t   *xfer_buff;         /*!< Pointer to transfer buffer.                                                */
      |              ^
../Drivers/STM32F4xx_HAL_Driver/inc\stm32f4xx_ll_usb.h(198): warning: padding struct 'USB_OTG_HCTypeDef' with 2 bytes to align 'dma_addr' [-Wpadded]
  198 |   uint32_t  dma_addr;           /*!< 32 bits aligned transfer buffer address.                                   */
      |             ^
../Drivers/STM32F4xx_HAL_Driver/inc\stm32f4xx_ll_usb.h(156): warning: padding size of 'USB_OTG_HCTypeDef' with 2 bytes to alignment boundary [-Wpadded]
  156 | typedef struct
      |         ^
../Core/Src/stm32f4xx_hal_msp.c(4): warning: In file included from...../Core/Inc\main.h(4): warning: In file included from...../Drivers/STM32F4xx_HAL_Driver/inc\stm32f4xx_hal.h(30): warning: In file included from...../Drivers/CMSIS\stm32f4xx_hal_conf.h(232): warning: In file included from...../Drivers/STM32F4xx_HAL_Driver/inc\stm32f4xx_hal_dma.h(149): warning: padding struct 'struct __DMA_HandleTypeDef' with 2 bytes to align 'Parent' [-Wpadded]
  149 |   void                       *Parent;                                                          /*!< Parent object state                    */ 
      |                               ^
../Core/Src/stm32f4xx_hal_msp.c(4): warning: In file included from...../Core/Inc\main.h(4): warning: In file included from...../Drivers/STM32F4xx_HAL_Driver/inc\stm32f4xx_hal.h(30): warning: In file included from...../Drivers/CMSIS\stm32f4xx_hal_conf.h(348): warning: In file included from...../Drivers/STM32F4xx_HAL_Driver/inc\stm32f4xx_hal_uart.h(172): warning: padding struct 'struct __UART_HandleTypeDef' with 1 byte to align 'ErrorCode' [-Wpadded]
  172 |   __IO uint32_t                 ErrorCode;        /*!< UART Error code                    */
      |                                 ^
../Core/Src/stm32f4xx_hal_msp.c(4): warning: In file included from...../Core/Inc\main.h(4): warning: In file included from...../Drivers/STM32F4xx_HAL_Driver/inc\stm32f4xx_hal.h(30): warning: In file included from...../Drivers/CMSIS\stm32f4xx_hal_conf.h(344): warning: In file included from...../Drivers/STM32F4xx_HAL_Driver/inc\stm32f4xx_hal_tim.h(316): warning: padding struct 'TIM_HandleTypeDef' with 3 bytes to align 'hdma' [-Wpadded]
  316 |   DMA_HandleTypeDef           *hdma[7];      /*!< DMA Handlers array
      |                                ^
../Drivers/STM32F4xx_HAL_Driver/inc\stm32f4xx_hal_tim.h(310): warning: padding size of 'TIM_HandleTypeDef' with 2 bytes to alignment boundary [-Wpadded]
  310 | typedef struct
      |         ^
14 warnings generated.
compiling stm32f4xx_hal_msp.c...
armclang: warning: no such include directory: 'Drivers/CMSIS/Device/ST/STM32F4xx/Include' [-Wmissing-include-dirs]
../Drivers/STM32F4xx_HAL_Driver/src/stm32f4xx_hal_cortex.c(83): warning: In file included from...../Drivers/STM32F4xx_HAL_Driver/inc\stm32f4xx_hal.h(30): warning: In file included from...../Drivers/CMSIS\stm32f4xx_hal_conf.h(220): warning: In file included from...../Drivers/STM32F4xx_HAL_Driver/inc\stm32f4xx_hal_rcc.h(29): warning: In file included from...../Drivers/STM32F4xx_HAL_Driver/inc\stm32f4xx_hal_def.h(30): warning: In file included from...../Drivers/CMSIS\stm32f4xx.h(11): warning: invalid UTF-8 in comment [-Winvalid-utf8]
   11 |   *              - To use or not the peripheral<92>s drivers in application code(i.e. 
      |                                                ^
../Drivers/CMSIS\stm32f4xx.h(12): warning: invalid UTF-8 in comment [-Winvalid-utf8]
   12 |   *                code will be based on direct access to peripheral<92>s registers 
      |                                                                     ^
../Drivers/STM32F4xx_HAL_Driver/src/stm32f4xx_hal_cortex.c(83): warning: In file included from...../Drivers/STM32F4xx_HAL_Driver/inc\stm32f4xx_hal.h(30): warning: In file included from...../Drivers/CMSIS\stm32f4xx_hal_conf.h(224): warning: In file included from...../Drivers/STM32F4xx_HAL_Driver/inc\stm32f4xx_hal_exti.h(49): warning: commas at the end of enumerator lists are a C99-specific feature [-Wc99-extensions]
   49 |   HAL_EXTI_FALLING_CB_ID         = 0x02U,
      |                                         ^
../Drivers/STM32F4xx_HAL_Driver/src/stm32f4xx_hal_cortex.c(83): warning: In file included from...../Drivers/STM32F4xx_HAL_Driver/inc\stm32f4xx_hal.h(30): warning: In file included from...../Drivers/CMSIS\stm32f4xx_hal_conf.h(232): warning: In file included from...../Drivers/STM32F4xx_HAL_Driver/inc\stm32f4xx_hal_dma.h(110): warning: commas at the end of enumerator lists are a C99-specific feature [-Wc99-extensions]
  110 |   HAL_DMA_STATE_ABORT             = 0x05U,  /*!< DMA Abort state                     */
      |                                          ^
../Drivers/STM32F4xx_HAL_Driver/src/stm32f4xx_hal_cortex.c(83): warning: In file included from...../Drivers/STM32F4xx_HAL_Driver/inc\stm32f4xx_hal.h(30): warning: In file included from...../Drivers/CMSIS\stm32f4xx_hal_conf.h(368): warning: In file included from...../Drivers/STM32F4xx_HAL_Driver/inc\stm32f4xx_hal_pcd.h(64): warning: commas at the end of enumerator lists are a C99-specific feature [-Wc99-extensions]
   64 |   LPM_L3 = 0x03, /* off */
      |                ^
../Drivers/STM32F4xx_HAL_Driver/inc\stm32f4xx_hal_pcd.h(70): warning: commas at the end of enumerator lists are a C99-specific feature [-Wc99-extensions]
   70 |   PCD_LPM_L1_ACTIVE = 0x01, /* LPM L1 sleep */
      |                           ^
../Drivers/STM32F4xx_HAL_Driver/inc\stm32f4xx_hal_pcd.h(80): warning: commas at the end of enumerator lists are a C99-specific feature [-Wc99-extensions]
   80 |   PCD_BCD_DISCOVERY_COMPLETED       = 0x00,
      |                                           ^
../Drivers/STM32F4xx_HAL_Driver/src/stm32f4xx_hal_cortex.c(83): warning: In file included from...../Drivers/STM32F4xx_HAL_Driver/inc\stm32f4xx_hal.h(30): warning: In file included from...../Drivers/CMSIS\stm32f4xx_hal_conf.h(368): warning: In file included from...../Drivers/STM32F4xx_HAL_Driver/inc\stm32f4xx_hal_pcd.h(29): warning: In file included from...../Drivers/STM32F4xx_HAL_Driver/inc\stm32f4xx_ll_usb.h(186): warning: padding struct 'USB_OTG_HCTypeDef' with 1 byte to align 'xfer_buff' [-Wpadded]
  186 |   uint8_t   *xfer_buff;         /*!< Pointer to transfer buffer.                                                */
      |              ^
../Drivers/STM32F4xx_HAL_Driver/inc\stm32f4xx_ll_usb.h(198): warning: padding struct 'USB_OTG_HCTypeDef' with 2 bytes to align 'dma_addr' [-Wpadded]
  198 |   uint32_t  dma_addr;           /*!< 32 bits aligned transfer buffer address.                                   */
      |             ^
../Drivers/STM32F4xx_HAL_Driver/inc\stm32f4xx_ll_usb.h(156): warning: padding size of 'USB_OTG_HCTypeDef' with 2 bytes to alignment boundary [-Wpadded]
  156 | typedef struct
      |         ^
../Drivers/STM32F4xx_HAL_Driver/src/stm32f4xx_hal_cortex.c(217): warning: function 'HAL_NVIC_SystemReset' could be declared with attribute 'noreturn' [-Wmissing-noreturn]
  217 | {
      | ^
../Drivers/STM32F4xx_HAL_Driver/src/stm32f4xx_hal_cortex.c(261): warning: empty expression statement has no effect; remove unnecessary ';' to silence this warning [-Wextra-semi-stmt]
  261 |   __DMB();
      |          ^
../Drivers/STM32F4xx_HAL_Driver/src/stm32f4xx_hal_cortex.c(290): warning: empty expression statement has no effect; remove unnecessary ';' to silence this warning [-Wextra-semi-stmt]
  290 |   __DSB();
      |          ^
../Drivers/STM32F4xx_HAL_Driver/src/stm32f4xx_hal_cortex.c(291): warning: empty expression statement has no effect; remove unnecessary ';' to silence this warning [-Wextra-semi-stmt]
  291 |   __ISB();
      |          ^
../Drivers/STM32F4xx_HAL_Driver/src/stm32f4xx_hal_cortex.c(83): warning: In file included from...../Drivers/STM32F4xx_HAL_Driver/inc\stm32f4xx_hal.h(30): warning: In file included from...../Drivers/CMSIS\stm32f4xx_hal_conf.h(236): warning: In file included from...../Drivers/STM32F4xx_HAL_Driver/inc\stm32f4xx_hal_cortex.h(54): warning: padding struct 'MPU_Region_InitTypeDef' with 2 bytes to align 'BaseAddress' [-Wpadded]
   54 |   uint32_t               BaseAddress;           /*!< Specifies the base address of the region to protect.                           */
      |                          ^
15 warnings generated.
compiling stm32f4xx_hal_cortex.c...
armclang: warning: no such include directory: 'Drivers/CMSIS/Device/ST/STM32F4xx/Include' [-Wmissing-include-dirs]
../Core/Src/motor.c(10): warning: In file included from...../Core/Inc\motor.h(44): warning: '_Bool' is a C99 extension [-Wc99-extensions]
   44 | void Motor_SetEnable(bool en);
      |                      ^
D:\keil5\ARM\ARMCLANG\bin\..\include\stdbool.h(15): note: expanded from macro 'bool'
   15 |     #define bool _Bool
      |                  ^
../Core/Src/motor.c(12): warning: In file included from...../Drivers/STM32F4xx_HAL_Driver/inc\stm32f4xx_hal.h(30): warning: In file included from...../Drivers/CMSIS\stm32f4xx_hal_conf.h(220): warning: In file included from...../Drivers/STM32F4xx_HAL_Driver/inc\stm32f4xx_hal_rcc.h(29): warning: In file included from...../Drivers/STM32F4xx_HAL_Driver/inc\stm32f4xx_hal_def.h(30): warning: In file included from...../Drivers/CMSIS\stm32f4xx.h(11): warning: invalid UTF-8 in comment [-Winvalid-utf8]
   11 |   *              - To use or not the peripheral<92>s drivers in application code(i.e. 
      |                                                ^
../Drivers/CMSIS\stm32f4xx.h(12): warning: invalid UTF-8 in comment [-Winvalid-utf8]
   12 |   *                code will be based on direct access to peripheral<92>s registers 
      |                                                                     ^
../Core/Src/motor.c(12): warning: In file included from...../Drivers/STM32F4xx_HAL_Driver/inc\stm32f4xx_hal.h(30): warning: In file included from...../Drivers/CMSIS\stm32f4xx_hal_conf.h(224): warning: In file included from...../Drivers/STM32F4xx_HAL_Driver/inc\stm32f4xx_hal_exti.h(49): warning: commas at the end of enumerator lists are a C99-specific feature [-Wc99-extensions]
   49 |   HAL_EXTI_FALLING_CB_ID         = 0x02U,
      |                                         ^
../Core/Src/motor.c(12): warning: In file included from...../Drivers/STM32F4xx_HAL_Driver/inc\stm32f4xx_hal.h(30): warning: In file included from...../Drivers/CMSIS\stm32f4xx_hal_conf.h(232): warning: In file included from...../Drivers/STM32F4xx_HAL_Driver/inc\stm32f4xx_hal_dma.h(110): warning: commas at the end of enumerator lists are a C99-specific feature [-Wc99-extensions]
  110 |   HAL_DMA_STATE_ABORT             = 0x05U,  /*!< DMA Abort state                     */
      |                                          ^
../Core/Src/motor.c(12): warning: In file included from...../Drivers/STM32F4xx_HAL_Driver/inc\stm32f4xx_hal.h(30): warning: In file included from...../Drivers/CMSIS\stm32f4xx_hal_conf.h(368): warning: In file included from...../Drivers/STM32F4xx_HAL_Driver/inc\stm32f4xx_hal_pcd.h(64): warning: commas at the end of enumerator lists are a C99-specific feature [-Wc99-extensions]
   64 |   LPM_L3 = 0x03, /* off */
      |                ^
../Drivers/STM32F4xx_HAL_Driver/inc\stm32f4xx_hal_pcd.h(70): warning: commas at the end of enumerator lists are a C99-specific feature [-Wc99-extensions]
   70 |   PCD_LPM_L1_ACTIVE = 0x01, /* LPM L1 sleep */
      |                           ^
../Drivers/STM32F4xx_HAL_Driver/inc\stm32f4xx_hal_pcd.h(80): warning: commas at the end of enumerator lists are a C99-specific feature [-Wc99-extensions]
   80 |   PCD_BCD_DISCOVERY_COMPLETED       = 0x00,
      |                                           ^
../Core/Src/motor.c(12): warning: In file included from...../Drivers/STM32F4xx_HAL_Driver/inc\stm32f4xx_hal.h(30): warning: In file included from...../Drivers/CMSIS\stm32f4xx_hal_conf.h(368): warning: In file included from...../Drivers/STM32F4xx_HAL_Driver/inc\stm32f4xx_hal_pcd.h(29): warning: In file included from...../Drivers/STM32F4xx_HAL_Driver/inc\stm32f4xx_ll_usb.h(186): warning: padding struct 'USB_OTG_HCTypeDef' with 1 byte to align 'xfer_buff' [-Wpadded]
  186 |   uint8_t   *xfer_buff;         /*!< Pointer to transfer buffer.                                                */
      |              ^
../Drivers/STM32F4xx_HAL_Driver/inc\stm32f4xx_ll_usb.h(198): warning: padding struct 'USB_OTG_HCTypeDef' with 2 bytes to align 'dma_addr' [-Wpadded]
  198 |   uint32_t  dma_addr;           /*!< 32 bits aligned transfer buffer address.                                   */
      |             ^
../Drivers/STM32F4xx_HAL_Driver/inc\stm32f4xx_ll_usb.h(156): warning: padding size of 'USB_OTG_HCTypeDef' with 2 bytes to alignment boundary [-Wpadded]
  156 | typedef struct
      |         ^
../Core/Src/motor.c(29): warning: '_Bool' is a C99 extension [-Wc99-extensions]
   29 | static bool    s_enabled;
      |        ^
D:\keil5\ARM\ARMCLANG\bin\..\include\stdbool.h(15): note: expanded from macro 'bool'
   15 |     #define bool _Bool
      |                  ^
../Core/Src/motor.c(12): warning: In file included from...../Drivers/STM32F4xx_HAL_Driver/inc\stm32f4xx_hal.h(30): warning: In file included from...../Drivers/CMSIS\stm32f4xx_hal_conf.h(344): warning: In file included from...../Drivers/STM32F4xx_HAL_Driver/inc\stm32f4xx_hal_tim.h(316): warning: padding struct 'TIM_HandleTypeDef' with 3 bytes to align 'hdma' [-Wpadded]
  316 |   DMA_HandleTypeDef           *hdma[7];      /*!< DMA Handlers array
      |                                ^
../Drivers/STM32F4xx_HAL_Driver/inc\stm32f4xx_hal_tim.h(310): warning: padding size of 'TIM_HandleTypeDef' with 2 bytes to alignment boundary [-Wpadded]
  310 | typedef struct
      |         ^
../Core/Src/motor.c(85): warning: variable declaration in for loop is a C99-specific feature [-Wc99-extensions]
   85 |     for (uint8_t i = 0; i < MOTOR_NUM; i++) {
      |          ^
../Core/Src/motor.c(85): warning: GCC does not allow variable declarations in for loop initializers before C99 [-Wgcc-compat]
../Core/Src/motor.c(91): warning: '_Bool' is a C99 extension [-Wc99-extensions]
   91 | void Motor_SetEnable(bool en)
      |                      ^
D:\keil5\ARM\ARMCLANG\bin\..\include\stdbool.h(15): note: expanded from macro 'bool'
   15 |     #define bool _Bool
      |                  ^
../Core/Src/motor.c(165): warning: variable declaration in for loop is a C99-specific feature [-Wc99-extensions]
  165 |     for (uint8_t i = 0; i < MOTOR_NUM; i++) {
      |          ^
../Core/Src/motor.c(165): warning: GCC does not allow variable declarations in for loop initializers before C99 [-Wgcc-compat]
../Core/Src/motor.c(172): warning: variable declaration in for loop is a C99-specific feature [-Wc99-extensions]
  172 |     for (uint8_t i = 0; i < MOTOR_NUM; i++) {
      |          ^
../Core/Src/motor.c(172): warning: GCC does not allow variable declarations in for loop initializers before C99 [-Wgcc-compat]
../Core/Src/motor.c(69): warning: unsafe buffer access [-Wunsafe-buffer-usage]
   69 |     set_pwm(s_ch_rpwm[MOTOR_LEFT],  0u);
      |             ^~~~~~~~~
../Core/Src/motor.c(70): warning: unsafe buffer access [-Wunsafe-buffer-usage]
   70 |     set_pwm(s_ch_lpwm[MOTOR_LEFT],  0u);
      |             ^~~~~~~~~
../Core/Src/motor.c(71): warning: unsafe buffer access [-Wunsafe-buffer-usage]
   71 |     set_pwm(s_ch_rpwm[MOTOR_RIGHT], 0u);
      |             ^~~~~~~~~
../Core/Src/motor.c(72): warning: unsafe buffer access [-Wunsafe-buffer-usage]
   72 |     set_pwm(s_ch_lpwm[MOTOR_RIGHT], 0u);
      |             ^~~~~~~~~
../Core/Src/motor.c(86): warning: unsafe buffer access [-Wunsafe-buffer-usage]
   86 |         s_duty[i] = 0;
      |         ^~~~~~
../Core/Src/motor.c(114): warning: unsafe buffer access [-Wunsafe-buffer-usage]
  114 |         s_duty[m] = 0;
      |         ^~~~~~
../Core/Src/motor.c(131): warning: unsafe buffer access [-Wunsafe-buffer-usage]
  131 |         set_pwm(s_ch_rpwm[m], mag);
      |                 ^~~~~~~~~
../Core/Src/motor.c(132): warning: unsafe buffer access [-Wunsafe-buffer-usage]
  132 |         set_pwm(s_ch_lpwm[m], 0u);
      |                 ^~~~~~~~~
../Core/Src/motor.c(134): warning: unsafe buffer access [-Wunsafe-buffer-usage]
  134 |         set_pwm(s_ch_rpwm[m], 0u);
      |                 ^~~~~~~~~
../Core/Src/motor.c(135): warning: unsafe buffer access [-Wunsafe-buffer-usage]
  135 |         set_pwm(s_ch_lpwm[m], mag);
      |                 ^~~~~~~~~
../Core/Src/motor.c(137): warning: unsafe buffer access [-Wunsafe-buffer-usage]
  137 |         set_pwm(s_ch_rpwm[m], 0u);
      |                 ^~~~~~~~~
../Core/Src/motor.c(138): warning: unsafe buffer access [-Wunsafe-buffer-usage]
  138 |         set_pwm(s_ch_lpwm[m], 0u);
      |                 ^~~~~~~~~
../Core/Src/motor.c(140): warning: unsafe buffer access [-Wunsafe-buffer-usage]
  140 |     s_duty[m] = duty;
      |     ^~~~~~
../Core/Src/motor.c(148): warning: unsafe buffer access [-Wunsafe-buffer-usage]
  148 |     set_pwm(s_ch_rpwm[m], 1000u);
      |             ^~~~~~~~~
../Core/Src/motor.c(149): warning: unsafe buffer access [-Wunsafe-buffer-usage]
  149 |     set_pwm(s_ch_lpwm[m], 1000u);
      |             ^~~~~~~~~
../Core/Src/motor.c(150): warning: unsafe buffer access [-Wunsafe-buffer-usage]
  150 |     s_duty[m] = 0;
      |     ^~~~~~
../Core/Src/motor.c(158): warning: unsafe buffer access [-Wunsafe-buffer-usage]
  158 |     set_pwm(s_ch_rpwm[m], 0u);
      |             ^~~~~~~~~
../Core/Src/motor.c(159): warning: unsafe buffer access [-Wunsafe-buffer-usage]
  159 |     set_pwm(s_ch_lpwm[m], 0u);
      |             ^~~~~~~~~
../Core/Src/motor.c(160): warning: unsafe buffer access [-Wunsafe-buffer-usage]
  160 |     s_duty[m] = 0;
      |     ^~~~~~
../Core/Src/motor.c(179): warning: unsafe buffer access [-Wunsafe-buffer-usage]
  179 |     return (m < MOTOR_NUM) ? s_duty[m] : 0;
      |                              ^~~~~~
41 warnings generated.
compiling motor.c...
armclang: warning: no such include directory: 'Drivers/CMSIS/Device/ST/STM32F4xx/Include' [-Wmissing-include-dirs]
../Core/Src/encoder.c(4): warning: In file included from...../Core/Inc\encoder.h(12): warning: In file included from...../Core/Inc\motor.h(44): warning: '_Bool' is a C99 extension [-Wc99-extensions]
   44 | void Motor_SetEnable(bool en);
      |                      ^
D:\keil5\ARM\ARMCLANG\bin\..\include\stdbool.h(15): note: expanded from macro 'bool'
   15 |     #define bool _Bool
      |                  ^
../Core/Src/encoder.c(6): warning: In file included from...../Drivers/STM32F4xx_HAL_Driver/inc\stm32f4xx_hal.h(30): warning: In file included from...../Drivers/CMSIS\stm32f4xx_hal_conf.h(220): warning: In file included from...../Drivers/STM32F4xx_HAL_Driver/inc\stm32f4xx_hal_rcc.h(29): warning: In file included from...../Drivers/STM32F4xx_HAL_Driver/inc\stm32f4xx_hal_def.h(30): warning: In file included from...../Drivers/CMSIS\stm32f4xx.h(11): warning: invalid UTF-8 in comment [-Winvalid-utf8]
   11 |   *              - To use or not the peripheral<92>s drivers in application code(i.e. 
      |                                                ^
../Drivers/CMSIS\stm32f4xx.h(12): warning: invalid UTF-8 in comment [-Winvalid-utf8]
   12 |   *                code will be based on direct access to peripheral<92>s registers 
      |                                                                     ^
../Core/Src/encoder.c(6): warning: In file included from...../Drivers/STM32F4xx_HAL_Driver/inc\stm32f4xx_hal.h(30): warning: In file included from...../Drivers/CMSIS\stm32f4xx_hal_conf.h(224): warning: In file included from...../Drivers/STM32F4xx_HAL_Driver/inc\stm32f4xx_hal_exti.h(49): warning: commas at the end of enumerator lists are a C99-specific feature [-Wc99-extensions]
   49 |   HAL_EXTI_FALLING_CB_ID         = 0x02U,
      |                                         ^
../Core/Src/encoder.c(6): warning: In file included from...../Drivers/STM32F4xx_HAL_Driver/inc\stm32f4xx_hal.h(30): warning: In file included from...../Drivers/CMSIS\stm32f4xx_hal_conf.h(232): warning: In file included from...../Drivers/STM32F4xx_HAL_Driver/inc\stm32f4xx_hal_dma.h(110): warning: commas at the end of enumerator lists are a C99-specific feature [-Wc99-extensions]
  110 |   HAL_DMA_STATE_ABORT             = 0x05U,  /*!< DMA Abort state                     */
      |                                          ^
../Core/Src/encoder.c(6): warning: In file included from...../Drivers/STM32F4xx_HAL_Driver/inc\stm32f4xx_hal.h(30): warning: In file included from...../Drivers/CMSIS\stm32f4xx_hal_conf.h(368): warning: In file included from...../Drivers/STM32F4xx_HAL_Driver/inc\stm32f4xx_hal_pcd.h(64): warning: commas at the end of enumerator lists are a C99-specific feature [-Wc99-extensions]
   64 |   LPM_L3 = 0x03, /* off */
      |                ^
../Drivers/STM32F4xx_HAL_Driver/inc\stm32f4xx_hal_pcd.h(70): warning: commas at the end of enumerator lists are a C99-specific feature [-Wc99-extensions]
   70 |   PCD_LPM_L1_ACTIVE = 0x01, /* LPM L1 sleep */
      |                           ^
../Drivers/STM32F4xx_HAL_Driver/inc\stm32f4xx_hal_pcd.h(80): warning: commas at the end of enumerator lists are a C99-specific feature [-Wc99-extensions]
   80 |   PCD_BCD_DISCOVERY_COMPLETED       = 0x00,
      |                                           ^
../Core/Src/encoder.c(6): warning: In file included from...../Drivers/STM32F4xx_HAL_Driver/inc\stm32f4xx_hal.h(30): warning: In file included from...../Drivers/CMSIS\stm32f4xx_hal_conf.h(368): warning: In file included from...../Drivers/STM32F4xx_HAL_Driver/inc\stm32f4xx_hal_pcd.h(29): warning: In file included from...../Drivers/STM32F4xx_HAL_Driver/inc\stm32f4xx_ll_usb.h(186): warning: padding struct 'USB_OTG_HCTypeDef' with 1 byte to align 'xfer_buff' [-Wpadded]
  186 |   uint8_t   *xfer_buff;         /*!< Pointer to transfer buffer.                                                */
      |              ^
../Drivers/STM32F4xx_HAL_Driver/inc\stm32f4xx_ll_usb.h(198): warning: padding struct 'USB_OTG_HCTypeDef' with 2 bytes to align 'dma_addr' [-Wpadded]
  198 |   uint32_t  dma_addr;           /*!< 32 bits aligned transfer buffer address.                                   */
      |             ^
../Drivers/STM32F4xx_HAL_Driver/inc\stm32f4xx_ll_usb.h(156): warning: padding size of 'USB_OTG_HCTypeDef' with 2 bytes to alignment boundary [-Wpadded]
  156 | typedef struct
      |         ^
../Core/Src/encoder.c(6): warning: In file included from...../Drivers/STM32F4xx_HAL_Driver/inc\stm32f4xx_hal.h(30): warning: In file included from...../Drivers/CMSIS\stm32f4xx_hal_conf.h(344): warning: In file included from...../Drivers/STM32F4xx_HAL_Driver/inc\stm32f4xx_hal_tim.h(316): warning: padding struct 'TIM_HandleTypeDef' with 3 bytes to align 'hdma' [-Wpadded]
  316 |   DMA_HandleTypeDef           *hdma[7];      /*!< DMA Handlers array
      |                                ^
../Drivers/STM32F4xx_HAL_Driver/inc\stm32f4xx_hal_tim.h(310): warning: padding size of 'TIM_HandleTypeDef' with 2 bytes to alignment boundary [-Wpadded]
  310 | typedef struct
      |         ^
../Core/Src/encoder.c(23): warning: variable declaration in for loop is a C99-specific feature [-Wc99-extensions]
   23 |     for (uint8_t i = 0; i < MOTOR_NUM; i++) {
      |          ^
../Core/Src/encoder.c(23): warning: GCC does not allow variable declarations in for loop initializers before C99 [-Wgcc-compat]
../Core/Src/encoder.c(38): warning: variable declaration in for loop is a C99-specific feature [-Wc99-extensions]
   38 |     for (uint8_t i = 0; i < MOTOR_NUM; i++) {
      |          ^
../Core/Src/encoder.c(38): warning: GCC does not allow variable declarations in for loop initializers before C99 [-Wgcc-compat]
../Core/Src/encoder.c(51): warning: mixing declarations and code is a C99 extension [-Wdeclaration-after-statement]
   51 |         float v = (float)d * MM_PER_COUNT * (1000.0f / (float)dt_ms);
      |               ^
../Core/Src/encoder.c(74): warning: mixing declarations and code is a C99 extension [-Wdeclaration-after-statement]
   74 |     float mm = (float)s_odo_cnt[m] * MM_PER_COUNT;
      |           ^
../Core/Src/encoder.c(80): warning: variable declaration in for loop is a C99-specific feature [-Wc99-extensions]
   80 |     for (uint8_t i = 0; i < MOTOR_NUM; i++) {
      |          ^
../Core/Src/encoder.c(80): warning: GCC does not allow variable declarations in for loop initializers before C99 [-Wgcc-compat]
../Core/Src/encoder.c(24): warning: unsafe buffer access [-Wunsafe-buffer-usage]
   24 |         __HAL_TIM_SET_COUNTER(s_tim[i], 0);
      |                               ^~~~~
../Drivers/STM32F4xx_HAL_Driver/inc\stm32f4xx_hal_tim.h(1216): note: expanded from macro '__HAL_TIM_SET_COUNTER'
 1216 | #define __HAL_TIM_SET_COUNTER(__HANDLE__, __COUNTER__)  ((__HANDLE__)->Instance->CNT = (__COUNTER__))
      |                                                           ^~~~~~~~~~
../Core/Src/encoder.c(25): warning: unsafe buffer access [-Wunsafe-buffer-usage]
   25 |         s_last_cnt[i] = 0;
      |         ^~~~~~~~~~
../Core/Src/encoder.c(26): warning: unsafe buffer access [-Wunsafe-buffer-usage]
   26 |         s_delta[i] = 0;
      |         ^~~~~~~
../Core/Src/encoder.c(27): warning: unsafe buffer access [-Wunsafe-buffer-usage]
   27 |         s_speed_mmps[i] = 0;
      |         ^~~~~~~~~~~~
../Core/Src/encoder.c(28): warning: unsafe buffer access [-Wunsafe-buffer-usage]
   28 |         s_odo_cnt[i] = 0;
      |         ^~~~~~~~~
../Core/Src/encoder.c(39): warning: unsafe buffer access [-Wunsafe-buffer-usage]
   39 |         uint16_t now = (uint16_t)__HAL_TIM_GET_COUNTER(s_tim[i]);
      |                                                        ^~~~~
../Drivers/STM32F4xx_HAL_Driver/inc\stm32f4xx_hal_tim.h(1224): note: expanded from macro '__HAL_TIM_GET_COUNTER'
 1224 |    ((__HANDLE__)->Instance->CNT)
      |      ^~~~~~~~~~
../Core/Src/encoder.c(45): warning: unsafe buffer access [-Wunsafe-buffer-usage]
   45 |         int16_t d = (int16_t)((uint16_t)(now - s_last_cnt[i]));
      |                                                ^~~~~~~~~~
../Core/Src/encoder.c(46): warning: unsafe buffer access [-Wunsafe-buffer-usage]
   46 |         s_last_cnt[i] = now;
      |         ^~~~~~~~~~
../Core/Src/encoder.c(47): warning: unsafe buffer access [-Wunsafe-buffer-usage]
   47 |         s_delta[i] = d;
      |         ^~~~~~~
../Core/Src/encoder.c(48): warning: unsafe buffer access [-Wunsafe-buffer-usage]
   48 |         s_odo_cnt[i] += (int32_t)d;
      |         ^~~~~~~~~
../Core/Src/encoder.c(54): warning: unsafe buffer access [-Wunsafe-buffer-usage]
   54 |         s_speed_mmps[i] = (int16_t)v;
      |         ^~~~~~~~~~~~
../Core/Src/encoder.c(60): warning: unsafe buffer access [-Wunsafe-buffer-usage]
   60 |     return (m < MOTOR_NUM) ? s_delta[m] : 0;
      |                              ^~~~~~~
../Core/Src/encoder.c(65): warning: unsafe buffer access [-Wunsafe-buffer-usage]
   65 |     return (m < MOTOR_NUM) ? s_speed_mmps[m] : 0;
      |                              ^~~~~~~~~~~~
../Core/Src/encoder.c(74): warning: unsafe buffer access [-Wunsafe-buffer-usage]
   74 |     float mm = (float)s_odo_cnt[m] * MM_PER_COUNT;
      |                       ^~~~~~~~~
../Core/Src/encoder.c(81): warning: unsafe buffer access [-Wunsafe-buffer-usage]
   81 |         s_odo_cnt[i] = 0;
      |         ^~~~~~~~~
../Core/Src/encoder.c(6): warning: In file included from...../Drivers/STM32F4xx_HAL_Driver/inc\stm32f4xx_hal.h(30): warning: In file included from...../Drivers/CMSIS\stm32f4xx_hal_conf.h(232): warning: In file included from...../Drivers/STM32F4xx_HAL_Driver/inc\stm32f4xx_hal_dma.h(149): warning: padding struct 'struct __DMA_HandleTypeDef' with 2 bytes to align 'Parent' [-Wpadded]
  149 |   void                       *Parent;                                                          /*!< Parent object state                    */ 
      |                               ^
37 warnings generated.
compiling encoder.c...
armclang: warning: no such include directory: 'Drivers/CMSIS/Device/ST/STM32F4xx/Include' [-Wmissing-include-dirs]
../Drivers/STM32F4xx_HAL_Driver/src/stm32f4xx_hal_rcc.c(69): warning: In file included from...../Drivers/STM32F4xx_HAL_Driver/inc\stm32f4xx_hal.h(30): warning: In file included from...../Drivers/CMSIS\stm32f4xx_hal_conf.h(220): warning: In file included from...../Drivers/STM32F4xx_HAL_Driver/inc\stm32f4xx_hal_rcc.h(29): warning: In file included from...../Drivers/STM32F4xx_HAL_Driver/inc\stm32f4xx_hal_def.h(30): warning: In file included from...../Drivers/CMSIS\stm32f4xx.h(11): warning: invalid UTF-8 in comment [-Winvalid-utf8]
   11 |   *              - To use or not the peripheral<92>s drivers in application code(i.e. 
      |                                                ^
../Drivers/CMSIS\stm32f4xx.h(12): warning: invalid UTF-8 in comment [-Winvalid-utf8]
   12 |   *                code will be based on direct access to peripheral<92>s registers 
      |                                                                     ^
../Drivers/STM32F4xx_HAL_Driver/src/stm32f4xx_hal_rcc.c(69): warning: In file included from...../Drivers/STM32F4xx_HAL_Driver/inc\stm32f4xx_hal.h(30): warning: In file included from...../Drivers/CMSIS\stm32f4xx_hal_conf.h(224): warning: In file included from...../Drivers/STM32F4xx_HAL_Driver/inc\stm32f4xx_hal_exti.h(49): warning: commas at the end of enumerator lists are a C99-specific feature [-Wc99-extensions]
   49 |   HAL_EXTI_FALLING_CB_ID         = 0x02U,
      |                                         ^
../Drivers/STM32F4xx_HAL_Driver/src/stm32f4xx_hal_rcc.c(69): warning: In file included from...../Drivers/STM32F4xx_HAL_Driver/inc\stm32f4xx_hal.h(30): warning: In file included from...../Drivers/CMSIS\stm32f4xx_hal_conf.h(232): warning: In file included from...../Drivers/STM32F4xx_HAL_Driver/inc\stm32f4xx_hal_dma.h(110): warning: commas at the end of enumerator lists are a C99-specific feature [-Wc99-extensions]
  110 |   HAL_DMA_STATE_ABORT             = 0x05U,  /*!< DMA Abort state                     */
      |                                          ^
../Drivers/STM32F4xx_HAL_Driver/src/stm32f4xx_hal_rcc.c(69): warning: In file included from...../Drivers/STM32F4xx_HAL_Driver/inc\stm32f4xx_hal.h(30): warning: In file included from...../Drivers/CMSIS\stm32f4xx_hal_conf.h(368): warning: In file included from...../Drivers/STM32F4xx_HAL_Driver/inc\stm32f4xx_hal_pcd.h(64): warning: commas at the end of enumerator lists are a C99-specific feature [-Wc99-extensions]
   64 |   LPM_L3 = 0x03, /* off */
      |                ^
../Drivers/STM32F4xx_HAL_Driver/inc\stm32f4xx_hal_pcd.h(70): warning: commas at the end of enumerator lists are a C99-specific feature [-Wc99-extensions]
   70 |   PCD_LPM_L1_ACTIVE = 0x01, /* LPM L1 sleep */
      |                           ^
../Drivers/STM32F4xx_HAL_Driver/inc\stm32f4xx_hal_pcd.h(80): warning: commas at the end of enumerator lists are a C99-specific feature [-Wc99-extensions]
   80 |   PCD_BCD_DISCOVERY_COMPLETED       = 0x00,
      |                                           ^
../Drivers/STM32F4xx_HAL_Driver/src/stm32f4xx_hal_rcc.c(69): warning: In file included from...../Drivers/STM32F4xx_HAL_Driver/inc\stm32f4xx_hal.h(30): warning: In file included from...../Drivers/CMSIS\stm32f4xx_hal_conf.h(368): warning: In file included from...../Drivers/STM32F4xx_HAL_Driver/inc\stm32f4xx_hal_pcd.h(29): warning: In file included from...../Drivers/STM32F4xx_HAL_Driver/inc\stm32f4xx_ll_usb.h(186): warning: padding struct 'USB_OTG_HCTypeDef' with 1 byte to align 'xfer_buff' [-Wpadded]
  186 |   uint8_t   *xfer_buff;         /*!< Pointer to transfer buffer.                                                */
      |              ^
../Drivers/STM32F4xx_HAL_Driver/inc\stm32f4xx_ll_usb.h(198): warning: padding struct 'USB_OTG_HCTypeDef' with 2 bytes to align 'dma_addr' [-Wpadded]
  198 |   uint32_t  dma_addr;           /*!< 32 bits aligned transfer buffer address.                                   */
      |             ^
../Drivers/STM32F4xx_HAL_Driver/inc\stm32f4xx_ll_usb.h(156): warning: padding size of 'USB_OTG_HCTypeDef' with 2 bytes to alignment boundary [-Wpadded]
  156 | typedef struct
      |         ^
../Drivers/STM32F4xx_HAL_Driver/src/stm32f4xx_hal_rcc.c(693): warning: unsafe buffer access [-Wunsafe-buffer-usage]
  693 |   SystemCoreClock = HAL_RCC_GetSysClockFreq() >> AHBPrescTable[(RCC->CFGR & RCC_CFGR_HPRE)>> RCC_CFGR_HPRE_Pos];
      |                                                  ^~~~~~~~~~~~~
../Drivers/STM32F4xx_HAL_Driver/src/stm32f4xx_hal_rcc.c(929): warning: unsafe buffer access [-Wunsafe-buffer-usage]
  929 |   return (HAL_RCC_GetHCLKFreq() >> APBPrescTable[(RCC->CFGR & RCC_CFGR_PPRE1)>> RCC_CFGR_PPRE1_Pos]);
      |                                    ^~~~~~~~~~~~~
../Drivers/STM32F4xx_HAL_Driver/src/stm32f4xx_hal_rcc.c(941): warning: unsafe buffer access [-Wunsafe-buffer-usage]
  941 |   return (HAL_RCC_GetHCLKFreq()>> APBPrescTable[(RCC->CFGR & RCC_CFGR_PPRE2)>> RCC_CFGR_PPRE2_Pos]);
      |                                   ^~~~~~~~~~~~~
13 warnings generated.
compiling stm32f4xx_hal_rcc.c...
armclang: warning: no such include directory: 'Drivers/CMSIS/Device/ST/STM32F4xx/Include' [-Wmissing-include-dirs]
../Drivers/STM32F4xx_HAL_Driver/src/stm32f4xx_hal_dma.c(98): warning: In file included from...../Drivers/STM32F4xx_HAL_Driver/inc\stm32f4xx_hal.h(30): warning: In file included from...../Drivers/CMSIS\stm32f4xx_hal_conf.h(220): warning: In file included from...../Drivers/STM32F4xx_HAL_Driver/inc\stm32f4xx_hal_rcc.h(29): warning: In file included from...../Drivers/STM32F4xx_HAL_Driver/inc\stm32f4xx_hal_def.h(30): warning: In file included from...../Drivers/CMSIS\stm32f4xx.h(11): warning: invalid UTF-8 in comment [-Winvalid-utf8]
   11 |   *              - To use or not the peripheral<92>s drivers in application code(i.e. 
      |                                                ^
../Drivers/CMSIS\stm32f4xx.h(12): warning: invalid UTF-8 in comment [-Winvalid-utf8]
   12 |   *                code will be based on direct access to peripheral<92>s registers 
      |                                                                     ^
../Drivers/STM32F4xx_HAL_Driver/src/stm32f4xx_hal_dma.c(98): warning: In file included from...../Drivers/STM32F4xx_HAL_Driver/inc\stm32f4xx_hal.h(30): warning: In file included from...../Drivers/CMSIS\stm32f4xx_hal_conf.h(224): warning: In file included from...../Drivers/STM32F4xx_HAL_Driver/inc\stm32f4xx_hal_exti.h(49): warning: commas at the end of enumerator lists are a C99-specific feature [-Wc99-extensions]
   49 |   HAL_EXTI_FALLING_CB_ID         = 0x02U,
      |                                         ^
../Drivers/STM32F4xx_HAL_Driver/src/stm32f4xx_hal_dma.c(98): warning: In file included from...../Drivers/STM32F4xx_HAL_Driver/inc\stm32f4xx_hal.h(30): warning: In file included from...../Drivers/CMSIS\stm32f4xx_hal_conf.h(232): warning: In file included from...../Drivers/STM32F4xx_HAL_Driver/inc\stm32f4xx_hal_dma.h(110): warning: commas at the end of enumerator lists are a C99-specific feature [-Wc99-extensions]
  110 |   HAL_DMA_STATE_ABORT             = 0x05U,  /*!< DMA Abort state                     */
      |                                          ^
../Drivers/STM32F4xx_HAL_Driver/src/stm32f4xx_hal_dma.c(98): warning: In file included from...../Drivers/STM32F4xx_HAL_Driver/inc\stm32f4xx_hal.h(30): warning: In file included from...../Drivers/CMSIS\stm32f4xx_hal_conf.h(368): warning: In file included from...../Drivers/STM32F4xx_HAL_Driver/inc\stm32f4xx_hal_pcd.h(64): warning: commas at the end of enumerator lists are a C99-specific feature [-Wc99-extensions]
   64 |   LPM_L3 = 0x03, /* off */
      |                ^
../Drivers/STM32F4xx_HAL_Driver/inc\stm32f4xx_hal_pcd.h(70): warning: commas at the end of enumerator lists are a C99-specific feature [-Wc99-extensions]
   70 |   PCD_LPM_L1_ACTIVE = 0x01, /* LPM L1 sleep */
      |                           ^
../Drivers/STM32F4xx_HAL_Driver/inc\stm32f4xx_hal_pcd.h(80): warning: commas at the end of enumerator lists are a C99-specific feature [-Wc99-extensions]
   80 |   PCD_BCD_DISCOVERY_COMPLETED       = 0x00,
      |                                           ^
../Drivers/STM32F4xx_HAL_Driver/src/stm32f4xx_hal_dma.c(98): warning: In file included from...../Drivers/STM32F4xx_HAL_Driver/inc\stm32f4xx_hal.h(30): warning: In file included from...../Drivers/CMSIS\stm32f4xx_hal_conf.h(368): warning: In file included from...../Drivers/STM32F4xx_HAL_Driver/inc\stm32f4xx_hal_pcd.h(29): warning: In file included from...../Drivers/STM32F4xx_HAL_Driver/inc\stm32f4xx_ll_usb.h(186): warning: padding struct 'USB_OTG_HCTypeDef' with 1 byte to align 'xfer_buff' [-Wpadded]
  186 |   uint8_t   *xfer_buff;         /*!< Pointer to transfer buffer.                                                */
      |              ^
../Drivers/STM32F4xx_HAL_Driver/inc\stm32f4xx_ll_usb.h(198): warning: padding struct 'USB_OTG_HCTypeDef' with 2 bytes to align 'dma_addr' [-Wpadded]
  198 |   uint32_t  dma_addr;           /*!< 32 bits aligned transfer buffer address.                                   */
      |             ^
../Drivers/STM32F4xx_HAL_Driver/inc\stm32f4xx_ll_usb.h(156): warning: padding size of 'USB_OTG_HCTypeDef' with 2 bytes to alignment boundary [-Wpadded]
  156 | typedef struct
      |         ^
../Drivers/STM32F4xx_HAL_Driver/src/stm32f4xx_hal_dma.c(98): warning: In file included from...../Drivers/STM32F4xx_HAL_Driver/inc\stm32f4xx_hal.h(30): warning: In file included from...../Drivers/CMSIS\stm32f4xx_hal_conf.h(232): warning: In file included from...../Drivers/STM32F4xx_HAL_Driver/inc\stm32f4xx_hal_dma.h(149): warning: padding struct 'struct __DMA_HandleTypeDef' with 2 bytes to align 'Parent' [-Wpadded]
  149 |   void                       *Parent;                                                          /*!< Parent object state                    */ 
      |                               ^
../Drivers/STM32F4xx_HAL_Driver/src/stm32f4xx_hal_dma.c(290): warning: cast from function call of type 'uint32_t' (aka 'unsigned int') to non-matching type 'DMA_Base_Registers *' [-Wbad-function-cast]
  290 |   regs = (DMA_Base_Registers *)DMA_CalcBaseAndBitshift(hdma);
      |                                ^~~~~~~~~~~~~~~~~~~~~~~~~~~~~
../Drivers/STM32F4xx_HAL_Driver/src/stm32f4xx_hal_dma.c(352): warning: cast from function call of type 'uint32_t' (aka 'unsigned int') to non-matching type 'DMA_Base_Registers *' [-Wbad-function-cast]
  352 |   regs = (DMA_Base_Registers *)DMA_CalcBaseAndBitshift(hdma);
      |                                ^~~~~~~~~~~~~~~~~~~~~~~~~~~~~
../Drivers/STM32F4xx_HAL_Driver/src/stm32f4xx_hal_dma.c(979): warning: enumeration value 'HAL_DMA_XFER_ALL_CB_ID' not explicitly handled in switch [-Wswitch-enum]
  979 |     switch (CallbackID)
      |             ^~~~~~~~~~
../Drivers/STM32F4xx_HAL_Driver/src/stm32f4xx_hal_dma.c(1073): warning: default label in switch which covers all enumeration values [-Wcovered-switch-default]
 1073 |     default:
      |     ^
../Drivers/STM32F4xx_HAL_Driver/src/stm32f4xx_hal_dma.c(1191): warning: unsafe buffer access [-Wunsafe-buffer-usage]
 1191 |   hdma->StreamIndex = flagBitshiftOffset[stream_number];
      |                       ^~~~~~~~~~~~~~~~~~
16 warnings generated.
compiling stm32f4xx_hal_dma.c...
armclang: warning: no such include directory: 'Drivers/CMSIS/Device/ST/STM32F4xx/Include' [-Wmissing-include-dirs]
../Drivers/STM32F4xx_HAL_Driver/src/stm32f4xx_hal_dma_ex.c(40): warning: In file included from...../Drivers/STM32F4xx_HAL_Driver/inc\stm32f4xx_hal.h(30): warning: In file included from...../Drivers/CMSIS\stm32f4xx_hal_conf.h(220): warning: In file included from...../Drivers/STM32F4xx_HAL_Driver/inc\stm32f4xx_hal_rcc.h(29): warning: In file included from...../Drivers/STM32F4xx_HAL_Driver/inc\stm32f4xx_hal_def.h(30): warning: In file included from...../Drivers/CMSIS\stm32f4xx.h(11): warning: invalid UTF-8 in comment [-Winvalid-utf8]
   11 |   *              - To use or not the peripheral<92>s drivers in application code(i.e. 
      |                                                ^
../Drivers/CMSIS\stm32f4xx.h(12): warning: invalid UTF-8 in comment [-Winvalid-utf8]
   12 |   *                code will be based on direct access to peripheral<92>s registers 
      |                                                                     ^
../Drivers/STM32F4xx_HAL_Driver/src/stm32f4xx_hal_dma_ex.c(40): warning: In file included from...../Drivers/STM32F4xx_HAL_Driver/inc\stm32f4xx_hal.h(30): warning: In file included from...../Drivers/CMSIS\stm32f4xx_hal_conf.h(224): warning: In file included from...../Drivers/STM32F4xx_HAL_Driver/inc\stm32f4xx_hal_exti.h(49): warning: commas at the end of enumerator lists are a C99-specific feature [-Wc99-extensions]
   49 |   HAL_EXTI_FALLING_CB_ID         = 0x02U,
      |                                         ^
../Drivers/STM32F4xx_HAL_Driver/src/stm32f4xx_hal_dma_ex.c(40): warning: In file included from...../Drivers/STM32F4xx_HAL_Driver/inc\stm32f4xx_hal.h(30): warning: In file included from...../Drivers/CMSIS\stm32f4xx_hal_conf.h(232): warning: In file included from...../Drivers/STM32F4xx_HAL_Driver/inc\stm32f4xx_hal_dma.h(110): warning: commas at the end of enumerator lists are a C99-specific feature [-Wc99-extensions]
  110 |   HAL_DMA_STATE_ABORT             = 0x05U,  /*!< DMA Abort state                     */
      |                                          ^
../Drivers/STM32F4xx_HAL_Driver/src/stm32f4xx_hal_dma_ex.c(40): warning: In file included from...../Drivers/STM32F4xx_HAL_Driver/inc\stm32f4xx_hal.h(30): warning: In file included from...../Drivers/CMSIS\stm32f4xx_hal_conf.h(368): warning: In file included from...../Drivers/STM32F4xx_HAL_Driver/inc\stm32f4xx_hal_pcd.h(64): warning: commas at the end of enumerator lists are a C99-specific feature [-Wc99-extensions]
   64 |   LPM_L3 = 0x03, /* off */
      |                ^
../Drivers/STM32F4xx_HAL_Driver/inc\stm32f4xx_hal_pcd.h(70): warning: commas at the end of enumerator lists are a C99-specific feature [-Wc99-extensions]
   70 |   PCD_LPM_L1_ACTIVE = 0x01, /* LPM L1 sleep */
      |                           ^
../Drivers/STM32F4xx_HAL_Driver/inc\stm32f4xx_hal_pcd.h(80): warning: commas at the end of enumerator lists are a C99-specific feature [-Wc99-extensions]
   80 |   PCD_BCD_DISCOVERY_COMPLETED       = 0x00,
      |                                           ^
../Drivers/STM32F4xx_HAL_Driver/src/stm32f4xx_hal_dma_ex.c(40): warning: In file included from...../Drivers/STM32F4xx_HAL_Driver/inc\stm32f4xx_hal.h(30): warning: In file included from...../Drivers/CMSIS\stm32f4xx_hal_conf.h(368): warning: In file included from...../Drivers/STM32F4xx_HAL_Driver/inc\stm32f4xx_hal_pcd.h(29): warning: In file included from...../Drivers/STM32F4xx_HAL_Driver/inc\stm32f4xx_ll_usb.h(186): warning: padding struct 'USB_OTG_HCTypeDef' with 1 byte to align 'xfer_buff' [-Wpadded]
  186 |   uint8_t   *xfer_buff;         /*!< Pointer to transfer buffer.                                                */
      |              ^
../Drivers/STM32F4xx_HAL_Driver/inc\stm32f4xx_ll_usb.h(198): warning: padding struct 'USB_OTG_HCTypeDef' with 2 bytes to align 'dma_addr' [-Wpadded]
  198 |   uint32_t  dma_addr;           /*!< 32 bits aligned transfer buffer address.                                   */
      |             ^
../Drivers/STM32F4xx_HAL_Driver/inc\stm32f4xx_ll_usb.h(156): warning: padding size of 'USB_OTG_HCTypeDef' with 2 bytes to alignment boundary [-Wpadded]
  156 | typedef struct
      |         ^
../Drivers/STM32F4xx_HAL_Driver/src/stm32f4xx_hal_dma_ex.c(40): warning: In file included from...../Drivers/STM32F4xx_HAL_Driver/inc\stm32f4xx_hal.h(30): warning: In file included from...../Drivers/CMSIS\stm32f4xx_hal_conf.h(232): warning: In file included from...../Drivers/STM32F4xx_HAL_Driver/inc\stm32f4xx_hal_dma.h(149): warning: padding struct 'struct __DMA_HandleTypeDef' with 2 bytes to align 'Parent' [-Wpadded]
  149 |   void                       *Parent;                                                          /*!< Parent object state                    */ 
      |                               ^
11 warnings generated.
compiling stm32f4xx_hal_dma_ex.c...
armclang: warning: no such include directory: 'Drivers/CMSIS/Device/ST/STM32F4xx/Include' [-Wmissing-include-dirs]
../Drivers/STM32F4xx_HAL_Driver/src/stm32f4xx_hal_tim_ex.c(78): warning: In file included from...../Drivers/STM32F4xx_HAL_Driver/inc\stm32f4xx_hal.h(30): warning: In file included from...../Drivers/CMSIS\stm32f4xx_hal_conf.h(220): warning: In file included from...../Drivers/STM32F4xx_HAL_Driver/inc\stm32f4xx_hal_rcc.h(29): warning: In file included from...../Drivers/STM32F4xx_HAL_Driver/inc\stm32f4xx_hal_def.h(30): warning: In file included from...../Drivers/CMSIS\stm32f4xx.h(11): warning: invalid UTF-8 in comment [-Winvalid-utf8]
   11 |   *              - To use or not the peripheral<92>s drivers in application code(i.e. 
      |                                                ^
../Drivers/CMSIS\stm32f4xx.h(12): warning: invalid UTF-8 in comment [-Winvalid-utf8]
   12 |   *                code will be based on direct access to peripheral<92>s registers 
      |                                                                     ^
../Drivers/STM32F4xx_HAL_Driver/src/stm32f4xx_hal_tim_ex.c(78): warning: In file included from...../Drivers/STM32F4xx_HAL_Driver/inc\stm32f4xx_hal.h(30): warning: In file included from...../Drivers/CMSIS\stm32f4xx_hal_conf.h(224): warning: In file included from...../Drivers/STM32F4xx_HAL_Driver/inc\stm32f4xx_hal_exti.h(49): warning: commas at the end of enumerator lists are a C99-specific feature [-Wc99-extensions]
   49 |   HAL_EXTI_FALLING_CB_ID         = 0x02U,
      |                                         ^
../Drivers/STM32F4xx_HAL_Driver/src/stm32f4xx_hal_tim_ex.c(78): warning: In file included from...../Drivers/STM32F4xx_HAL_Driver/inc\stm32f4xx_hal.h(30): warning: In file included from...../Drivers/CMSIS\stm32f4xx_hal_conf.h(232): warning: In file included from...../Drivers/STM32F4xx_HAL_Driver/inc\stm32f4xx_hal_dma.h(110): warning: commas at the end of enumerator lists are a C99-specific feature [-Wc99-extensions]
  110 |   HAL_DMA_STATE_ABORT             = 0x05U,  /*!< DMA Abort state                     */
      |                                          ^
../Drivers/STM32F4xx_HAL_Driver/src/stm32f4xx_hal_tim_ex.c(78): warning: In file included from...../Drivers/STM32F4xx_HAL_Driver/inc\stm32f4xx_hal.h(30): warning: In file included from...../Drivers/CMSIS\stm32f4xx_hal_conf.h(368): warning: In file included from...../Drivers/STM32F4xx_HAL_Driver/inc\stm32f4xx_hal_pcd.h(64): warning: commas at the end of enumerator lists are a C99-specific feature [-Wc99-extensions]
   64 |   LPM_L3 = 0x03, /* off */
      |                ^
../Drivers/STM32F4xx_HAL_Driver/inc\stm32f4xx_hal_pcd.h(70): warning: commas at the end of enumerator lists are a C99-specific feature [-Wc99-extensions]
   70 |   PCD_LPM_L1_ACTIVE = 0x01, /* LPM L1 sleep */
      |                           ^
../Drivers/STM32F4xx_HAL_Driver/inc\stm32f4xx_hal_pcd.h(80): warning: commas at the end of enumerator lists are a C99-specific feature [-Wc99-extensions]
   80 |   PCD_BCD_DISCOVERY_COMPLETED       = 0x00,
      |                                           ^
../Drivers/STM32F4xx_HAL_Driver/src/stm32f4xx_hal_tim_ex.c(78): warning: In file included from...../Drivers/STM32F4xx_HAL_Driver/inc\stm32f4xx_hal.h(30): warning: In file included from...../Drivers/CMSIS\stm32f4xx_hal_conf.h(368): warning: In file included from...../Drivers/STM32F4xx_HAL_Driver/inc\stm32f4xx_hal_pcd.h(29): warning: In file included from...../Drivers/STM32F4xx_HAL_Driver/inc\stm32f4xx_ll_usb.h(186): warning: padding struct 'USB_OTG_HCTypeDef' with 1 byte to align 'xfer_buff' [-Wpadded]
  186 |   uint8_t   *xfer_buff;         /*!< Pointer to transfer buffer.                                                */
      |              ^
../Drivers/STM32F4xx_HAL_Driver/inc\stm32f4xx_ll_usb.h(198): warning: padding struct 'USB_OTG_HCTypeDef' with 2 bytes to align 'dma_addr' [-Wpadded]
  198 |   uint32_t  dma_addr;           /*!< 32 bits aligned transfer buffer address.                                   */
      |             ^
../Drivers/STM32F4xx_HAL_Driver/inc\stm32f4xx_ll_usb.h(156): warning: padding size of 'USB_OTG_HCTypeDef' with 2 bytes to alignment boundary [-Wpadded]
  156 | typedef struct
      |         ^
../Drivers/STM32F4xx_HAL_Driver/src/stm32f4xx_hal_tim_ex.c(78): warning: In file included from...../Drivers/STM32F4xx_HAL_Driver/inc\stm32f4xx_hal.h(30): warning: In file included from...../Drivers/CMSIS\stm32f4xx_hal_conf.h(344): warning: In file included from...../Drivers/STM32F4xx_HAL_Driver/inc\stm32f4xx_hal_tim.h(316): warning: padding struct 'TIM_HandleTypeDef' with 3 bytes to align 'hdma' [-Wpadded]
  316 |   DMA_HandleTypeDef           *hdma[7];      /*!< DMA Handlers array
      |                                ^
../Drivers/STM32F4xx_HAL_Driver/inc\stm32f4xx_hal_tim.h(310): warning: padding size of 'TIM_HandleTypeDef' with 2 bytes to alignment boundary [-Wpadded]
  310 | typedef struct
      |         ^
../Drivers/STM32F4xx_HAL_Driver/src/stm32f4xx_hal_tim_ex.c(78): warning: In file included from...../Drivers/STM32F4xx_HAL_Driver/inc\stm32f4xx_hal.h(30): warning: In file included from...../Drivers/CMSIS\stm32f4xx_hal_conf.h(232): warning: In file included from...../Drivers/STM32F4xx_HAL_Driver/inc\stm32f4xx_hal_dma.h(149): warning: padding struct 'struct __DMA_HandleTypeDef' with 2 bytes to align 'Parent' [-Wpadded]
  149 |   void                       *Parent;                                                          /*!< Parent object state                    */ 
      |                               ^
../Drivers/STM32F4xx_HAL_Driver/src/stm32f4xx_hal_tim_ex.c(423): warning: unsafe buffer access [-Wunsafe-buffer-usage]
  423 |   htim->hdma[TIM_DMA_ID_CC1]->XferCpltCallback = TIM_DMACaptureCplt;
      |   ^~~~~~~~~~
../Drivers/STM32F4xx_HAL_Driver/src/stm32f4xx_hal_tim_ex.c(424): warning: unsafe buffer access [-Wunsafe-buffer-usage]
  424 |   htim->hdma[TIM_DMA_ID_CC1]->XferHalfCpltCallback = TIM_DMACaptureHalfCplt;
      |   ^~~~~~~~~~
../Drivers/STM32F4xx_HAL_Driver/src/stm32f4xx_hal_tim_ex.c(426): warning: unsafe buffer access [-Wunsafe-buffer-usage]
  426 |   htim->hdma[TIM_DMA_ID_CC1]->XferErrorCallback = TIM_DMAError ;
      |   ^~~~~~~~~~
../Drivers/STM32F4xx_HAL_Driver/src/stm32f4xx_hal_tim_ex.c(429): warning: unsafe buffer access [-Wunsafe-buffer-usage]
  429 |   if (HAL_DMA_Start_IT(htim->hdma[TIM_DMA_ID_CC1], (uint32_t)&htim->Instance->CCR1, (uint32_t)pData, Length) != HAL_OK)
      |                        ^~~~~~~~~~
../Drivers/STM32F4xx_HAL_Driver/src/stm32f4xx_hal_tim_ex.c(465): warning: unsafe buffer access [-Wunsafe-buffer-usage]
  465 |   (void)HAL_DMA_Abort_IT(htim->hdma[TIM_DMA_ID_CC1]);
      |                          ^~~~~~~~~~
../Drivers/STM32F4xx_HAL_Driver/src/stm32f4xx_hal_tim_ex.c(736): warning: unsafe buffer access [-Wunsafe-buffer-usage]
  736 |       htim->hdma[TIM_DMA_ID_CC1]->XferCpltCallback = TIM_DMADelayPulseCplt;
      |       ^~~~~~~~~~
../Drivers/STM32F4xx_HAL_Driver/src/stm32f4xx_hal_tim_ex.c(737): warning: unsafe buffer access [-Wunsafe-buffer-usage]
  737 |       htim->hdma[TIM_DMA_ID_CC1]->XferHalfCpltCallback = TIM_DMADelayPulseHalfCplt;
      |       ^~~~~~~~~~
../Drivers/STM32F4xx_HAL_Driver/src/stm32f4xx_hal_tim_ex.c(740): warning: unsafe buffer access [-Wunsafe-buffer-usage]
  740 |       htim->hdma[TIM_DMA_ID_CC1]->XferErrorCallback = TIM_DMAError ;
      |       ^~~~~~~~~~
../Drivers/STM32F4xx_HAL_Driver/src/stm32f4xx_hal_tim_ex.c(743): warning: unsafe buffer access [-Wunsafe-buffer-usage]
  743 |       if (HAL_DMA_Start_IT(htim->hdma[TIM_DMA_ID_CC1], (uint32_t)pData, (uint32_t)&htim->Instance->CCR1, Length) != HAL_OK)
      |                            ^~~~~~~~~~
../Drivers/STM32F4xx_HAL_Driver/src/stm32f4xx_hal_tim_ex.c(755): warning: unsafe buffer access [-Wunsafe-buffer-usage]
  755 |       htim->hdma[TIM_DMA_ID_CC2]->XferCpltCallback = TIM_DMADelayPulseCplt;
      |       ^~~~~~~~~~
../Drivers/STM32F4xx_HAL_Driver/src/stm32f4xx_hal_tim_ex.c(756): warning: unsafe buffer access [-Wunsafe-buffer-usage]
  756 |       htim->hdma[TIM_DMA_ID_CC2]->XferHalfCpltCallback = TIM_DMADelayPulseHalfCplt;
      |       ^~~~~~~~~~
../Drivers/STM32F4xx_HAL_Driver/src/stm32f4xx_hal_tim_ex.c(759): warning: unsafe buffer access [-Wunsafe-buffer-usage]
  759 |       htim->hdma[TIM_DMA_ID_CC2]->XferErrorCallback = TIM_DMAError ;
      |       ^~~~~~~~~~
../Drivers/STM32F4xx_HAL_Driver/src/stm32f4xx_hal_tim_ex.c(762): warning: unsafe buffer access [-Wunsafe-buffer-usage]
  762 |       if (HAL_DMA_Start_IT(htim->hdma[TIM_DMA_ID_CC2], (uint32_t)pData, (uint32_t)&htim->Instance->CCR2, Length) != HAL_OK)
      |                            ^~~~~~~~~~
../Drivers/STM32F4xx_HAL_Driver/src/stm32f4xx_hal_tim_ex.c(774): warning: unsafe buffer access [-Wunsafe-buffer-usage]
  774 |       htim->hdma[TIM_DMA_ID_CC3]->XferCpltCallback = TIM_DMADelayPulseCplt;
      |       ^~~~~~~~~~
../Drivers/STM32F4xx_HAL_Driver/src/stm32f4xx_hal_tim_ex.c(775): warning: unsafe buffer access [-Wunsafe-buffer-usage]
  775 |       htim->hdma[TIM_DMA_ID_CC3]->XferHalfCpltCallback = TIM_DMADelayPulseHalfCplt;
      |       ^~~~~~~~~~
../Drivers/STM32F4xx_HAL_Driver/src/stm32f4xx_hal_tim_ex.c(778): warning: unsafe buffer access [-Wunsafe-buffer-usage]
  778 |       htim->hdma[TIM_DMA_ID_CC3]->XferErrorCallback = TIM_DMAError ;
      |       ^~~~~~~~~~
../Drivers/STM32F4xx_HAL_Driver/src/stm32f4xx_hal_tim_ex.c(781): warning: unsafe buffer access [-Wunsafe-buffer-usage]
  781 |       if (HAL_DMA_Start_IT(htim->hdma[TIM_DMA_ID_CC3], (uint32_t)pData, (uint32_t)&htim->Instance->CCR3, Length) != HAL_OK)
      |                            ^~~~~~~~~~
../Drivers/STM32F4xx_HAL_Driver/src/stm32f4xx_hal_tim_ex.c(833): warning: unsafe buffer access [-Wunsafe-buffer-usage]
  833 |       (void)HAL_DMA_Abort_IT(htim->hdma[TIM_DMA_ID_CC1]);
      |                              ^~~~~~~~~~
../Drivers/STM32F4xx_HAL_Driver/src/stm32f4xx_hal_tim_ex.c(841): warning: unsafe buffer access [-Wunsafe-buffer-usage]
  841 |       (void)HAL_DMA_Abort_IT(htim->hdma[TIM_DMA_ID_CC2]);
      |                              ^~~~~~~~~~
../Drivers/STM32F4xx_HAL_Driver/src/stm32f4xx_hal_tim_ex.c(849): warning: unsafe buffer access [-Wunsafe-buffer-usage]
  849 |       (void)HAL_DMA_Abort_IT(htim->hdma[TIM_DMA_ID_CC3]);
      |                              ^~~~~~~~~~
../Drivers/STM32F4xx_HAL_Driver/src/stm32f4xx_hal_tim_ex.c(1143): warning: unsafe buffer access [-Wunsafe-buffer-usage]
 1143 |       htim->hdma[TIM_DMA_ID_CC1]->XferCpltCallback = TIM_DMADelayPulseCplt;
      |       ^~~~~~~~~~
../Drivers/STM32F4xx_HAL_Driver/src/stm32f4xx_hal_tim_ex.c(1144): warning: unsafe buffer access [-Wunsafe-buffer-usage]
 1144 |       htim->hdma[TIM_DMA_ID_CC1]->XferHalfCpltCallback = TIM_DMADelayPulseHalfCplt;
      |       ^~~~~~~~~~
../Drivers/STM32F4xx_HAL_Driver/src/stm32f4xx_hal_tim_ex.c(1147): warning: unsafe buffer access [-Wunsafe-buffer-usage]
 1147 |       htim->hdma[TIM_DMA_ID_CC1]->XferErrorCallback = TIM_DMAError ;
      |       ^~~~~~~~~~
../Drivers/STM32F4xx_HAL_Driver/src/stm32f4xx_hal_tim_ex.c(1150): warning: unsafe buffer access [-Wunsafe-buffer-usage]
 1150 |       if (HAL_DMA_Start_IT(htim->hdma[TIM_DMA_ID_CC1], (uint32_t)pData, (uint32_t)&htim->Instance->CCR1, Length) != HAL_OK)
      |                            ^~~~~~~~~~
../Drivers/STM32F4xx_HAL_Driver/src/stm32f4xx_hal_tim_ex.c(1162): warning: unsafe buffer access [-Wunsafe-buffer-usage]
 1162 |       htim->hdma[TIM_DMA_ID_CC2]->XferCpltCallback = TIM_DMADelayPulseCplt;
      |       ^~~~~~~~~~
../Drivers/STM32F4xx_HAL_Driver/src/stm32f4xx_hal_tim_ex.c(1163): warning: unsafe buffer access [-Wunsafe-buffer-usage]
 1163 |       htim->hdma[TIM_DMA_ID_CC2]->XferHalfCpltCallback = TIM_DMADelayPulseHalfCplt;
      |       ^~~~~~~~~~
../Drivers/STM32F4xx_HAL_Driver/src/stm32f4xx_hal_tim_ex.c(1166): warning: unsafe buffer access [-Wunsafe-buffer-usage]
 1166 |       htim->hdma[TIM_DMA_ID_CC2]->XferErrorCallback = TIM_DMAError ;
      |       ^~~~~~~~~~
../Drivers/STM32F4xx_HAL_Driver/src/stm32f4xx_hal_tim_ex.c(1169): warning: unsafe buffer access [-Wunsafe-buffer-usage]
 1169 |       if (HAL_DMA_Start_IT(htim->hdma[TIM_DMA_ID_CC2], (uint32_t)pData, (uint32_t)&htim->Instance->CCR2, Length) != HAL_OK)
      |                            ^~~~~~~~~~
../Drivers/STM32F4xx_HAL_Driver/src/stm32f4xx_hal_tim_ex.c(1181): warning: unsafe buffer access [-Wunsafe-buffer-usage]
 1181 |       htim->hdma[TIM_DMA_ID_CC3]->XferCpltCallback = TIM_DMADelayPulseCplt;
      |       ^~~~~~~~~~
../Drivers/STM32F4xx_HAL_Driver/src/stm32f4xx_hal_tim_ex.c(1182): warning: unsafe buffer access [-Wunsafe-buffer-usage]
 1182 |       htim->hdma[TIM_DMA_ID_CC3]->XferHalfCpltCallback = TIM_DMADelayPulseHalfCplt;
      |       ^~~~~~~~~~
../Drivers/STM32F4xx_HAL_Driver/src/stm32f4xx_hal_tim_ex.c(1185): warning: unsafe buffer access [-Wunsafe-buffer-usage]
 1185 |       htim->hdma[TIM_DMA_ID_CC3]->XferErrorCallback = TIM_DMAError ;
      |       ^~~~~~~~~~
../Drivers/STM32F4xx_HAL_Driver/src/stm32f4xx_hal_tim_ex.c(1188): warning: unsafe buffer access [-Wunsafe-buffer-usage]
 1188 |       if (HAL_DMA_Start_IT(htim->hdma[TIM_DMA_ID_CC3], (uint32_t)pData, (uint32_t)&htim->Instance->CCR3, Length) != HAL_OK)
      |                            ^~~~~~~~~~
../Drivers/STM32F4xx_HAL_Driver/src/stm32f4xx_hal_tim_ex.c(1240): warning: unsafe buffer access [-Wunsafe-buffer-usage]
 1240 |       (void)HAL_DMA_Abort_IT(htim->hdma[TIM_DMA_ID_CC1]);
      |                              ^~~~~~~~~~
../Drivers/STM32F4xx_HAL_Driver/src/stm32f4xx_hal_tim_ex.c(1248): warning: unsafe buffer access [-Wunsafe-buffer-usage]
 1248 |       (void)HAL_DMA_Abort_IT(htim->hdma[TIM_DMA_ID_CC2]);
      |                              ^~~~~~~~~~
../Drivers/STM32F4xx_HAL_Driver/src/stm32f4xx_hal_tim_ex.c(1256): warning: unsafe buffer access [-Wunsafe-buffer-usage]
 1256 |       (void)HAL_DMA_Abort_IT(htim->hdma[TIM_DMA_ID_CC3]);
      |                              ^~~~~~~~~~
../Drivers/STM32F4xx_HAL_Driver/src/stm32f4xx_hal_tim_ex.c(1602): warning: unsafe buffer access [-Wunsafe-buffer-usage]
 1602 |   htim->hdma[TIM_DMA_ID_COMMUTATION]->XferCpltCallback = TIMEx_DMACommutationCplt;
      |   ^~~~~~~~~~
../Drivers/STM32F4xx_HAL_Driver/src/stm32f4xx_hal_tim_ex.c(1603): warning: unsafe buffer access [-Wunsafe-buffer-usage]
 1603 |   htim->hdma[TIM_DMA_ID_COMMUTATION]->XferHalfCpltCallback = TIMEx_DMACommutationHalfCplt;
      |   ^~~~~~~~~~
../Drivers/STM32F4xx_HAL_Driver/src/stm32f4xx_hal_tim_ex.c(1605): warning: unsafe buffer access [-Wunsafe-buffer-usage]
 1605 |   htim->hdma[TIM_DMA_ID_COMMUTATION]->XferErrorCallback = TIM_DMAError;
      |   ^~~~~~~~~~
51 warnings generated.
compiling stm32f4xx_hal_tim_ex.c...
armclang: warning: no such include directory: 'Drivers/CMSIS/Device/ST/STM32F4xx/Include' [-Wmissing-include-dirs]
../Drivers/STM32F4xx_HAL_Driver/src/stm32f4xx_hal_tim.c(178): warning: In file included from...../Drivers/STM32F4xx_HAL_Driver/inc\stm32f4xx_hal.h(30): warning: In file included from...../Drivers/CMSIS\stm32f4xx_hal_conf.h(220): warning: In file included from...../Drivers/STM32F4xx_HAL_Driver/inc\stm32f4xx_hal_rcc.h(29): warning: In file included from...../Drivers/STM32F4xx_HAL_Driver/inc\stm32f4xx_hal_def.h(30): warning: In file included from...../Drivers/CMSIS\stm32f4xx.h(11): warning: invalid UTF-8 in comment [-Winvalid-utf8]
   11 |   *              - To use or not the peripheral<92>s drivers in application code(i.e. 
      |                                                ^
../Drivers/CMSIS\stm32f4xx.h(12): warning: invalid UTF-8 in comment [-Winvalid-utf8]
   12 |   *                code will be based on direct access to peripheral<92>s registers 
      |                                                                     ^
../Drivers/STM32F4xx_HAL_Driver/src/stm32f4xx_hal_tim.c(178): warning: In file included from...../Drivers/STM32F4xx_HAL_Driver/inc\stm32f4xx_hal.h(30): warning: In file included from...../Drivers/CMSIS\stm32f4xx_hal_conf.h(224): warning: In file included from...../Drivers/STM32F4xx_HAL_Driver/inc\stm32f4xx_hal_exti.h(49): warning: commas at the end of enumerator lists are a C99-specific feature [-Wc99-extensions]
   49 |   HAL_EXTI_FALLING_CB_ID         = 0x02U,
      |                                         ^
../Drivers/STM32F4xx_HAL_Driver/src/stm32f4xx_hal_tim.c(178): warning: In file included from...../Drivers/STM32F4xx_HAL_Driver/inc\stm32f4xx_hal.h(30): warning: In file included from...../Drivers/CMSIS\stm32f4xx_hal_conf.h(232): warning: In file included from...../Drivers/STM32F4xx_HAL_Driver/inc\stm32f4xx_hal_dma.h(110): warning: commas at the end of enumerator lists are a C99-specific feature [-Wc99-extensions]
  110 |   HAL_DMA_STATE_ABORT             = 0x05U,  /*!< DMA Abort state                     */
      |                                          ^
../Drivers/STM32F4xx_HAL_Driver/src/stm32f4xx_hal_tim.c(178): warning: In file included from...../Drivers/STM32F4xx_HAL_Driver/inc\stm32f4xx_hal.h(30): warning: In file included from...../Drivers/CMSIS\stm32f4xx_hal_conf.h(368): warning: In file included from...../Drivers/STM32F4xx_HAL_Driver/inc\stm32f4xx_hal_pcd.h(64): warning: commas at the end of enumerator lists are a C99-specific feature [-Wc99-extensions]
   64 |   LPM_L3 = 0x03, /* off */
      |                ^
../Drivers/STM32F4xx_HAL_Driver/inc\stm32f4xx_hal_pcd.h(70): warning: commas at the end of enumerator lists are a C99-specific feature [-Wc99-extensions]
   70 |   PCD_LPM_L1_ACTIVE = 0x01, /* LPM L1 sleep */
      |                           ^
../Drivers/STM32F4xx_HAL_Driver/inc\stm32f4xx_hal_pcd.h(80): warning: commas at the end of enumerator lists are a C99-specific feature [-Wc99-extensions]
   80 |   PCD_BCD_DISCOVERY_COMPLETED       = 0x00,
      |                                           ^
../Drivers/STM32F4xx_HAL_Driver/src/stm32f4xx_hal_tim.c(178): warning: In file included from...../Drivers/STM32F4xx_HAL_Driver/inc\stm32f4xx_hal.h(30): warning: In file included from...../Drivers/CMSIS\stm32f4xx_hal_conf.h(368): warning: In file included from...../Drivers/STM32F4xx_HAL_Driver/inc\stm32f4xx_hal_pcd.h(29): warning: In file included from...../Drivers/STM32F4xx_HAL_Driver/inc\stm32f4xx_ll_usb.h(186): warning: padding struct 'USB_OTG_HCTypeDef' with 1 byte to align 'xfer_buff' [-Wpadded]
  186 |   uint8_t   *xfer_buff;         /*!< Pointer to transfer buffer.                                                */
      |              ^
../Drivers/STM32F4xx_HAL_Driver/inc\stm32f4xx_ll_usb.h(198): warning: padding struct 'USB_OTG_HCTypeDef' with 2 bytes to align 'dma_addr' [-Wpadded]
  198 |   uint32_t  dma_addr;           /*!< 32 bits aligned transfer buffer address.                                   */
      |             ^
../Drivers/STM32F4xx_HAL_Driver/inc\stm32f4xx_ll_usb.h(156): warning: padding size of 'USB_OTG_HCTypeDef' with 2 bytes to alignment boundary [-Wpadded]
  156 | typedef struct
      |         ^
../Drivers/STM32F4xx_HAL_Driver/src/stm32f4xx_hal_tim.c(178): warning: In file included from...../Drivers/STM32F4xx_HAL_Driver/inc\stm32f4xx_hal.h(30): warning: In file included from...../Drivers/CMSIS\stm32f4xx_hal_conf.h(344): warning: In file included from...../Drivers/STM32F4xx_HAL_Driver/inc\stm32f4xx_hal_tim.h(316): warning: padding struct 'TIM_HandleTypeDef' with 3 bytes to align 'hdma' [-Wpadded]
  316 |   DMA_HandleTypeDef           *hdma[7];      /*!< DMA Handlers array
      |                                ^
../Drivers/STM32F4xx_HAL_Driver/inc\stm32f4xx_hal_tim.h(310): warning: padding size of 'TIM_HandleTypeDef' with 2 bytes to alignment boundary [-Wpadded]
  310 | typedef struct
      |         ^
../Drivers/STM32F4xx_HAL_Driver/src/stm32f4xx_hal_tim.c(178): warning: In file included from...../Drivers/STM32F4xx_HAL_Driver/inc\stm32f4xx_hal.h(30): warning: In file included from...../Drivers/CMSIS\stm32f4xx_hal_conf.h(232): warning: In file included from...../Drivers/STM32F4xx_HAL_Driver/inc\stm32f4xx_hal_dma.h(149): warning: padding struct 'struct __DMA_HandleTypeDef' with 2 bytes to align 'Parent' [-Wpadded]
  149 |   void                       *Parent;                                                          /*!< Parent object state                    */ 
      |                               ^
../Drivers/STM32F4xx_HAL_Driver/src/stm32f4xx_hal_tim.c(503): warning: unsafe buffer access [-Wunsafe-buffer-usage]
  503 |   htim->hdma[TIM_DMA_ID_UPDATE]->XferCpltCallback = TIM_DMAPeriodElapsedCplt;
      |   ^~~~~~~~~~
../Drivers/STM32F4xx_HAL_Driver/src/stm32f4xx_hal_tim.c(504): warning: unsafe buffer access [-Wunsafe-buffer-usage]
  504 |   htim->hdma[TIM_DMA_ID_UPDATE]->XferHalfCpltCallback = TIM_DMAPeriodElapsedHalfCplt;
      |   ^~~~~~~~~~
../Drivers/STM32F4xx_HAL_Driver/src/stm32f4xx_hal_tim.c(507): warning: unsafe buffer access [-Wunsafe-buffer-usage]
  507 |   htim->hdma[TIM_DMA_ID_UPDATE]->XferErrorCallback = TIM_DMAError ;
      |   ^~~~~~~~~~
../Drivers/STM32F4xx_HAL_Driver/src/stm32f4xx_hal_tim.c(510): warning: unsafe buffer access [-Wunsafe-buffer-usage]
  510 |   if (HAL_DMA_Start_IT(htim->hdma[TIM_DMA_ID_UPDATE], (uint32_t)pData, (uint32_t)&htim->Instance->ARR, Length) != HAL_OK)
      |                        ^~~~~~~~~~
../Drivers/STM32F4xx_HAL_Driver/src/stm32f4xx_hal_tim.c(542): warning: unsafe buffer access [-Wunsafe-buffer-usage]
  542 |   (void)HAL_DMA_Abort_IT(htim->hdma[TIM_DMA_ID_UPDATE]);
      |                          ^~~~~~~~~~
../Drivers/STM32F4xx_HAL_Driver/src/stm32f4xx_hal_tim.c(955): warning: unsafe buffer access [-Wunsafe-buffer-usage]
  955 |       htim->hdma[TIM_DMA_ID_CC1]->XferCpltCallback = TIM_DMADelayPulseCplt;
      |       ^~~~~~~~~~
../Drivers/STM32F4xx_HAL_Driver/src/stm32f4xx_hal_tim.c(956): warning: unsafe buffer access [-Wunsafe-buffer-usage]
  956 |       htim->hdma[TIM_DMA_ID_CC1]->XferHalfCpltCallback = TIM_DMADelayPulseHalfCplt;
      |       ^~~~~~~~~~
../Drivers/STM32F4xx_HAL_Driver/src/stm32f4xx_hal_tim.c(959): warning: unsafe buffer access [-Wunsafe-buffer-usage]
  959 |       htim->hdma[TIM_DMA_ID_CC1]->XferErrorCallback = TIM_DMAError ;
      |       ^~~~~~~~~~
../Drivers/STM32F4xx_HAL_Driver/src/stm32f4xx_hal_tim.c(962): warning: unsafe buffer access [-Wunsafe-buffer-usage]
  962 |       if (HAL_DMA_Start_IT(htim->hdma[TIM_DMA_ID_CC1], (uint32_t)pData, (uint32_t)&htim->Instance->CCR1, Length) != HAL_OK)
      |                            ^~~~~~~~~~
../Drivers/STM32F4xx_HAL_Driver/src/stm32f4xx_hal_tim.c(975): warning: unsafe buffer access [-Wunsafe-buffer-usage]
  975 |       htim->hdma[TIM_DMA_ID_CC2]->XferCpltCallback = TIM_DMADelayPulseCplt;
      |       ^~~~~~~~~~
../Drivers/STM32F4xx_HAL_Driver/src/stm32f4xx_hal_tim.c(976): warning: unsafe buffer access [-Wunsafe-buffer-usage]
  976 |       htim->hdma[TIM_DMA_ID_CC2]->XferHalfCpltCallback = TIM_DMADelayPulseHalfCplt;
      |       ^~~~~~~~~~
../Drivers/STM32F4xx_HAL_Driver/src/stm32f4xx_hal_tim.c(979): warning: unsafe buffer access [-Wunsafe-buffer-usage]
  979 |       htim->hdma[TIM_DMA_ID_CC2]->XferErrorCallback = TIM_DMAError ;
      |       ^~~~~~~~~~
../Drivers/STM32F4xx_HAL_Driver/src/stm32f4xx_hal_tim.c(982): warning: unsafe buffer access [-Wunsafe-buffer-usage]
  982 |       if (HAL_DMA_Start_IT(htim->hdma[TIM_DMA_ID_CC2], (uint32_t)pData, (uint32_t)&htim->Instance->CCR2, Length) != HAL_OK)
      |                            ^~~~~~~~~~
../Drivers/STM32F4xx_HAL_Driver/src/stm32f4xx_hal_tim.c(995): warning: unsafe buffer access [-Wunsafe-buffer-usage]
  995 |       htim->hdma[TIM_DMA_ID_CC3]->XferCpltCallback = TIM_DMADelayPulseCplt;
      |       ^~~~~~~~~~
../Drivers/STM32F4xx_HAL_Driver/src/stm32f4xx_hal_tim.c(996): warning: unsafe buffer access [-Wunsafe-buffer-usage]
  996 |       htim->hdma[TIM_DMA_ID_CC3]->XferHalfCpltCallback = TIM_DMADelayPulseHalfCplt;
      |       ^~~~~~~~~~
../Drivers/STM32F4xx_HAL_Driver/src/stm32f4xx_hal_tim.c(999): warning: unsafe buffer access [-Wunsafe-buffer-usage]
  999 |       htim->hdma[TIM_DMA_ID_CC3]->XferErrorCallback = TIM_DMAError ;
      |       ^~~~~~~~~~
../Drivers/STM32F4xx_HAL_Driver/src/stm32f4xx_hal_tim.c(1002): warning: unsafe buffer access [-Wunsafe-buffer-usage]
 1002 |       if (HAL_DMA_Start_IT(htim->hdma[TIM_DMA_ID_CC3], (uint32_t)pData, (uint32_t)&htim->Instance->CCR3, Length) != HAL_OK)
      |                            ^~~~~~~~~~
../Drivers/STM32F4xx_HAL_Driver/src/stm32f4xx_hal_tim.c(1014): warning: unsafe buffer access [-Wunsafe-buffer-usage]
 1014 |       htim->hdma[TIM_DMA_ID_CC4]->XferCpltCallback = TIM_DMADelayPulseCplt;
      |       ^~~~~~~~~~
../Drivers/STM32F4xx_HAL_Driver/src/stm32f4xx_hal_tim.c(1015): warning: unsafe buffer access [-Wunsafe-buffer-usage]
 1015 |       htim->hdma[TIM_DMA_ID_CC4]->XferHalfCpltCallback = TIM_DMADelayPulseHalfCplt;
      |       ^~~~~~~~~~
../Drivers/STM32F4xx_HAL_Driver/src/stm32f4xx_hal_tim.c(1018): warning: unsafe buffer access [-Wunsafe-buffer-usage]
 1018 |       htim->hdma[TIM_DMA_ID_CC4]->XferErrorCallback = TIM_DMAError ;
      |       ^~~~~~~~~~
../Drivers/STM32F4xx_HAL_Driver/src/stm32f4xx_hal_tim.c(1021): warning: unsafe buffer access [-Wunsafe-buffer-usage]
 1021 |       if (HAL_DMA_Start_IT(htim->hdma[TIM_DMA_ID_CC4], (uint32_t)pData, (uint32_t)&htim->Instance->CCR4, Length) != HAL_OK)
      |                            ^~~~~~~~~~
../Drivers/STM32F4xx_HAL_Driver/src/stm32f4xx_hal_tim.c(1076): warning: unsafe buffer access [-Wunsafe-buffer-usage]
 1076 |       (void)HAL_DMA_Abort_IT(htim->hdma[TIM_DMA_ID_CC1]);
      |                              ^~~~~~~~~~
../Drivers/STM32F4xx_HAL_Driver/src/stm32f4xx_hal_tim.c(1084): warning: unsafe buffer access [-Wunsafe-buffer-usage]
 1084 |       (void)HAL_DMA_Abort_IT(htim->hdma[TIM_DMA_ID_CC2]);
      |                              ^~~~~~~~~~
../Drivers/STM32F4xx_HAL_Driver/src/stm32f4xx_hal_tim.c(1092): warning: unsafe buffer access [-Wunsafe-buffer-usage]
 1092 |       (void)HAL_DMA_Abort_IT(htim->hdma[TIM_DMA_ID_CC3]);
      |                              ^~~~~~~~~~
../Drivers/STM32F4xx_HAL_Driver/src/stm32f4xx_hal_tim.c(1100): warning: unsafe buffer access [-Wunsafe-buffer-usage]
 1100 |       (void)HAL_DMA_Abort_IT(htim->hdma[TIM_DMA_ID_CC4]);
      |                              ^~~~~~~~~~
../Drivers/STM32F4xx_HAL_Driver/src/stm32f4xx_hal_tim.c(1530): warning: unsafe buffer access [-Wunsafe-buffer-usage]
 1530 |       htim->hdma[TIM_DMA_ID_CC1]->XferCpltCallback = TIM_DMADelayPulseCplt;
      |       ^~~~~~~~~~
../Drivers/STM32F4xx_HAL_Driver/src/stm32f4xx_hal_tim.c(1531): warning: unsafe buffer access [-Wunsafe-buffer-usage]
 1531 |       htim->hdma[TIM_DMA_ID_CC1]->XferHalfCpltCallback = TIM_DMADelayPulseHalfCplt;
      |       ^~~~~~~~~~
../Drivers/STM32F4xx_HAL_Driver/src/stm32f4xx_hal_tim.c(1534): warning: unsafe buffer access [-Wunsafe-buffer-usage]
 1534 |       htim->hdma[TIM_DMA_ID_CC1]->XferErrorCallback = TIM_DMAError ;
      |       ^~~~~~~~~~
../Drivers/STM32F4xx_HAL_Driver/src/stm32f4xx_hal_tim.c(1537): warning: unsafe buffer access [-Wunsafe-buffer-usage]
 1537 |       if (HAL_DMA_Start_IT(htim->hdma[TIM_DMA_ID_CC1], (uint32_t)pData, (uint32_t)&htim->Instance->CCR1, Length) != HAL_OK)
      |                            ^~~~~~~~~~
../Drivers/STM32F4xx_HAL_Driver/src/stm32f4xx_hal_tim.c(1550): warning: unsafe buffer access [-Wunsafe-buffer-usage]
 1550 |       htim->hdma[TIM_DMA_ID_CC2]->XferCpltCallback = TIM_DMADelayPulseCplt;
      |       ^~~~~~~~~~
../Drivers/STM32F4xx_HAL_Driver/src/stm32f4xx_hal_tim.c(1551): warning: unsafe buffer access [-Wunsafe-buffer-usage]
 1551 |       htim->hdma[TIM_DMA_ID_CC2]->XferHalfCpltCallback = TIM_DMADelayPulseHalfCplt;
      |       ^~~~~~~~~~
../Drivers/STM32F4xx_HAL_Driver/src/stm32f4xx_hal_tim.c(1554): warning: unsafe buffer access [-Wunsafe-buffer-usage]
 1554 |       htim->hdma[TIM_DMA_ID_CC2]->XferErrorCallback = TIM_DMAError ;
      |       ^~~~~~~~~~
../Drivers/STM32F4xx_HAL_Driver/src/stm32f4xx_hal_tim.c(1557): warning: unsafe buffer access [-Wunsafe-buffer-usage]
 1557 |       if (HAL_DMA_Start_IT(htim->hdma[TIM_DMA_ID_CC2], (uint32_t)pData, (uint32_t)&htim->Instance->CCR2, Length) != HAL_OK)
      |                            ^~~~~~~~~~
../Drivers/STM32F4xx_HAL_Driver/src/stm32f4xx_hal_tim.c(1569): warning: unsafe buffer access [-Wunsafe-buffer-usage]
 1569 |       htim->hdma[TIM_DMA_ID_CC3]->XferCpltCallback = TIM_DMADelayPulseCplt;
      |       ^~~~~~~~~~
../Drivers/STM32F4xx_HAL_Driver/src/stm32f4xx_hal_tim.c(1570): warning: unsafe buffer access [-Wunsafe-buffer-usage]
 1570 |       htim->hdma[TIM_DMA_ID_CC3]->XferHalfCpltCallback = TIM_DMADelayPulseHalfCplt;
      |       ^~~~~~~~~~
../Drivers/STM32F4xx_HAL_Driver/src/stm32f4xx_hal_tim.c(1573): warning: unsafe buffer access [-Wunsafe-buffer-usage]
 1573 |       htim->hdma[TIM_DMA_ID_CC3]->XferErrorCallback = TIM_DMAError ;
      |       ^~~~~~~~~~
../Drivers/STM32F4xx_HAL_Driver/src/stm32f4xx_hal_tim.c(1576): warning: unsafe buffer access [-Wunsafe-buffer-usage]
 1576 |       if (HAL_DMA_Start_IT(htim->hdma[TIM_DMA_ID_CC3], (uint32_t)pData, (uint32_t)&htim->Instance->CCR3, Length) != HAL_OK)
      |                            ^~~~~~~~~~
../Drivers/STM32F4xx_HAL_Driver/src/stm32f4xx_hal_tim.c(1588): warning: unsafe buffer access [-Wunsafe-buffer-usage]
 1588 |       htim->hdma[TIM_DMA_ID_CC4]->XferCpltCallback = TIM_DMADelayPulseCplt;
      |       ^~~~~~~~~~
../Drivers/STM32F4xx_HAL_Driver/src/stm32f4xx_hal_tim.c(1589): warning: unsafe buffer access [-Wunsafe-buffer-usage]
 1589 |       htim->hdma[TIM_DMA_ID_CC4]->XferHalfCpltCallback = TIM_DMADelayPulseHalfCplt;
      |       ^~~~~~~~~~
../Drivers/STM32F4xx_HAL_Driver/src/stm32f4xx_hal_tim.c(1592): warning: unsafe buffer access [-Wunsafe-buffer-usage]
 1592 |       htim->hdma[TIM_DMA_ID_CC4]->XferErrorCallback = TIM_DMAError ;
      |       ^~~~~~~~~~
../Drivers/STM32F4xx_HAL_Driver/src/stm32f4xx_hal_tim.c(1595): warning: unsafe buffer access [-Wunsafe-buffer-usage]
 1595 |       if (HAL_DMA_Start_IT(htim->hdma[TIM_DMA_ID_CC4], (uint32_t)pData, (uint32_t)&htim->Instance->CCR4, Length) != HAL_OK)
      |                            ^~~~~~~~~~
../Drivers/STM32F4xx_HAL_Driver/src/stm32f4xx_hal_tim.c(1650): warning: unsafe buffer access [-Wunsafe-buffer-usage]
 1650 |       (void)HAL_DMA_Abort_IT(htim->hdma[TIM_DMA_ID_CC1]);
      |                              ^~~~~~~~~~
../Drivers/STM32F4xx_HAL_Driver/src/stm32f4xx_hal_tim.c(1658): warning: unsafe buffer access [-Wunsafe-buffer-usage]
 1658 |       (void)HAL_DMA_Abort_IT(htim->hdma[TIM_DMA_ID_CC2]);
      |                              ^~~~~~~~~~
../Drivers/STM32F4xx_HAL_Driver/src/stm32f4xx_hal_tim.c(1666): warning: unsafe buffer access [-Wunsafe-buffer-usage]
 1666 |       (void)HAL_DMA_Abort_IT(htim->hdma[TIM_DMA_ID_CC3]);
      |                              ^~~~~~~~~~
../Drivers/STM32F4xx_HAL_Driver/src/stm32f4xx_hal_tim.c(1674): warning: unsafe buffer access [-Wunsafe-buffer-usage]
 1674 |       (void)HAL_DMA_Abort_IT(htim->hdma[TIM_DMA_ID_CC4]);
      |                              ^~~~~~~~~~
../Drivers/STM32F4xx_HAL_Driver/src/stm32f4xx_hal_tim.c(2078): warning: unsafe buffer access [-Wunsafe-buffer-usage]
 2078 |       htim->hdma[TIM_DMA_ID_CC1]->XferCpltCallback = TIM_DMACaptureCplt;
      |       ^~~~~~~~~~
../Drivers/STM32F4xx_HAL_Driver/src/stm32f4xx_hal_tim.c(2079): warning: unsafe buffer access [-Wunsafe-buffer-usage]
 2079 |       htim->hdma[TIM_DMA_ID_CC1]->XferHalfCpltCallback = TIM_DMACaptureHalfCplt;
      |       ^~~~~~~~~~
../Drivers/STM32F4xx_HAL_Driver/src/stm32f4xx_hal_tim.c(2082): warning: unsafe buffer access [-Wunsafe-buffer-usage]
 2082 |       htim->hdma[TIM_DMA_ID_CC1]->XferErrorCallback = TIM_DMAError ;
      |       ^~~~~~~~~~
../Drivers/STM32F4xx_HAL_Driver/src/stm32f4xx_hal_tim.c(2085): warning: unsafe buffer access [-Wunsafe-buffer-usage]
 2085 |       if (HAL_DMA_Start_IT(htim->hdma[TIM_DMA_ID_CC1], (uint32_t)&htim->Instance->CCR1, (uint32_t)pData, Length) != HAL_OK)
      |                            ^~~~~~~~~~
../Drivers/STM32F4xx_HAL_Driver/src/stm32f4xx_hal_tim.c(2097): warning: unsafe buffer access [-Wunsafe-buffer-usage]
 2097 |       htim->hdma[TIM_DMA_ID_CC2]->XferCpltCallback = TIM_DMACaptureCplt;
      |       ^~~~~~~~~~
../Drivers/STM32F4xx_HAL_Driver/src/stm32f4xx_hal_tim.c(2098): warning: unsafe buffer access [-Wunsafe-buffer-usage]
 2098 |       htim->hdma[TIM_DMA_ID_CC2]->XferHalfCpltCallback = TIM_DMACaptureHalfCplt;
      |       ^~~~~~~~~~
../Drivers/STM32F4xx_HAL_Driver/src/stm32f4xx_hal_tim.c(2101): warning: unsafe buffer access [-Wunsafe-buffer-usage]
 2101 |       htim->hdma[TIM_DMA_ID_CC2]->XferErrorCallback = TIM_DMAError ;
      |       ^~~~~~~~~~
../Drivers/STM32F4xx_HAL_Driver/src/stm32f4xx_hal_tim.c(2104): warning: unsafe buffer access [-Wunsafe-buffer-usage]
 2104 |       if (HAL_DMA_Start_IT(htim->hdma[TIM_DMA_ID_CC2], (uint32_t)&htim->Instance->CCR2, (uint32_t)pData, Length) != HAL_OK)
      |                            ^~~~~~~~~~
../Drivers/STM32F4xx_HAL_Driver/src/stm32f4xx_hal_tim.c(2116): warning: unsafe buffer access [-Wunsafe-buffer-usage]
 2116 |       htim->hdma[TIM_DMA_ID_CC3]->XferCpltCallback = TIM_DMACaptureCplt;
      |       ^~~~~~~~~~
../Drivers/STM32F4xx_HAL_Driver/src/stm32f4xx_hal_tim.c(2117): warning: unsafe buffer access [-Wunsafe-buffer-usage]
 2117 |       htim->hdma[TIM_DMA_ID_CC3]->XferHalfCpltCallback = TIM_DMACaptureHalfCplt;
      |       ^~~~~~~~~~
../Drivers/STM32F4xx_HAL_Driver/src/stm32f4xx_hal_tim.c(2120): warning: unsafe buffer access [-Wunsafe-buffer-usage]
 2120 |       htim->hdma[TIM_DMA_ID_CC3]->XferErrorCallback = TIM_DMAError ;
      |       ^~~~~~~~~~
../Drivers/STM32F4xx_HAL_Driver/src/stm32f4xx_hal_tim.c(2123): warning: unsafe buffer access [-Wunsafe-buffer-usage]
 2123 |       if (HAL_DMA_Start_IT(htim->hdma[TIM_DMA_ID_CC3], (uint32_t)&htim->Instance->CCR3, (uint32_t)pData, Length) != HAL_OK)
      |                            ^~~~~~~~~~
../Drivers/STM32F4xx_HAL_Driver/src/stm32f4xx_hal_tim.c(2135): warning: unsafe buffer access [-Wunsafe-buffer-usage]
 2135 |       htim->hdma[TIM_DMA_ID_CC4]->XferCpltCallback = TIM_DMACaptureCplt;
      |       ^~~~~~~~~~
../Drivers/STM32F4xx_HAL_Driver/src/stm32f4xx_hal_tim.c(2136): warning: unsafe buffer access [-Wunsafe-buffer-usage]
 2136 |       htim->hdma[TIM_DMA_ID_CC4]->XferHalfCpltCallback = TIM_DMACaptureHalfCplt;
      |       ^~~~~~~~~~
../Drivers/STM32F4xx_HAL_Driver/src/stm32f4xx_hal_tim.c(2139): warning: unsafe buffer access [-Wunsafe-buffer-usage]
 2139 |       htim->hdma[TIM_DMA_ID_CC4]->XferErrorCallback = TIM_DMAError ;
      |       ^~~~~~~~~~
../Drivers/STM32F4xx_HAL_Driver/src/stm32f4xx_hal_tim.c(2142): warning: unsafe buffer access [-Wunsafe-buffer-usage]
 2142 |       if (HAL_DMA_Start_IT(htim->hdma[TIM_DMA_ID_CC4], (uint32_t)&htim->Instance->CCR4, (uint32_t)pData, Length) != HAL_OK)
      |                            ^~~~~~~~~~
../Drivers/STM32F4xx_HAL_Driver/src/stm32f4xx_hal_tim.c(2192): warning: unsafe buffer access [-Wunsafe-buffer-usage]
 2192 |       (void)HAL_DMA_Abort_IT(htim->hdma[TIM_DMA_ID_CC1]);
      |                              ^~~~~~~~~~
../Drivers/STM32F4xx_HAL_Driver/src/stm32f4xx_hal_tim.c(2200): warning: unsafe buffer access [-Wunsafe-buffer-usage]
 2200 |       (void)HAL_DMA_Abort_IT(htim->hdma[TIM_DMA_ID_CC2]);
      |                              ^~~~~~~~~~
../Drivers/STM32F4xx_HAL_Driver/src/stm32f4xx_hal_tim.c(2208): warning: unsafe buffer access [-Wunsafe-buffer-usage]
 2208 |       (void)HAL_DMA_Abort_IT(htim->hdma[TIM_DMA_ID_CC3]);
      |                              ^~~~~~~~~~
../Drivers/STM32F4xx_HAL_Driver/src/stm32f4xx_hal_tim.c(2216): warning: unsafe buffer access [-Wunsafe-buffer-usage]
 2216 |       (void)HAL_DMA_Abort_IT(htim->hdma[TIM_DMA_ID_CC4]);
      |                              ^~~~~~~~~~
../Drivers/STM32F4xx_HAL_Driver/src/stm32f4xx_hal_tim.c(2988): warning: unsafe buffer access [-Wunsafe-buffer-usage]
 2988 |       htim->hdma[TIM_DMA_ID_CC1]->XferCpltCallback = TIM_DMACaptureCplt;
      |       ^~~~~~~~~~
../Drivers/STM32F4xx_HAL_Driver/src/stm32f4xx_hal_tim.c(2989): warning: unsafe buffer access [-Wunsafe-buffer-usage]
 2989 |       htim->hdma[TIM_DMA_ID_CC1]->XferHalfCpltCallback = TIM_DMACaptureHalfCplt;
      |       ^~~~~~~~~~
../Drivers/STM32F4xx_HAL_Driver/src/stm32f4xx_hal_tim.c(2992): warning: unsafe buffer access [-Wunsafe-buffer-usage]
 2992 |       htim->hdma[TIM_DMA_ID_CC1]->XferErrorCallback = TIM_DMAError ;
      |       ^~~~~~~~~~
../Drivers/STM32F4xx_HAL_Driver/src/stm32f4xx_hal_tim.c(2995): warning: unsafe buffer access [-Wunsafe-buffer-usage]
 2995 |       if (HAL_DMA_Start_IT(htim->hdma[TIM_DMA_ID_CC1], (uint32_t)&htim->Instance->CCR1, (uint32_t)pData1, Length) != HAL_OK)
      |                            ^~~~~~~~~~
../Drivers/STM32F4xx_HAL_Driver/src/stm32f4xx_hal_tim.c(3013): warning: unsafe buffer access [-Wunsafe-buffer-usage]
 3013 |       htim->hdma[TIM_DMA_ID_CC2]->XferCpltCallback = TIM_DMACaptureCplt;
      |       ^~~~~~~~~~
../Drivers/STM32F4xx_HAL_Driver/src/stm32f4xx_hal_tim.c(3014): warning: unsafe buffer access [-Wunsafe-buffer-usage]
 3014 |       htim->hdma[TIM_DMA_ID_CC2]->XferHalfCpltCallback = TIM_DMACaptureHalfCplt;
      |       ^~~~~~~~~~
../Drivers/STM32F4xx_HAL_Driver/src/stm32f4xx_hal_tim.c(3017): warning: unsafe buffer access [-Wunsafe-buffer-usage]
 3017 |       htim->hdma[TIM_DMA_ID_CC2]->XferErrorCallback = TIM_DMAError;
      |       ^~~~~~~~~~
../Drivers/STM32F4xx_HAL_Driver/src/stm32f4xx_hal_tim.c(3019): warning: unsafe buffer access [-Wunsafe-buffer-usage]
 3019 |       if (HAL_DMA_Start_IT(htim->hdma[TIM_DMA_ID_CC2], (uint32_t)&htim->Instance->CCR2, (uint32_t)pData2, Length) != HAL_OK)
      |                            ^~~~~~~~~~
../Drivers/STM32F4xx_HAL_Driver/src/stm32f4xx_hal_tim.c(3037): warning: unsafe buffer access [-Wunsafe-buffer-usage]
 3037 |       htim->hdma[TIM_DMA_ID_CC1]->XferCpltCallback = TIM_DMACaptureCplt;
      |       ^~~~~~~~~~
../Drivers/STM32F4xx_HAL_Driver/src/stm32f4xx_hal_tim.c(3038): warning: unsafe buffer access [-Wunsafe-buffer-usage]
 3038 |       htim->hdma[TIM_DMA_ID_CC1]->XferHalfCpltCallback = TIM_DMACaptureHalfCplt;
      |       ^~~~~~~~~~
../Drivers/STM32F4xx_HAL_Driver/src/stm32f4xx_hal_tim.c(3041): warning: unsafe buffer access [-Wunsafe-buffer-usage]
 3041 |       htim->hdma[TIM_DMA_ID_CC1]->XferErrorCallback = TIM_DMAError ;
      |       ^~~~~~~~~~
../Drivers/STM32F4xx_HAL_Driver/src/stm32f4xx_hal_tim.c(3044): warning: unsafe buffer access [-Wunsafe-buffer-usage]
 3044 |       if (HAL_DMA_Start_IT(htim->hdma[TIM_DMA_ID_CC1], (uint32_t)&htim->Instance->CCR1, (uint32_t)pData1, Length) != HAL_OK)
      |                            ^~~~~~~~~~
../Drivers/STM32F4xx_HAL_Driver/src/stm32f4xx_hal_tim.c(3050): warning: unsafe buffer access [-Wunsafe-buffer-usage]
 3050 |       htim->hdma[TIM_DMA_ID_CC2]->XferCpltCallback = TIM_DMACaptureCplt;
      |       ^~~~~~~~~~
../Drivers/STM32F4xx_HAL_Driver/src/stm32f4xx_hal_tim.c(3051): warning: unsafe buffer access [-Wunsafe-buffer-usage]
 3051 |       htim->hdma[TIM_DMA_ID_CC2]->XferHalfCpltCallback = TIM_DMACaptureHalfCplt;
      |       ^~~~~~~~~~
../Drivers/STM32F4xx_HAL_Driver/src/stm32f4xx_hal_tim.c(3054): warning: unsafe buffer access [-Wunsafe-buffer-usage]
 3054 |       htim->hdma[TIM_DMA_ID_CC2]->XferErrorCallback = TIM_DMAError ;
      |       ^~~~~~~~~~
../Drivers/STM32F4xx_HAL_Driver/src/stm32f4xx_hal_tim.c(3057): warning: unsafe buffer access [-Wunsafe-buffer-usage]
 3057 |       if (HAL_DMA_Start_IT(htim->hdma[TIM_DMA_ID_CC2], (uint32_t)&htim->Instance->CCR2, (uint32_t)pData2, Length) != HAL_OK)
      |                            ^~~~~~~~~~
../Drivers/STM32F4xx_HAL_Driver/src/stm32f4xx_hal_tim.c(3105): warning: unsafe buffer access [-Wunsafe-buffer-usage]
 3105 |     (void)HAL_DMA_Abort_IT(htim->hdma[TIM_DMA_ID_CC1]);
      |                            ^~~~~~~~~~
../Drivers/STM32F4xx_HAL_Driver/src/stm32f4xx_hal_tim.c(3113): warning: unsafe buffer access [-Wunsafe-buffer-usage]
 3113 |     (void)HAL_DMA_Abort_IT(htim->hdma[TIM_DMA_ID_CC2]);
      |                            ^~~~~~~~~~
../Drivers/STM32F4xx_HAL_Driver/src/stm32f4xx_hal_tim.c(3123): warning: unsafe buffer access [-Wunsafe-buffer-usage]
 3123 |     (void)HAL_DMA_Abort_IT(htim->hdma[TIM_DMA_ID_CC1]);
      |                            ^~~~~~~~~~
../Drivers/STM32F4xx_HAL_Driver/src/stm32f4xx_hal_tim.c(3124): warning: unsafe buffer access [-Wunsafe-buffer-usage]
 3124 |     (void)HAL_DMA_Abort_IT(htim->hdma[TIM_DMA_ID_CC2]);
      |                            ^~~~~~~~~~
../Drivers/STM32F4xx_HAL_Driver/src/stm32f4xx_hal_tim.c(3832): warning: unsafe buffer access [-Wunsafe-buffer-usage]
 3832 |       htim->hdma[TIM_DMA_ID_UPDATE]->XferCpltCallback = TIM_DMAPeriodElapsedCplt;
      |       ^~~~~~~~~~
../Drivers/STM32F4xx_HAL_Driver/src/stm32f4xx_hal_tim.c(3833): warning: unsafe buffer access [-Wunsafe-buffer-usage]
 3833 |       htim->hdma[TIM_DMA_ID_UPDATE]->XferHalfCpltCallback = TIM_DMAPeriodElapsedHalfCplt;
      |       ^~~~~~~~~~
../Drivers/STM32F4xx_HAL_Driver/src/stm32f4xx_hal_tim.c(3836): warning: unsafe buffer access [-Wunsafe-buffer-usage]
 3836 |       htim->hdma[TIM_DMA_ID_UPDATE]->XferErrorCallback = TIM_DMAError ;
      |       ^~~~~~~~~~
../Drivers/STM32F4xx_HAL_Driver/src/stm32f4xx_hal_tim.c(3839): warning: unsafe buffer access [-Wunsafe-buffer-usage]
 3839 |       if (HAL_DMA_Start_IT(htim->hdma[TIM_DMA_ID_UPDATE], (uint32_t)BurstBuffer, (uint32_t)&htim->Instance->DMAR, ((BurstLength) >> 8U) + 1U) != HAL_OK)
      |                            ^~~~~~~~~~
../Drivers/STM32F4xx_HAL_Driver/src/stm32f4xx_hal_tim.c(3848): warning: unsafe buffer access [-Wunsafe-buffer-usage]
 3848 |       htim->hdma[TIM_DMA_ID_CC1]->XferCpltCallback = TIM_DMADelayPulseCplt;
      |       ^~~~~~~~~~
../Drivers/STM32F4xx_HAL_Driver/src/stm32f4xx_hal_tim.c(3849): warning: unsafe buffer access [-Wunsafe-buffer-usage]
 3849 |       htim->hdma[TIM_DMA_ID_CC1]->XferHalfCpltCallback = TIM_DMADelayPulseHalfCplt;
      |       ^~~~~~~~~~
../Drivers/STM32F4xx_HAL_Driver/src/stm32f4xx_hal_tim.c(3852): warning: unsafe buffer access [-Wunsafe-buffer-usage]
 3852 |       htim->hdma[TIM_DMA_ID_CC1]->XferErrorCallback = TIM_DMAError ;
      |       ^~~~~~~~~~
../Drivers/STM32F4xx_HAL_Driver/src/stm32f4xx_hal_tim.c(3855): warning: unsafe buffer access [-Wunsafe-buffer-usage]
 3855 |       if (HAL_DMA_Start_IT(htim->hdma[TIM_DMA_ID_CC1], (uint32_t)BurstBuffer, (uint32_t)&htim->Instance->DMAR, ((BurstLength) >> 8U) + 1U) != HAL_OK)
      |                            ^~~~~~~~~~
../Drivers/STM32F4xx_HAL_Driver/src/stm32f4xx_hal_tim.c(3864): warning: unsafe buffer access [-Wunsafe-buffer-usage]
 3864 |       htim->hdma[TIM_DMA_ID_CC2]->XferCpltCallback = TIM_DMADelayPulseCplt;
      |       ^~~~~~~~~~
../Drivers/STM32F4xx_HAL_Driver/src/stm32f4xx_hal_tim.c(3865): warning: unsafe buffer access [-Wunsafe-buffer-usage]
 3865 |       htim->hdma[TIM_DMA_ID_CC2]->XferHalfCpltCallback = TIM_DMADelayPulseHalfCplt;
      |       ^~~~~~~~~~
../Drivers/STM32F4xx_HAL_Driver/src/stm32f4xx_hal_tim.c(3868): warning: unsafe buffer access [-Wunsafe-buffer-usage]
 3868 |       htim->hdma[TIM_DMA_ID_CC2]->XferErrorCallback = TIM_DMAError ;
      |       ^~~~~~~~~~
../Drivers/STM32F4xx_HAL_Driver/src/stm32f4xx_hal_tim.c(3871): warning: unsafe buffer access [-Wunsafe-buffer-usage]
 3871 |       if (HAL_DMA_Start_IT(htim->hdma[TIM_DMA_ID_CC2], (uint32_t)BurstBuffer, (uint32_t)&htim->Instance->DMAR, ((BurstLength) >> 8U) + 1U) != HAL_OK)
      |                            ^~~~~~~~~~
../Drivers/STM32F4xx_HAL_Driver/src/stm32f4xx_hal_tim.c(3880): warning: unsafe buffer access [-Wunsafe-buffer-usage]
 3880 |       htim->hdma[TIM_DMA_ID_CC3]->XferCpltCallback = TIM_DMADelayPulseCplt;
      |       ^~~~~~~~~~
../Drivers/STM32F4xx_HAL_Driver/src/stm32f4xx_hal_tim.c(3881): warning: unsafe buffer access [-Wunsafe-buffer-usage]
 3881 |       htim->hdma[TIM_DMA_ID_CC3]->XferHalfCpltCallback = TIM_DMADelayPulseHalfCplt;
      |       ^~~~~~~~~~
../Drivers/STM32F4xx_HAL_Driver/src/stm32f4xx_hal_tim.c(3884): warning: unsafe buffer access [-Wunsafe-buffer-usage]
 3884 |       htim->hdma[TIM_DMA_ID_CC3]->XferErrorCallback = TIM_DMAError ;
      |       ^~~~~~~~~~
../Drivers/STM32F4xx_HAL_Driver/src/stm32f4xx_hal_tim.c(3887): warning: unsafe buffer access [-Wunsafe-buffer-usage]
 3887 |       if (HAL_DMA_Start_IT(htim->hdma[TIM_DMA_ID_CC3], (uint32_t)BurstBuffer, (uint32_t)&htim->Instance->DMAR, ((BurstLength) >> 8U) + 1U) != HAL_OK)
      |                            ^~~~~~~~~~
../Drivers/STM32F4xx_HAL_Driver/src/stm32f4xx_hal_tim.c(3896): warning: unsafe buffer access [-Wunsafe-buffer-usage]
 3896 |       htim->hdma[TIM_DMA_ID_CC4]->XferCpltCallback = TIM_DMADelayPulseCplt;
      |       ^~~~~~~~~~
../Drivers/STM32F4xx_HAL_Driver/src/stm32f4xx_hal_tim.c(3897): warning: unsafe buffer access [-Wunsafe-buffer-usage]
 3897 |       htim->hdma[TIM_DMA_ID_CC4]->XferHalfCpltCallback = TIM_DMADelayPulseHalfCplt;
      |       ^~~~~~~~~~
../Drivers/STM32F4xx_HAL_Driver/src/stm32f4xx_hal_tim.c(3900): warning: unsafe buffer access [-Wunsafe-buffer-usage]
 3900 |       htim->hdma[TIM_DMA_ID_CC4]->XferErrorCallback = TIM_DMAError ;
      |       ^~~~~~~~~~
../Drivers/STM32F4xx_HAL_Driver/src/stm32f4xx_hal_tim.c(3903): warning: unsafe buffer access [-Wunsafe-buffer-usage]
 3903 |       if (HAL_DMA_Start_IT(htim->hdma[TIM_DMA_ID_CC4], (uint32_t)BurstBuffer, (uint32_t)&htim->Instance->DMAR, ((BurstLength) >> 8U) + 1U) != HAL_OK)
      |                            ^~~~~~~~~~
../Drivers/STM32F4xx_HAL_Driver/src/stm32f4xx_hal_tim.c(3912): warning: unsafe buffer access [-Wunsafe-buffer-usage]
 3912 |       htim->hdma[TIM_DMA_ID_COMMUTATION]->XferCpltCallback =  TIMEx_DMACommutationCplt;
      |       ^~~~~~~~~~
../Drivers/STM32F4xx_HAL_Driver/src/stm32f4xx_hal_tim.c(3913): warning: unsafe buffer access [-Wunsafe-buffer-usage]
 3913 |       htim->hdma[TIM_DMA_ID_COMMUTATION]->XferHalfCpltCallback =  TIMEx_DMACommutationHalfCplt;
      |       ^~~~~~~~~~
../Drivers/STM32F4xx_HAL_Driver/src/stm32f4xx_hal_tim.c(3916): warning: unsafe buffer access [-Wunsafe-buffer-usage]
 3916 |       htim->hdma[TIM_DMA_ID_COMMUTATION]->XferErrorCallback = TIM_DMAError ;
      |       ^~~~~~~~~~
../Drivers/STM32F4xx_HAL_Driver/src/stm32f4xx_hal_tim.c(3919): warning: unsafe buffer access [-Wunsafe-buffer-usage]
 3919 |       if (HAL_DMA_Start_IT(htim->hdma[TIM_DMA_ID_COMMUTATION], (uint32_t)BurstBuffer, (uint32_t)&htim->Instance->DMAR, ((BurstLength) >> 8U) + 1U) != HAL_OK)
      |                            ^~~~~~~~~~
../Drivers/STM32F4xx_HAL_Driver/src/stm32f4xx_hal_tim.c(3928): warning: unsafe buffer access [-Wunsafe-buffer-usage]
 3928 |       htim->hdma[TIM_DMA_ID_TRIGGER]->XferCpltCallback = TIM_DMATriggerCplt;
      |       ^~~~~~~~~~
../Drivers/STM32F4xx_HAL_Driver/src/stm32f4xx_hal_tim.c(3929): warning: unsafe buffer access [-Wunsafe-buffer-usage]
 3929 |       htim->hdma[TIM_DMA_ID_TRIGGER]->XferHalfCpltCallback = TIM_DMATriggerHalfCplt;
      |       ^~~~~~~~~~
../Drivers/STM32F4xx_HAL_Driver/src/stm32f4xx_hal_tim.c(3932): warning: unsafe buffer access [-Wunsafe-buffer-usage]
 3932 |       htim->hdma[TIM_DMA_ID_TRIGGER]->XferErrorCallback = TIM_DMAError ;
      |       ^~~~~~~~~~
../Drivers/STM32F4xx_HAL_Driver/src/stm32f4xx_hal_tim.c(3935): warning: unsafe buffer access [-Wunsafe-buffer-usage]
 3935 |       if (HAL_DMA_Start_IT(htim->hdma[TIM_DMA_ID_TRIGGER], (uint32_t)BurstBuffer, (uint32_t)&htim->Instance->DMAR, ((BurstLength) >> 8U) + 1U) != HAL_OK)
      |                            ^~~~~~~~~~
../Drivers/STM32F4xx_HAL_Driver/src/stm32f4xx_hal_tim.c(3973): warning: unsafe buffer access [-Wunsafe-buffer-usage]
 3973 |       status = HAL_DMA_Abort_IT(htim->hdma[TIM_DMA_ID_UPDATE]);
      |                                 ^~~~~~~~~~
../Drivers/STM32F4xx_HAL_Driver/src/stm32f4xx_hal_tim.c(3978): warning: unsafe buffer access [-Wunsafe-buffer-usage]
 3978 |       status = HAL_DMA_Abort_IT(htim->hdma[TIM_DMA_ID_CC1]);
      |                                 ^~~~~~~~~~
../Drivers/STM32F4xx_HAL_Driver/src/stm32f4xx_hal_tim.c(3983): warning: unsafe buffer access [-Wunsafe-buffer-usage]
 3983 |       status = HAL_DMA_Abort_IT(htim->hdma[TIM_DMA_ID_CC2]);
      |                                 ^~~~~~~~~~
../Drivers/STM32F4xx_HAL_Driver/src/stm32f4xx_hal_tim.c(3988): warning: unsafe buffer access [-Wunsafe-buffer-usage]
 3988 |       status =  HAL_DMA_Abort_IT(htim->hdma[TIM_DMA_ID_CC3]);
      |                                  ^~~~~~~~~~
../Drivers/STM32F4xx_HAL_Driver/src/stm32f4xx_hal_tim.c(3993): warning: unsafe buffer access [-Wunsafe-buffer-usage]
 3993 |       status = HAL_DMA_Abort_IT(htim->hdma[TIM_DMA_ID_CC4]);
      |                                 ^~~~~~~~~~
../Drivers/STM32F4xx_HAL_Driver/src/stm32f4xx_hal_tim.c(3998): warning: unsafe buffer access [-Wunsafe-buffer-usage]
 3998 |       status = HAL_DMA_Abort_IT(htim->hdma[TIM_DMA_ID_COMMUTATION]);
      |                                 ^~~~~~~~~~
../Drivers/STM32F4xx_HAL_Driver/src/stm32f4xx_hal_tim.c(4003): warning: unsafe buffer access [-Wunsafe-buffer-usage]
 4003 |       status = HAL_DMA_Abort_IT(htim->hdma[TIM_DMA_ID_TRIGGER]);
      |                                 ^~~~~~~~~~
../Drivers/STM32F4xx_HAL_Driver/src/stm32f4xx_hal_tim.c(4091): warning: unsafe buffer access [-Wunsafe-buffer-usage]
 4091 |       htim->hdma[TIM_DMA_ID_UPDATE]->XferCpltCallback = TIM_DMAPeriodElapsedCplt;
      |       ^~~~~~~~~~
../Drivers/STM32F4xx_HAL_Driver/src/stm32f4xx_hal_tim.c(4092): warning: unsafe buffer access [-Wunsafe-buffer-usage]
 4092 |       htim->hdma[TIM_DMA_ID_UPDATE]->XferHalfCpltCallback = TIM_DMAPeriodElapsedHalfCplt;
      |       ^~~~~~~~~~
../Drivers/STM32F4xx_HAL_Driver/src/stm32f4xx_hal_tim.c(4095): warning: unsafe buffer access [-Wunsafe-buffer-usage]
 4095 |       htim->hdma[TIM_DMA_ID_UPDATE]->XferErrorCallback = TIM_DMAError ;
      |       ^~~~~~~~~~
../Drivers/STM32F4xx_HAL_Driver/src/stm32f4xx_hal_tim.c(4098): warning: unsafe buffer access [-Wunsafe-buffer-usage]
 4098 |       if (HAL_DMA_Start_IT(htim->hdma[TIM_DMA_ID_UPDATE], (uint32_t)&htim->Instance->DMAR, (uint32_t)BurstBuffer, ((BurstLength) >> 8U) + 1U) != HAL_OK)
      |                            ^~~~~~~~~~
../Drivers/STM32F4xx_HAL_Driver/src/stm32f4xx_hal_tim.c(4107): warning: unsafe buffer access [-Wunsafe-buffer-usage]
 4107 |       htim->hdma[TIM_DMA_ID_CC1]->XferCpltCallback = TIM_DMACaptureCplt;
      |       ^~~~~~~~~~
../Drivers/STM32F4xx_HAL_Driver/src/stm32f4xx_hal_tim.c(4108): warning: unsafe buffer access [-Wunsafe-buffer-usage]
 4108 |       htim->hdma[TIM_DMA_ID_CC1]->XferHalfCpltCallback = TIM_DMACaptureHalfCplt;
      |       ^~~~~~~~~~
../Drivers/STM32F4xx_HAL_Driver/src/stm32f4xx_hal_tim.c(4111): warning: unsafe buffer access [-Wunsafe-buffer-usage]
 4111 |       htim->hdma[TIM_DMA_ID_CC1]->XferErrorCallback = TIM_DMAError ;
      |       ^~~~~~~~~~
../Drivers/STM32F4xx_HAL_Driver/src/stm32f4xx_hal_tim.c(4114): warning: unsafe buffer access [-Wunsafe-buffer-usage]
 4114 |       if (HAL_DMA_Start_IT(htim->hdma[TIM_DMA_ID_CC1], (uint32_t)&htim->Instance->DMAR, (uint32_t)BurstBuffer, ((BurstLength) >> 8U) + 1U) != HAL_OK)
      |                            ^~~~~~~~~~
../Drivers/STM32F4xx_HAL_Driver/src/stm32f4xx_hal_tim.c(4123): warning: unsafe buffer access [-Wunsafe-buffer-usage]
 4123 |       htim->hdma[TIM_DMA_ID_CC2]->XferCpltCallback = TIM_DMACaptureCplt;
      |       ^~~~~~~~~~
../Drivers/STM32F4xx_HAL_Driver/src/stm32f4xx_hal_tim.c(4124): warning: unsafe buffer access [-Wunsafe-buffer-usage]
 4124 |       htim->hdma[TIM_DMA_ID_CC2]->XferHalfCpltCallback = TIM_DMACaptureHalfCplt;
      |       ^~~~~~~~~~
../Drivers/STM32F4xx_HAL_Driver/src/stm32f4xx_hal_tim.c(4127): warning: unsafe buffer access [-Wunsafe-buffer-usage]
 4127 |       htim->hdma[TIM_DMA_ID_CC2]->XferErrorCallback = TIM_DMAError ;
      |       ^~~~~~~~~~
../Drivers/STM32F4xx_HAL_Driver/src/stm32f4xx_hal_tim.c(4130): warning: unsafe buffer access [-Wunsafe-buffer-usage]
 4130 |       if (HAL_DMA_Start_IT(htim->hdma[TIM_DMA_ID_CC2], (uint32_t)&htim->Instance->DMAR, (uint32_t)BurstBuffer, ((BurstLength) >> 8U) + 1U) != HAL_OK)
      |                            ^~~~~~~~~~
../Drivers/STM32F4xx_HAL_Driver/src/stm32f4xx_hal_tim.c(4139): warning: unsafe buffer access [-Wunsafe-buffer-usage]
 4139 |       htim->hdma[TIM_DMA_ID_CC3]->XferCpltCallback = TIM_DMACaptureCplt;
      |       ^~~~~~~~~~
../Drivers/STM32F4xx_HAL_Driver/src/stm32f4xx_hal_tim.c(4140): warning: unsafe buffer access [-Wunsafe-buffer-usage]
 4140 |       htim->hdma[TIM_DMA_ID_CC3]->XferHalfCpltCallback = TIM_DMACaptureHalfCplt;
      |       ^~~~~~~~~~
../Drivers/STM32F4xx_HAL_Driver/src/stm32f4xx_hal_tim.c(4143): warning: unsafe buffer access [-Wunsafe-buffer-usage]
 4143 |       htim->hdma[TIM_DMA_ID_CC3]->XferErrorCallback = TIM_DMAError ;
      |       ^~~~~~~~~~
../Drivers/STM32F4xx_HAL_Driver/src/stm32f4xx_hal_tim.c(4146): warning: unsafe buffer access [-Wunsafe-buffer-usage]
 4146 |       if (HAL_DMA_Start_IT(htim->hdma[TIM_DMA_ID_CC3], (uint32_t)&htim->Instance->DMAR, (uint32_t)BurstBuffer, ((BurstLength) >> 8U) + 1U) != HAL_OK)
      |                            ^~~~~~~~~~
../Drivers/STM32F4xx_HAL_Driver/src/stm32f4xx_hal_tim.c(4155): warning: unsafe buffer access [-Wunsafe-buffer-usage]
 4155 |       htim->hdma[TIM_DMA_ID_CC4]->XferCpltCallback = TIM_DMACaptureCplt;
      |       ^~~~~~~~~~
../Drivers/STM32F4xx_HAL_Driver/src/stm32f4xx_hal_tim.c(4156): warning: unsafe buffer access [-Wunsafe-buffer-usage]
 4156 |       htim->hdma[TIM_DMA_ID_CC4]->XferHalfCpltCallback = TIM_DMACaptureHalfCplt;
      |       ^~~~~~~~~~
../Drivers/STM32F4xx_HAL_Driver/src/stm32f4xx_hal_tim.c(4159): warning: unsafe buffer access [-Wunsafe-buffer-usage]
 4159 |       htim->hdma[TIM_DMA_ID_CC4]->XferErrorCallback = TIM_DMAError ;
      |       ^~~~~~~~~~
../Drivers/STM32F4xx_HAL_Driver/src/stm32f4xx_hal_tim.c(4162): warning: unsafe buffer access [-Wunsafe-buffer-usage]
 4162 |       if (HAL_DMA_Start_IT(htim->hdma[TIM_DMA_ID_CC4], (uint32_t)&htim->Instance->DMAR, (uint32_t)BurstBuffer, ((BurstLength) >> 8U) + 1U) != HAL_OK)
      |                            ^~~~~~~~~~
../Drivers/STM32F4xx_HAL_Driver/src/stm32f4xx_hal_tim.c(4171): warning: unsafe buffer access [-Wunsafe-buffer-usage]
 4171 |       htim->hdma[TIM_DMA_ID_COMMUTATION]->XferCpltCallback =  TIMEx_DMACommutationCplt;
      |       ^~~~~~~~~~
../Drivers/STM32F4xx_HAL_Driver/src/stm32f4xx_hal_tim.c(4172): warning: unsafe buffer access [-Wunsafe-buffer-usage]
 4172 |       htim->hdma[TIM_DMA_ID_COMMUTATION]->XferHalfCpltCallback =  TIMEx_DMACommutationHalfCplt;
      |       ^~~~~~~~~~
../Drivers/STM32F4xx_HAL_Driver/src/stm32f4xx_hal_tim.c(4175): warning: unsafe buffer access [-Wunsafe-buffer-usage]
 4175 |       htim->hdma[TIM_DMA_ID_COMMUTATION]->XferErrorCallback = TIM_DMAError ;
      |       ^~~~~~~~~~
../Drivers/STM32F4xx_HAL_Driver/src/stm32f4xx_hal_tim.c(4178): warning: unsafe buffer access [-Wunsafe-buffer-usage]
 4178 |       if (HAL_DMA_Start_IT(htim->hdma[TIM_DMA_ID_COMMUTATION], (uint32_t)&htim->Instance->DMAR, (uint32_t)BurstBuffer, ((BurstLength) >> 8U) + 1U) != HAL_OK)
      |                            ^~~~~~~~~~
../Drivers/STM32F4xx_HAL_Driver/src/stm32f4xx_hal_tim.c(4187): warning: unsafe buffer access [-Wunsafe-buffer-usage]
 4187 |       htim->hdma[TIM_DMA_ID_TRIGGER]->XferCpltCallback = TIM_DMATriggerCplt;
      |       ^~~~~~~~~~
../Drivers/STM32F4xx_HAL_Driver/src/stm32f4xx_hal_tim.c(4188): warning: unsafe buffer access [-Wunsafe-buffer-usage]
 4188 |       htim->hdma[TIM_DMA_ID_TRIGGER]->XferHalfCpltCallback = TIM_DMATriggerHalfCplt;
      |       ^~~~~~~~~~
../Drivers/STM32F4xx_HAL_Driver/src/stm32f4xx_hal_tim.c(4191): warning: unsafe buffer access [-Wunsafe-buffer-usage]
 4191 |       htim->hdma[TIM_DMA_ID_TRIGGER]->XferErrorCallback = TIM_DMAError ;
      |       ^~~~~~~~~~
../Drivers/STM32F4xx_HAL_Driver/src/stm32f4xx_hal_tim.c(4194): warning: unsafe buffer access [-Wunsafe-buffer-usage]
 4194 |       if (HAL_DMA_Start_IT(htim->hdma[TIM_DMA_ID_TRIGGER], (uint32_t)&htim->Instance->DMAR, (uint32_t)BurstBuffer, ((BurstLength) >> 8U) + 1U) != HAL_OK)
      |                            ^~~~~~~~~~
../Drivers/STM32F4xx_HAL_Driver/src/stm32f4xx_hal_tim.c(4233): warning: unsafe buffer access [-Wunsafe-buffer-usage]
 4233 |       status = HAL_DMA_Abort_IT(htim->hdma[TIM_DMA_ID_UPDATE]);
      |                                 ^~~~~~~~~~
../Drivers/STM32F4xx_HAL_Driver/src/stm32f4xx_hal_tim.c(4238): warning: unsafe buffer access [-Wunsafe-buffer-usage]
 4238 |       status = HAL_DMA_Abort_IT(htim->hdma[TIM_DMA_ID_CC1]);
      |                                 ^~~~~~~~~~
../Drivers/STM32F4xx_HAL_Driver/src/stm32f4xx_hal_tim.c(4243): warning: unsafe buffer access [-Wunsafe-buffer-usage]
 4243 |       status = HAL_DMA_Abort_IT(htim->hdma[TIM_DMA_ID_CC2]);
      |                                 ^~~~~~~~~~
../Drivers/STM32F4xx_HAL_Driver/src/stm32f4xx_hal_tim.c(4248): warning: unsafe buffer access [-Wunsafe-buffer-usage]
 4248 |       status = HAL_DMA_Abort_IT(htim->hdma[TIM_DMA_ID_CC3]);
      |                                 ^~~~~~~~~~
../Drivers/STM32F4xx_HAL_Driver/src/stm32f4xx_hal_tim.c(4253): warning: unsafe buffer access [-Wunsafe-buffer-usage]
 4253 |       status = HAL_DMA_Abort_IT(htim->hdma[TIM_DMA_ID_CC4]);
      |                                 ^~~~~~~~~~
../Drivers/STM32F4xx_HAL_Driver/src/stm32f4xx_hal_tim.c(4258): warning: unsafe buffer access [-Wunsafe-buffer-usage]
 4258 |       status = HAL_DMA_Abort_IT(htim->hdma[TIM_DMA_ID_COMMUTATION]);
      |                                 ^~~~~~~~~~
../Drivers/STM32F4xx_HAL_Driver/src/stm32f4xx_hal_tim.c(4263): warning: unsafe buffer access [-Wunsafe-buffer-usage]
 4263 |       status = HAL_DMA_Abort_IT(htim->hdma[TIM_DMA_ID_TRIGGER]);
      |                                 ^~~~~~~~~~
../Drivers/STM32F4xx_HAL_Driver/src/stm32f4xx_hal_tim.c(5559): warning: unsafe buffer access [-Wunsafe-buffer-usage]
 5559 |   if (hdma == htim->hdma[TIM_DMA_ID_CC1])
      |               ^~~~~~~~~~
../Drivers/STM32F4xx_HAL_Driver/src/stm32f4xx_hal_tim.c(5563): warning: unsafe buffer access [-Wunsafe-buffer-usage]
 5563 |   else if (hdma == htim->hdma[TIM_DMA_ID_CC2])
      |                    ^~~~~~~~~~
../Drivers/STM32F4xx_HAL_Driver/src/stm32f4xx_hal_tim.c(5567): warning: unsafe buffer access [-Wunsafe-buffer-usage]
 5567 |   else if (hdma == htim->hdma[TIM_DMA_ID_CC3])
      |                    ^~~~~~~~~~
../Drivers/STM32F4xx_HAL_Driver/src/stm32f4xx_hal_tim.c(5571): warning: unsafe buffer access [-Wunsafe-buffer-usage]
 5571 |   else if (hdma == htim->hdma[TIM_DMA_ID_CC4])
      |                    ^~~~~~~~~~
../Drivers/STM32F4xx_HAL_Driver/src/stm32f4xx_hal_tim.c(5600): warning: unsafe buffer access [-Wunsafe-buffer-usage]
 5600 |   if (hdma == htim->hdma[TIM_DMA_ID_CC1])
      |               ^~~~~~~~~~
../Drivers/STM32F4xx_HAL_Driver/src/stm32f4xx_hal_tim.c(5604): warning: unsafe buffer access [-Wunsafe-buffer-usage]
 5604 |   else if (hdma == htim->hdma[TIM_DMA_ID_CC2])
      |                    ^~~~~~~~~~
../Drivers/STM32F4xx_HAL_Driver/src/stm32f4xx_hal_tim.c(5608): warning: unsafe buffer access [-Wunsafe-buffer-usage]
 5608 |   else if (hdma == htim->hdma[TIM_DMA_ID_CC3])
      |                    ^~~~~~~~~~
../Drivers/STM32F4xx_HAL_Driver/src/stm32f4xx_hal_tim.c(5612): warning: unsafe buffer access [-Wunsafe-buffer-usage]
 5612 |   else if (hdma == htim->hdma[TIM_DMA_ID_CC4])
      |                    ^~~~~~~~~~
../Drivers/STM32F4xx_HAL_Driver/src/stm32f4xx_hal_tim.c(5641): warning: unsafe buffer access [-Wunsafe-buffer-usage]
 5641 |   if (hdma == htim->hdma[TIM_DMA_ID_CC1])
      |               ^~~~~~~~~~
../Drivers/STM32F4xx_HAL_Driver/src/stm32f4xx_hal_tim.c(5645): warning: unsafe buffer access [-Wunsafe-buffer-usage]
 5645 |   else if (hdma == htim->hdma[TIM_DMA_ID_CC2])
      |                    ^~~~~~~~~~
../Drivers/STM32F4xx_HAL_Driver/src/stm32f4xx_hal_tim.c(5649): warning: unsafe buffer access [-Wunsafe-buffer-usage]
 5649 |   else if (hdma == htim->hdma[TIM_DMA_ID_CC3])
      |                    ^~~~~~~~~~
../Drivers/STM32F4xx_HAL_Driver/src/stm32f4xx_hal_tim.c(5653): warning: unsafe buffer access [-Wunsafe-buffer-usage]
 5653 |   else if (hdma == htim->hdma[TIM_DMA_ID_CC4])
      |                    ^~~~~~~~~~
../Drivers/STM32F4xx_HAL_Driver/src/stm32f4xx_hal_tim.c(5682): warning: unsafe buffer access [-Wunsafe-buffer-usage]
 5682 |   if (hdma == htim->hdma[TIM_DMA_ID_CC1])
      |               ^~~~~~~~~~
../Drivers/STM32F4xx_HAL_Driver/src/stm32f4xx_hal_tim.c(5686): warning: unsafe buffer access [-Wunsafe-buffer-usage]
 5686 |   else if (hdma == htim->hdma[TIM_DMA_ID_CC2])
      |                    ^~~~~~~~~~
../Drivers/STM32F4xx_HAL_Driver/src/stm32f4xx_hal_tim.c(5690): warning: unsafe buffer access [-Wunsafe-buffer-usage]
 5690 |   else if (hdma == htim->hdma[TIM_DMA_ID_CC3])
      |                    ^~~~~~~~~~
../Drivers/STM32F4xx_HAL_Driver/src/stm32f4xx_hal_tim.c(5694): warning: unsafe buffer access [-Wunsafe-buffer-usage]
 5694 |   else if (hdma == htim->hdma[TIM_DMA_ID_CC4])
      |                    ^~~~~~~~~~
184 warnings generated.
compiling stm32f4xx_hal_tim.c...
armclang: warning: no such include directory: 'Drivers/CMSIS/Device/ST/STM32F4xx/Include' [-Wmissing-include-dirs]
../Drivers/STM32F4xx_HAL_Driver/src/stm32f4xx_hal_uart.c(219): warning: In file included from...../Drivers/STM32F4xx_HAL_Driver/inc\stm32f4xx_hal.h(30): warning: In file included from...../Drivers/CMSIS\stm32f4xx_hal_conf.h(220): warning: In file included from...../Drivers/STM32F4xx_HAL_Driver/inc\stm32f4xx_hal_rcc.h(29): warning: In file included from...../Drivers/STM32F4xx_HAL_Driver/inc\stm32f4xx_hal_def.h(30): warning: In file included from...../Drivers/CMSIS\stm32f4xx.h(11): warning: invalid UTF-8 in comment [-Winvalid-utf8]
   11 |   *              - To use or not the peripheral<92>s drivers in application code(i.e. 
      |                                                ^
../Drivers/CMSIS\stm32f4xx.h(12): warning: invalid UTF-8 in comment [-Winvalid-utf8]
   12 |   *                code will be based on direct access to peripheral<92>s registers 
      |                                                                     ^
../Drivers/STM32F4xx_HAL_Driver/src/stm32f4xx_hal_uart.c(219): warning: In file included from...../Drivers/STM32F4xx_HAL_Driver/inc\stm32f4xx_hal.h(30): warning: In file included from...../Drivers/CMSIS\stm32f4xx_hal_conf.h(224): warning: In file included from...../Drivers/STM32F4xx_HAL_Driver/inc\stm32f4xx_hal_exti.h(49): warning: commas at the end of enumerator lists are a C99-specific feature [-Wc99-extensions]
   49 |   HAL_EXTI_FALLING_CB_ID         = 0x02U,
      |                                         ^
../Drivers/STM32F4xx_HAL_Driver/src/stm32f4xx_hal_uart.c(219): warning: In file included from...../Drivers/STM32F4xx_HAL_Driver/inc\stm32f4xx_hal.h(30): warning: In file included from...../Drivers/CMSIS\stm32f4xx_hal_conf.h(232): warning: In file included from...../Drivers/STM32F4xx_HAL_Driver/inc\stm32f4xx_hal_dma.h(110): warning: commas at the end of enumerator lists are a C99-specific feature [-Wc99-extensions]
  110 |   HAL_DMA_STATE_ABORT             = 0x05U,  /*!< DMA Abort state                     */
      |                                          ^
../Drivers/STM32F4xx_HAL_Driver/src/stm32f4xx_hal_uart.c(219): warning: In file included from...../Drivers/STM32F4xx_HAL_Driver/inc\stm32f4xx_hal.h(30): warning: In file included from...../Drivers/CMSIS\stm32f4xx_hal_conf.h(368): warning: In file included from...../Drivers/STM32F4xx_HAL_Driver/inc\stm32f4xx_hal_pcd.h(64): warning: commas at the end of enumerator lists are a C99-specific feature [-Wc99-extensions]
   64 |   LPM_L3 = 0x03, /* off */
      |                ^
../Drivers/STM32F4xx_HAL_Driver/inc\stm32f4xx_hal_pcd.h(70): warning: commas at the end of enumerator lists are a C99-specific feature [-Wc99-extensions]
   70 |   PCD_LPM_L1_ACTIVE = 0x01, /* LPM L1 sleep */
      |                           ^
../Drivers/STM32F4xx_HAL_Driver/inc\stm32f4xx_hal_pcd.h(80): warning: commas at the end of enumerator lists are a C99-specific feature [-Wc99-extensions]
   80 |   PCD_BCD_DISCOVERY_COMPLETED       = 0x00,
      |                                           ^
../Drivers/STM32F4xx_HAL_Driver/src/stm32f4xx_hal_uart.c(219): warning: In file included from...../Drivers/STM32F4xx_HAL_Driver/inc\stm32f4xx_hal.h(30): warning: In file included from...../Drivers/CMSIS\stm32f4xx_hal_conf.h(368): warning: In file included from...../Drivers/STM32F4xx_HAL_Driver/inc\stm32f4xx_hal_pcd.h(29): warning: In file included from...../Drivers/STM32F4xx_HAL_Driver/inc\stm32f4xx_ll_usb.h(186): warning: padding struct 'USB_OTG_HCTypeDef' with 1 byte to align 'xfer_buff' [-Wpadded]
  186 |   uint8_t   *xfer_buff;         /*!< Pointer to transfer buffer.                                                */
      |              ^
../Drivers/STM32F4xx_HAL_Driver/inc\stm32f4xx_ll_usb.h(198): warning: padding struct 'USB_OTG_HCTypeDef' with 2 bytes to align 'dma_addr' [-Wpadded]
  198 |   uint32_t  dma_addr;           /*!< 32 bits aligned transfer buffer address.                                   */
      |             ^
../Drivers/STM32F4xx_HAL_Driver/inc\stm32f4xx_ll_usb.h(156): warning: padding size of 'USB_OTG_HCTypeDef' with 2 bytes to alignment boundary [-Wpadded]
  156 | typedef struct
      |         ^
../Drivers/STM32F4xx_HAL_Driver/src/stm32f4xx_hal_uart.c(219): warning: In file included from...../Drivers/STM32F4xx_HAL_Driver/inc\stm32f4xx_hal.h(30): warning: In file included from...../Drivers/CMSIS\stm32f4xx_hal_conf.h(348): warning: In file included from...../Drivers/STM32F4xx_HAL_Driver/inc\stm32f4xx_hal_uart.h(172): warning: padding struct 'struct __UART_HandleTypeDef' with 1 byte to align 'ErrorCode' [-Wpadded]
  172 |   __IO uint32_t                 ErrorCode;        /*!< UART Error code                    */
      |                                 ^
../Drivers/STM32F4xx_HAL_Driver/src/stm32f4xx_hal_uart.c(219): warning: In file included from...../Drivers/STM32F4xx_HAL_Driver/inc\stm32f4xx_hal.h(30): warning: In file included from...../Drivers/CMSIS\stm32f4xx_hal_conf.h(232): warning: In file included from...../Drivers/STM32F4xx_HAL_Driver/inc\stm32f4xx_hal_dma.h(149): warning: padding struct 'struct __DMA_HandleTypeDef' with 2 bytes to align 'Parent' [-Wpadded]
  149 |   void                       *Parent;                                                          /*!< Parent object state                    */ 
      |                               ^
../Drivers/STM32F4xx_HAL_Driver/src/stm32f4xx_hal_uart.c(1052): warning: cast from 'uint8_t *' (aka 'unsigned char *') to 'uint16_t *' (aka 'unsigned short *') increases required alignment from 1 to 2 [-Wcast-align]
 1052 |         tmp = (uint16_t *) pData;
      |               ^~~~~~~~~~~~~~~~~~
../Drivers/STM32F4xx_HAL_Driver/src/stm32f4xx_hal_uart.c(1136): warning: cast from 'uint8_t *' (aka 'unsigned char *') to 'uint16_t *' (aka 'unsigned short *') increases required alignment from 1 to 2 [-Wcast-align]
 1136 |         tmp = (uint16_t *) pData;
      |               ^~~~~~~~~~~~~~~~~~
../Drivers/STM32F4xx_HAL_Driver/src/stm32f4xx_hal_uart.c(2906): warning: cast from 'uint8_t *' (aka 'unsigned char *') to 'uint16_t *' (aka 'unsigned short *') increases required alignment from 1 to 2 [-Wcast-align]
 2906 |       tmp = (uint16_t *) huart->pTxBuffPtr;
      |             ^~~~~~~~~~~~~~~~~~~~~~~~~~~~~~
../Drivers/STM32F4xx_HAL_Driver/src/stm32f4xx_hal_uart.c(2978): warning: cast from 'uint8_t *' (aka 'unsigned char *') to 'uint16_t *' (aka 'unsigned short *') increases required alignment from 1 to 2 [-Wcast-align]
 2978 |       tmp = (uint16_t *) huart->pRxBuffPtr;
      |             ^~~~~~~~~~~~~~~~~~~~~~~~~~~~~~
../Drivers/STM32F4xx_HAL_Driver/src/stm32f4xx_hal_uart.c(1056): warning: unsafe pointer arithmetic [-Wunsafe-buffer-usage]
 1056 |           pData += 2U;
      |           ^~~~~
../Drivers/STM32F4xx_HAL_Driver/src/stm32f4xx_hal_uart.c(1060): warning: unsafe pointer arithmetic [-Wunsafe-buffer-usage]
 1060 |           pData += 1U;
      |           ^~~~~
../Drivers/STM32F4xx_HAL_Driver/src/stm32f4xx_hal_uart.c(1069): warning: unsafe pointer arithmetic [-Wunsafe-buffer-usage]
 1069 |         huart->Instance->DR = (*pData++ & (uint8_t)0xFF);
      |                                 ^~~~~
../Drivers/STM32F4xx_HAL_Driver/src/stm32f4xx_hal_uart.c(1140): warning: unsafe pointer arithmetic [-Wunsafe-buffer-usage]
 1140 |           pData += 2U;
      |           ^~~~~
../Drivers/STM32F4xx_HAL_Driver/src/stm32f4xx_hal_uart.c(1145): warning: unsafe pointer arithmetic [-Wunsafe-buffer-usage]
 1145 |           pData += 1U;
      |           ^~~~~
../Drivers/STM32F4xx_HAL_Driver/src/stm32f4xx_hal_uart.c(1157): warning: unsafe pointer arithmetic [-Wunsafe-buffer-usage]
 1157 |           *pData++ = (uint8_t)(huart->Instance->DR & (uint8_t)0x00FF);
      |            ^~~~~
../Drivers/STM32F4xx_HAL_Driver/src/stm32f4xx_hal_uart.c(1161): warning: unsafe pointer arithmetic [-Wunsafe-buffer-usage]
 1161 |           *pData++ = (uint8_t)(huart->Instance->DR & (uint8_t)0x007F);
      |            ^~~~~
../Drivers/STM32F4xx_HAL_Driver/src/stm32f4xx_hal_uart.c(2910): warning: unsafe pointer arithmetic [-Wunsafe-buffer-usage]
 2910 |         huart->pTxBuffPtr += 2U;
      |         ~~~~~~~^~~~~~~~~~
../Drivers/STM32F4xx_HAL_Driver/src/stm32f4xx_hal_uart.c(2914): warning: unsafe pointer arithmetic [-Wunsafe-buffer-usage]
 2914 |         huart->pTxBuffPtr += 1U;
      |         ~~~~~~~^~~~~~~~~~
../Drivers/STM32F4xx_HAL_Driver/src/stm32f4xx_hal_uart.c(2919): warning: unsafe pointer arithmetic [-Wunsafe-buffer-usage]
 2919 |       huart->Instance->DR = (uint8_t)(*huart->pTxBuffPtr++ & (uint8_t)0x00FF);
      |                                        ~~~~~~~^~~~~~~~~~
../Drivers/STM32F4xx_HAL_Driver/src/stm32f4xx_hal_uart.c(2982): warning: unsafe pointer arithmetic [-Wunsafe-buffer-usage]
 2982 |         huart->pRxBuffPtr += 2U;
      |         ~~~~~~~^~~~~~~~~~
../Drivers/STM32F4xx_HAL_Driver/src/stm32f4xx_hal_uart.c(2987): warning: unsafe pointer arithmetic [-Wunsafe-buffer-usage]
 2987 |         huart->pRxBuffPtr += 1U;
      |         ~~~~~~~^~~~~~~~~~
../Drivers/STM32F4xx_HAL_Driver/src/stm32f4xx_hal_uart.c(2994): warning: unsafe pointer arithmetic [-Wunsafe-buffer-usage]
 2994 |         *huart->pRxBuffPtr++ = (uint8_t)(huart->Instance->DR & (uint8_t)0x00FF);
      |          ~~~~~~~^~~~~~~~~~
../Drivers/STM32F4xx_HAL_Driver/src/stm32f4xx_hal_uart.c(2998): warning: unsafe pointer arithmetic [-Wunsafe-buffer-usage]
 2998 |         *huart->pRxBuffPtr++ = (uint8_t)(huart->Instance->DR & (uint8_t)0x007F);
      |          ~~~~~~~^~~~~~~~~~
30 warnings generated.
compiling stm32f4xx_hal_uart.c...
armclang: warning: no such include directory: 'Drivers/CMSIS/Device/ST/STM32F4xx/Include' [-Wmissing-include-dirs]
../Drivers/STM32F4xx_HAL_Driver/src/stm32f4xx_hal_iwdg.c(88): warning: In file included from...../Drivers/STM32F4xx_HAL_Driver/inc\stm32f4xx_hal.h(30): warning: In file included from...../Drivers/CMSIS\stm32f4xx_hal_conf.h(220): warning: In file included from...../Drivers/STM32F4xx_HAL_Driver/inc\stm32f4xx_hal_rcc.h(29): warning: In file included from...../Drivers/STM32F4xx_HAL_Driver/inc\stm32f4xx_hal_def.h(30): warning: In file included from...../Drivers/CMSIS\stm32f4xx.h(11): warning: invalid UTF-8 in comment [-Winvalid-utf8]
   11 |   *              - To use or not the peripheral<92>s drivers in application code(i.e. 
      |                                                ^
../Drivers/CMSIS\stm32f4xx.h(12): warning: invalid UTF-8 in comment [-Winvalid-utf8]
   12 |   *                code will be based on direct access to peripheral<92>s registers 
      |                                                                     ^
../Drivers/STM32F4xx_HAL_Driver/src/stm32f4xx_hal_iwdg.c(88): warning: In file included from...../Drivers/STM32F4xx_HAL_Driver/inc\stm32f4xx_hal.h(30): warning: In file included from...../Drivers/CMSIS\stm32f4xx_hal_conf.h(224): warning: In file included from...../Drivers/STM32F4xx_HAL_Driver/inc\stm32f4xx_hal_exti.h(49): warning: commas at the end of enumerator lists are a C99-specific feature [-Wc99-extensions]
   49 |   HAL_EXTI_FALLING_CB_ID         = 0x02U,
      |                                         ^
../Drivers/STM32F4xx_HAL_Driver/src/stm32f4xx_hal_iwdg.c(88): warning: In file included from...../Drivers/STM32F4xx_HAL_Driver/inc\stm32f4xx_hal.h(30): warning: In file included from...../Drivers/CMSIS\stm32f4xx_hal_conf.h(232): warning: In file included from...../Drivers/STM32F4xx_HAL_Driver/inc\stm32f4xx_hal_dma.h(110): warning: commas at the end of enumerator lists are a C99-specific feature [-Wc99-extensions]
  110 |   HAL_DMA_STATE_ABORT             = 0x05U,  /*!< DMA Abort state                     */
      |                                          ^
../Drivers/STM32F4xx_HAL_Driver/src/stm32f4xx_hal_iwdg.c(88): warning: In file included from...../Drivers/STM32F4xx_HAL_Driver/inc\stm32f4xx_hal.h(30): warning: In file included from...../Drivers/CMSIS\stm32f4xx_hal_conf.h(368): warning: In file included from...../Drivers/STM32F4xx_HAL_Driver/inc\stm32f4xx_hal_pcd.h(64): warning: commas at the end of enumerator lists are a C99-specific feature [-Wc99-extensions]
   64 |   LPM_L3 = 0x03, /* off */
      |                ^
../Drivers/STM32F4xx_HAL_Driver/inc\stm32f4xx_hal_pcd.h(70): warning: commas at the end of enumerator lists are a C99-specific feature [-Wc99-extensions]
   70 |   PCD_LPM_L1_ACTIVE = 0x01, /* LPM L1 sleep */
      |                           ^
../Drivers/STM32F4xx_HAL_Driver/inc\stm32f4xx_hal_pcd.h(80): warning: commas at the end of enumerator lists are a C99-specific feature [-Wc99-extensions]
   80 |   PCD_BCD_DISCOVERY_COMPLETED       = 0x00,
      |                                           ^
../Drivers/STM32F4xx_HAL_Driver/src/stm32f4xx_hal_iwdg.c(88): warning: In file included from...../Drivers/STM32F4xx_HAL_Driver/inc\stm32f4xx_hal.h(30): warning: In file included from...../Drivers/CMSIS\stm32f4xx_hal_conf.h(368): warning: In file included from...../Drivers/STM32F4xx_HAL_Driver/inc\stm32f4xx_hal_pcd.h(29): warning: In file included from...../Drivers/STM32F4xx_HAL_Driver/inc\stm32f4xx_ll_usb.h(186): warning: padding struct 'USB_OTG_HCTypeDef' with 1 byte to align 'xfer_buff' [-Wpadded]
  186 |   uint8_t   *xfer_buff;         /*!< Pointer to transfer buffer.                                                */
      |              ^
../Drivers/STM32F4xx_HAL_Driver/inc\stm32f4xx_ll_usb.h(198): warning: padding struct 'USB_OTG_HCTypeDef' with 2 bytes to align 'dma_addr' [-Wpadded]
  198 |   uint32_t  dma_addr;           /*!< 32 bits aligned transfer buffer address.                                   */
      |             ^
../Drivers/STM32F4xx_HAL_Driver/inc\stm32f4xx_ll_usb.h(156): warning: padding size of 'USB_OTG_HCTypeDef' with 2 bytes to alignment boundary [-Wpadded]
  156 | typedef struct
      |         ^
10 warnings generated.
compiling stm32f4xx_hal_iwdg.c...
armclang: warning: no such include directory: 'Drivers/CMSIS/Device/ST/STM32F4xx/Include' [-Wmissing-include-dirs]
../Drivers/STM32F4xx_HAL_Driver/src/stm32f4xx_hal_pwr.c(26): warning: In file included from...../Drivers/STM32F4xx_HAL_Driver/inc\stm32f4xx_hal.h(30): warning: In file included from...../Drivers/CMSIS\stm32f4xx_hal_conf.h(220): warning: In file included from...../Drivers/STM32F4xx_HAL_Driver/inc\stm32f4xx_hal_rcc.h(29): warning: In file included from...../Drivers/STM32F4xx_HAL_Driver/inc\stm32f4xx_hal_def.h(30): warning: In file included from...../Drivers/CMSIS\stm32f4xx.h(11): warning: invalid UTF-8 in comment [-Winvalid-utf8]
   11 |   *              - To use or not the peripheral<92>s drivers in application code(i.e. 
      |                                                ^
../Drivers/CMSIS\stm32f4xx.h(12): warning: invalid UTF-8 in comment [-Winvalid-utf8]
   12 |   *                code will be based on direct access to peripheral<92>s registers 
      |                                                                     ^
../Drivers/STM32F4xx_HAL_Driver/src/stm32f4xx_hal_pwr.c(26): warning: In file included from...../Drivers/STM32F4xx_HAL_Driver/inc\stm32f4xx_hal.h(30): warning: In file included from...../Drivers/CMSIS\stm32f4xx_hal_conf.h(224): warning: In file included from...../Drivers/STM32F4xx_HAL_Driver/inc\stm32f4xx_hal_exti.h(49): warning: commas at the end of enumerator lists are a C99-specific feature [-Wc99-extensions]
   49 |   HAL_EXTI_FALLING_CB_ID         = 0x02U,
      |                                         ^
../Drivers/STM32F4xx_HAL_Driver/src/stm32f4xx_hal_pwr.c(26): warning: In file included from...../Drivers/STM32F4xx_HAL_Driver/inc\stm32f4xx_hal.h(30): warning: In file included from...../Drivers/CMSIS\stm32f4xx_hal_conf.h(232): warning: In file included from...../Drivers/STM32F4xx_HAL_Driver/inc\stm32f4xx_hal_dma.h(110): warning: commas at the end of enumerator lists are a C99-specific feature [-Wc99-extensions]
  110 |   HAL_DMA_STATE_ABORT             = 0x05U,  /*!< DMA Abort state                     */
      |                                          ^
../Drivers/STM32F4xx_HAL_Driver/src/stm32f4xx_hal_pwr.c(26): warning: In file included from...../Drivers/STM32F4xx_HAL_Driver/inc\stm32f4xx_hal.h(30): warning: In file included from...../Drivers/CMSIS\stm32f4xx_hal_conf.h(368): warning: In file included from...../Drivers/STM32F4xx_HAL_Driver/inc\stm32f4xx_hal_pcd.h(64): warning: commas at the end of enumerator lists are a C99-specific feature [-Wc99-extensions]
   64 |   LPM_L3 = 0x03, /* off */
      |                ^
../Drivers/STM32F4xx_HAL_Driver/inc\stm32f4xx_hal_pcd.h(70): warning: commas at the end of enumerator lists are a C99-specific feature [-Wc99-extensions]
   70 |   PCD_LPM_L1_ACTIVE = 0x01, /* LPM L1 sleep */
      |                           ^
../Drivers/STM32F4xx_HAL_Driver/inc\stm32f4xx_hal_pcd.h(80): warning: commas at the end of enumerator lists are a C99-specific feature [-Wc99-extensions]
   80 |   PCD_BCD_DISCOVERY_COMPLETED       = 0x00,
      |                                           ^
../Drivers/STM32F4xx_HAL_Driver/src/stm32f4xx_hal_pwr.c(26): warning: In file included from...../Drivers/STM32F4xx_HAL_Driver/inc\stm32f4xx_hal.h(30): warning: In file included from...../Drivers/CMSIS\stm32f4xx_hal_conf.h(368): warning: In file included from...../Drivers/STM32F4xx_HAL_Driver/inc\stm32f4xx_hal_pcd.h(29): warning: In file included from...../Drivers/STM32F4xx_HAL_Driver/inc\stm32f4xx_ll_usb.h(186): warning: padding struct 'USB_OTG_HCTypeDef' with 1 byte to align 'xfer_buff' [-Wpadded]
  186 |   uint8_t   *xfer_buff;         /*!< Pointer to transfer buffer.                                                */
      |              ^
../Drivers/STM32F4xx_HAL_Driver/inc\stm32f4xx_ll_usb.h(198): warning: padding struct 'USB_OTG_HCTypeDef' with 2 bytes to align 'dma_addr' [-Wpadded]
  198 |   uint32_t  dma_addr;           /*!< 32 bits aligned transfer buffer address.                                   */
      |             ^
../Drivers/STM32F4xx_HAL_Driver/inc\stm32f4xx_ll_usb.h(156): warning: padding size of 'USB_OTG_HCTypeDef' with 2 bytes to alignment boundary [-Wpadded]
  156 | typedef struct
      |         ^
../Drivers/STM32F4xx_HAL_Driver/src/stm32f4xx_hal_pwr.c(365): warning: unused parameter 'Regulator' [-Wunused-parameter]
  365 | void HAL_PWR_EnterSLEEPMode(uint32_t Regulator, uint8_t SLEEPEntry)
      |                                      ^
11 warnings generated.
compiling stm32f4xx_hal_pwr.c...
armclang: warning: no such include directory: 'Drivers/CMSIS/Device/ST/STM32F4xx/Include' [-Wmissing-include-dirs]
../Drivers/STM32F4xx_HAL_Driver/src/stm32f4xx_hal_pwr_ex.c(25): warning: In file included from...../Drivers/STM32F4xx_HAL_Driver/inc\stm32f4xx_hal.h(30): warning: In file included from...../Drivers/CMSIS\stm32f4xx_hal_conf.h(220): warning: In file included from...../Drivers/STM32F4xx_HAL_Driver/inc\stm32f4xx_hal_rcc.h(29): warning: In file included from...../Drivers/STM32F4xx_HAL_Driver/inc\stm32f4xx_hal_def.h(30): warning: In file included from...../Drivers/CMSIS\stm32f4xx.h(11): warning: invalid UTF-8 in comment [-Winvalid-utf8]
   11 |   *              - To use or not the peripheral<92>s drivers in application code(i.e. 
      |                                                ^
../Drivers/CMSIS\stm32f4xx.h(12): warning: invalid UTF-8 in comment [-Winvalid-utf8]
   12 |   *                code will be based on direct access to peripheral<92>s registers 
      |                                                                     ^
../Drivers/STM32F4xx_HAL_Driver/src/stm32f4xx_hal_pwr_ex.c(25): warning: In file included from...../Drivers/STM32F4xx_HAL_Driver/inc\stm32f4xx_hal.h(30): warning: In file included from...../Drivers/CMSIS\stm32f4xx_hal_conf.h(224): warning: In file included from...../Drivers/STM32F4xx_HAL_Driver/inc\stm32f4xx_hal_exti.h(49): warning: commas at the end of enumerator lists are a C99-specific feature [-Wc99-extensions]
   49 |   HAL_EXTI_FALLING_CB_ID         = 0x02U,
      |                                         ^
../Drivers/STM32F4xx_HAL_Driver/src/stm32f4xx_hal_pwr_ex.c(25): warning: In file included from...../Drivers/STM32F4xx_HAL_Driver/inc\stm32f4xx_hal.h(30): warning: In file included from...../Drivers/CMSIS\stm32f4xx_hal_conf.h(232): warning: In file included from...../Drivers/STM32F4xx_HAL_Driver/inc\stm32f4xx_hal_dma.h(110): warning: commas at the end of enumerator lists are a C99-specific feature [-Wc99-extensions]
  110 |   HAL_DMA_STATE_ABORT             = 0x05U,  /*!< DMA Abort state                     */
      |                                          ^
../Drivers/STM32F4xx_HAL_Driver/src/stm32f4xx_hal_pwr_ex.c(25): warning: In file included from...../Drivers/STM32F4xx_HAL_Driver/inc\stm32f4xx_hal.h(30): warning: In file included from...../Drivers/CMSIS\stm32f4xx_hal_conf.h(368): warning: In file included from...../Drivers/STM32F4xx_HAL_Driver/inc\stm32f4xx_hal_pcd.h(64): warning: commas at the end of enumerator lists are a C99-specific feature [-Wc99-extensions]
   64 |   LPM_L3 = 0x03, /* off */
      |                ^
../Drivers/STM32F4xx_HAL_Driver/inc\stm32f4xx_hal_pcd.h(70): warning: commas at the end of enumerator lists are a C99-specific feature [-Wc99-extensions]
   70 |   PCD_LPM_L1_ACTIVE = 0x01, /* LPM L1 sleep */
      |                           ^
../Drivers/STM32F4xx_HAL_Driver/inc\stm32f4xx_hal_pcd.h(80): warning: commas at the end of enumerator lists are a C99-specific feature [-Wc99-extensions]
   80 |   PCD_BCD_DISCOVERY_COMPLETED       = 0x00,
      |                                           ^
../Drivers/STM32F4xx_HAL_Driver/src/stm32f4xx_hal_pwr_ex.c(25): warning: In file included from...../Drivers/STM32F4xx_HAL_Driver/inc\stm32f4xx_hal.h(30): warning: In file included from...../Drivers/CMSIS\stm32f4xx_hal_conf.h(368): warning: In file included from...../Drivers/STM32F4xx_HAL_Driver/inc\stm32f4xx_hal_pcd.h(29): warning: In file included from...../Drivers/STM32F4xx_HAL_Driver/inc\stm32f4xx_ll_usb.h(186): warning: padding struct 'USB_OTG_HCTypeDef' with 1 byte to align 'xfer_buff' [-Wpadded]
  186 |   uint8_t   *xfer_buff;         /*!< Pointer to transfer buffer.                                                */
      |              ^
../Drivers/STM32F4xx_HAL_Driver/inc\stm32f4xx_ll_usb.h(198): warning: padding struct 'USB_OTG_HCTypeDef' with 2 bytes to align 'dma_addr' [-Wpadded]
  198 |   uint32_t  dma_addr;           /*!< 32 bits aligned transfer buffer address.                                   */
      |             ^
../Drivers/STM32F4xx_HAL_Driver/inc\stm32f4xx_ll_usb.h(156): warning: padding size of 'USB_OTG_HCTypeDef' with 2 bytes to alignment boundary [-Wpadded]
  156 | typedef struct
      |         ^
10 warnings generated.
compiling stm32f4xx_hal_pwr_ex.c...
armclang: warning: no such include directory: 'Drivers/CMSIS/Device/ST/STM32F4xx/Include' [-Wmissing-include-dirs]
../Drivers/STM32F4xx_HAL_Driver/src/stm32f4xx_hal_flash.c(78): warning: In file included from...../Drivers/STM32F4xx_HAL_Driver/inc\stm32f4xx_hal.h(30): warning: In file included from...../Drivers/CMSIS\stm32f4xx_hal_conf.h(220): warning: In file included from...../Drivers/STM32F4xx_HAL_Driver/inc\stm32f4xx_hal_rcc.h(29): warning: In file included from...../Drivers/STM32F4xx_HAL_Driver/inc\stm32f4xx_hal_def.h(30): warning: In file included from...../Drivers/CMSIS\stm32f4xx.h(11): warning: invalid UTF-8 in comment [-Winvalid-utf8]
   11 |   *              - To use or not the peripheral<92>s drivers in application code(i.e. 
      |                                                ^
../Drivers/CMSIS\stm32f4xx.h(12): warning: invalid UTF-8 in comment [-Winvalid-utf8]
   12 |   *                code will be based on direct access to peripheral<92>s registers 
      |                                                                     ^
../Drivers/STM32F4xx_HAL_Driver/src/stm32f4xx_hal_flash.c(78): warning: In file included from...../Drivers/STM32F4xx_HAL_Driver/inc\stm32f4xx_hal.h(30): warning: In file included from...../Drivers/CMSIS\stm32f4xx_hal_conf.h(224): warning: In file included from...../Drivers/STM32F4xx_HAL_Driver/inc\stm32f4xx_hal_exti.h(49): warning: commas at the end of enumerator lists are a C99-specific feature [-Wc99-extensions]
   49 |   HAL_EXTI_FALLING_CB_ID         = 0x02U,
      |                                         ^
../Drivers/STM32F4xx_HAL_Driver/src/stm32f4xx_hal_flash.c(78): warning: In file included from...../Drivers/STM32F4xx_HAL_Driver/inc\stm32f4xx_hal.h(30): warning: In file included from...../Drivers/CMSIS\stm32f4xx_hal_conf.h(232): warning: In file included from...../Drivers/STM32F4xx_HAL_Driver/inc\stm32f4xx_hal_dma.h(110): warning: commas at the end of enumerator lists are a C99-specific feature [-Wc99-extensions]
  110 |   HAL_DMA_STATE_ABORT             = 0x05U,  /*!< DMA Abort state                     */
      |                                          ^
../Drivers/STM32F4xx_HAL_Driver/src/stm32f4xx_hal_flash.c(78): warning: In file included from...../Drivers/STM32F4xx_HAL_Driver/inc\stm32f4xx_hal.h(30): warning: In file included from...../Drivers/CMSIS\stm32f4xx_hal_conf.h(368): warning: In file included from...../Drivers/STM32F4xx_HAL_Driver/inc\stm32f4xx_hal_pcd.h(64): warning: commas at the end of enumerator lists are a C99-specific feature [-Wc99-extensions]
   64 |   LPM_L3 = 0x03, /* off */
      |                ^
../Drivers/STM32F4xx_HAL_Driver/inc\stm32f4xx_hal_pcd.h(70): warning: commas at the end of enumerator lists are a C99-specific feature [-Wc99-extensions]
   70 |   PCD_LPM_L1_ACTIVE = 0x01, /* LPM L1 sleep */
      |                           ^
../Drivers/STM32F4xx_HAL_Driver/inc\stm32f4xx_hal_pcd.h(80): warning: commas at the end of enumerator lists are a C99-specific feature [-Wc99-extensions]
   80 |   PCD_BCD_DISCOVERY_COMPLETED       = 0x00,
      |                                           ^
../Drivers/STM32F4xx_HAL_Driver/src/stm32f4xx_hal_flash.c(78): warning: In file included from...../Drivers/STM32F4xx_HAL_Driver/inc\stm32f4xx_hal.h(30): warning: In file included from...../Drivers/CMSIS\stm32f4xx_hal_conf.h(368): warning: In file included from...../Drivers/STM32F4xx_HAL_Driver/inc\stm32f4xx_hal_pcd.h(29): warning: In file included from...../Drivers/STM32F4xx_HAL_Driver/inc\stm32f4xx_ll_usb.h(186): warning: padding struct 'USB_OTG_HCTypeDef' with 1 byte to align 'xfer_buff' [-Wpadded]
  186 |   uint8_t   *xfer_buff;         /*!< Pointer to transfer buffer.                                                */
      |              ^
../Drivers/STM32F4xx_HAL_Driver/inc\stm32f4xx_ll_usb.h(198): warning: padding struct 'USB_OTG_HCTypeDef' with 2 bytes to align 'dma_addr' [-Wpadded]
  198 |   uint32_t  dma_addr;           /*!< 32 bits aligned transfer buffer address.                                   */
      |             ^
../Drivers/STM32F4xx_HAL_Driver/inc\stm32f4xx_ll_usb.h(156): warning: padding size of 'USB_OTG_HCTypeDef' with 2 bytes to alignment boundary [-Wpadded]
  156 | typedef struct
      |         ^
../Drivers/STM32F4xx_HAL_Driver/src/stm32f4xx_hal_flash.c(78): warning: In file included from...../Drivers/STM32F4xx_HAL_Driver/inc\stm32f4xx_hal.h(30): warning: In file included from...../Drivers/CMSIS\stm32f4xx_hal_conf.h(276): warning: In file included from...../Drivers/STM32F4xx_HAL_Driver/inc\stm32f4xx_hal_flash.h(62): warning: padding struct 'FLASH_ProcessTypeDef' with 3 bytes to align 'NbSectorsToErase' [-Wpadded]
   62 |   __IO uint32_t               NbSectorsToErase;   /*Internal variable to save the remaining sectors to erase in IT context*/
      |                               ^
../Drivers/STM32F4xx_HAL_Driver/inc\stm32f4xx_hal_flash.h(66): warning: padding struct 'FLASH_ProcessTypeDef' with 3 bytes to align 'Sector' [-Wpadded]
   66 |   __IO uint32_t               Sector;             /*Internal variable to define the current sector which is erasing*/
      |                               ^
../Drivers/STM32F4xx_HAL_Driver/inc\stm32f4xx_hal_flash.h(74): warning: padding struct 'FLASH_ProcessTypeDef' with 3 bytes to align 'ErrorCode' [-Wpadded]
   74 |   __IO uint32_t               ErrorCode;          /* FLASH error code                    */
      |                               ^
../Drivers/STM32F4xx_HAL_Driver/src/stm32f4xx_hal_flash.c(106): warning: no previous extern declaration for non-static variable 'pFlash' [-Wmissing-variable-declarations]
  106 | FLASH_ProcessTypeDef pFlash;
      |                      ^
../Drivers/STM32F4xx_HAL_Driver/src/stm32f4xx_hal_flash.c(106): note: declare 'static' if the variable is not intended to be used outside of this translation unit
  106 | FLASH_ProcessTypeDef pFlash;
      | ^
14 warnings generated.
compiling stm32f4xx_hal_flash.c...
armclang: warning: no such include directory: 'Drivers/CMSIS/Device/ST/STM32F4xx/Include' [-Wmissing-include-dirs]
../Drivers/STM32F4xx_HAL_Driver/src/stm32f4xx_hal_flash_ex.c(64): warning: In file included from...../Drivers/STM32F4xx_HAL_Driver/inc\stm32f4xx_hal.h(30): warning: In file included from...../Drivers/CMSIS\stm32f4xx_hal_conf.h(220): warning: In file included from...../Drivers/STM32F4xx_HAL_Driver/inc\stm32f4xx_hal_rcc.h(29): warning: In file included from...../Drivers/STM32F4xx_HAL_Driver/inc\stm32f4xx_hal_def.h(30): warning: In file included from...../Drivers/CMSIS\stm32f4xx.h(11): warning: invalid UTF-8 in comment [-Winvalid-utf8]
   11 |   *              - To use or not the peripheral<92>s drivers in application code(i.e. 
      |                                                ^
../Drivers/CMSIS\stm32f4xx.h(12): warning: invalid UTF-8 in comment [-Winvalid-utf8]
   12 |   *                code will be based on direct access to peripheral<92>s registers 
      |                                                                     ^
../Drivers/STM32F4xx_HAL_Driver/src/stm32f4xx_hal_flash_ex.c(64): warning: In file included from...../Drivers/STM32F4xx_HAL_Driver/inc\stm32f4xx_hal.h(30): warning: In file included from...../Drivers/CMSIS\stm32f4xx_hal_conf.h(224): warning: In file included from...../Drivers/STM32F4xx_HAL_Driver/inc\stm32f4xx_hal_exti.h(49): warning: commas at the end of enumerator lists are a C99-specific feature [-Wc99-extensions]
   49 |   HAL_EXTI_FALLING_CB_ID         = 0x02U,
      |                                         ^
../Drivers/STM32F4xx_HAL_Driver/src/stm32f4xx_hal_flash_ex.c(64): warning: In file included from...../Drivers/STM32F4xx_HAL_Driver/inc\stm32f4xx_hal.h(30): warning: In file included from...../Drivers/CMSIS\stm32f4xx_hal_conf.h(232): warning: In file included from...../Drivers/STM32F4xx_HAL_Driver/inc\stm32f4xx_hal_dma.h(110): warning: commas at the end of enumerator lists are a C99-specific feature [-Wc99-extensions]
  110 |   HAL_DMA_STATE_ABORT             = 0x05U,  /*!< DMA Abort state                     */
      |                                          ^
../Drivers/STM32F4xx_HAL_Driver/src/stm32f4xx_hal_flash_ex.c(64): warning: In file included from...../Drivers/STM32F4xx_HAL_Driver/inc\stm32f4xx_hal.h(30): warning: In file included from...../Drivers/CMSIS\stm32f4xx_hal_conf.h(368): warning: In file included from...../Drivers/STM32F4xx_HAL_Driver/inc\stm32f4xx_hal_pcd.h(64): warning: commas at the end of enumerator lists are a C99-specific feature [-Wc99-extensions]
   64 |   LPM_L3 = 0x03, /* off */
      |                ^
../Drivers/STM32F4xx_HAL_Driver/inc\stm32f4xx_hal_pcd.h(70): warning: commas at the end of enumerator lists are a C99-specific feature [-Wc99-extensions]
   70 |   PCD_LPM_L1_ACTIVE = 0x01, /* LPM L1 sleep */
      |                           ^
../Drivers/STM32F4xx_HAL_Driver/inc\stm32f4xx_hal_pcd.h(80): warning: commas at the end of enumerator lists are a C99-specific feature [-Wc99-extensions]
   80 |   PCD_BCD_DISCOVERY_COMPLETED       = 0x00,
      |                                           ^
../Drivers/STM32F4xx_HAL_Driver/src/stm32f4xx_hal_flash_ex.c(64): warning: In file included from...../Drivers/STM32F4xx_HAL_Driver/inc\stm32f4xx_hal.h(30): warning: In file included from...../Drivers/CMSIS\stm32f4xx_hal_conf.h(368): warning: In file included from...../Drivers/STM32F4xx_HAL_Driver/inc\stm32f4xx_hal_pcd.h(29): warning: In file included from...../Drivers/STM32F4xx_HAL_Driver/inc\stm32f4xx_ll_usb.h(186): warning: padding struct 'USB_OTG_HCTypeDef' with 1 byte to align 'xfer_buff' [-Wpadded]
  186 |   uint8_t   *xfer_buff;         /*!< Pointer to transfer buffer.                                                */
      |              ^
../Drivers/STM32F4xx_HAL_Driver/inc\stm32f4xx_ll_usb.h(198): warning: padding struct 'USB_OTG_HCTypeDef' with 2 bytes to align 'dma_addr' [-Wpadded]
  198 |   uint32_t  dma_addr;           /*!< 32 bits aligned transfer buffer address.                                   */
      |             ^
../Drivers/STM32F4xx_HAL_Driver/inc\stm32f4xx_ll_usb.h(156): warning: padding size of 'USB_OTG_HCTypeDef' with 2 bytes to alignment boundary [-Wpadded]
  156 | typedef struct
      |         ^
../Drivers/STM32F4xx_HAL_Driver/src/stm32f4xx_hal_flash_ex.c(64): warning: In file included from...../Drivers/STM32F4xx_HAL_Driver/inc\stm32f4xx_hal.h(30): warning: In file included from...../Drivers/CMSIS\stm32f4xx_hal_conf.h(276): warning: In file included from...../Drivers/STM32F4xx_HAL_Driver/inc\stm32f4xx_hal_flash.h(62): warning: padding struct 'FLASH_ProcessTypeDef' with 3 bytes to align 'NbSectorsToErase' [-Wpadded]
   62 |   __IO uint32_t               NbSectorsToErase;   /*Internal variable to save the remaining sectors to erase in IT context*/
      |                               ^
../Drivers/STM32F4xx_HAL_Driver/inc\stm32f4xx_hal_flash.h(66): warning: padding struct 'FLASH_ProcessTypeDef' with 3 bytes to align 'Sector' [-Wpadded]
   66 |   __IO uint32_t               Sector;             /*Internal variable to define the current sector which is erasing*/
      |                               ^
../Drivers/STM32F4xx_HAL_Driver/inc\stm32f4xx_hal_flash.h(74): warning: padding struct 'FLASH_ProcessTypeDef' with 3 bytes to align 'ErrorCode' [-Wpadded]
   74 |   __IO uint32_t               ErrorCode;          /* FLASH error code                    */
      |                               ^
../Drivers/STM32F4xx_HAL_Driver/src/stm32f4xx_hal_flash_ex.c(273): warning: implicit conversion loses integer precision: 'uint32_t' (aka 'unsigned int') to 'uint8_t' (aka 'unsigned char') [-Wimplicit-int-conversion]
  273 |     FLASH_Erase_Sector(pEraseInit->Sector, pEraseInit->VoltageRange);
      |     ~~~~~~~~~~~~~~~~~~                     ~~~~~~~~~~~~^~~~~~~~~~~~
../Drivers/STM32F4xx_HAL_Driver/src/stm32f4xx_hal_flash_ex.c(315): warning: implicit conversion loses integer precision: 'uint32_t' (aka 'unsigned int') to 'uint8_t' (aka 'unsigned char') [-Wimplicit-int-conversion]
  315 |     status = FLASH_OB_RDP_LevelConfig(pOBInit->RDPLevel);
      |              ~~~~~~~~~~~~~~~~~~~~~~~~ ~~~~~~~~~^~~~~~~~
../Drivers/STM32F4xx_HAL_Driver/src/stm32f4xx_hal_flash_ex.c(329): warning: implicit conversion loses integer precision: 'uint32_t' (aka 'unsigned int') to 'uint8_t' (aka 'unsigned char') [-Wimplicit-int-conversion]
  329 |     status = FLASH_OB_BOR_LevelConfig(pOBInit->BORLevel);
      |              ~~~~~~~~~~~~~~~~~~~~~~~~ ~~~~~~~~~^~~~~~~~
../Drivers/STM32F4xx_HAL_Driver/src/stm32f4xx_hal_flash_ex.c(64): warning: In file included from...../Drivers/STM32F4xx_HAL_Driver/inc\stm32f4xx_hal.h(30): warning: In file included from...../Drivers/CMSIS\stm32f4xx_hal_conf.h(276): warning: In file included from...../Drivers/STM32F4xx_HAL_Driver/inc\stm32f4xx_hal_flash.h(297): warning: In file included from...../Drivers/STM32F4xx_HAL_Driver/inc\stm32f4xx_hal_flash_ex.h(69): warning: padding size of 'FLASH_OBProgramInitTypeDef' with 3 bytes to alignment boundary [-Wpadded]
   69 | typedef struct
      |         ^
../Drivers/STM32F4xx_HAL_Driver/src/stm32f4xx_hal_flash_ex.c(953): warning: unused parameter 'Banks' [-Wunused-parameter]
  953 | static void FLASH_MassErase(uint8_t VoltageRange, uint32_t Banks)
      |                                                            ^
../Drivers/STM32F4xx_HAL_Driver/src/stm32f4xx_hal_flash_ex.c(1032): warning: unused parameter 'Banks' [-Wunused-parameter]
 1032 | static HAL_StatusTypeDef FLASH_OB_EnableWRP(uint32_t WRPSector, uint32_t Banks)
      |                                                                          ^
../Drivers/STM32F4xx_HAL_Driver/src/stm32f4xx_hal_flash_ex.c(1068): warning: unused parameter 'Banks' [-Wunused-parameter]
 1068 | static HAL_StatusTypeDef FLASH_OB_DisableWRP(uint32_t WRPSector, uint32_t Banks)
      |                                                                           ^
20 warnings generated.
compiling stm32f4xx_hal_flash_ex.c...
armclang: warning: no such include directory: 'Drivers/CMSIS/Device/ST/STM32F4xx/Include' [-Wmissing-include-dirs]
../Drivers/STM32F4xx_HAL_Driver/src/stm32f4xx_hal_flash_ramfunc.c(49): warning: In file included from...../Drivers/STM32F4xx_HAL_Driver/inc\stm32f4xx_hal.h(30): warning: In file included from...../Drivers/CMSIS\stm32f4xx_hal_conf.h(220): warning: In file included from...../Drivers/STM32F4xx_HAL_Driver/inc\stm32f4xx_hal_rcc.h(29): warning: In file included from...../Drivers/STM32F4xx_HAL_Driver/inc\stm32f4xx_hal_def.h(30): warning: In file included from...../Drivers/CMSIS\stm32f4xx.h(11): warning: invalid UTF-8 in comment [-Winvalid-utf8]
   11 |   *              - To use or not the peripheral<92>s drivers in application code(i.e. 
      |                                                ^
../Drivers/CMSIS\stm32f4xx.h(12): warning: invalid UTF-8 in comment [-Winvalid-utf8]
   12 |   *                code will be based on direct access to peripheral<92>s registers 
      |                                                                     ^
../Drivers/STM32F4xx_HAL_Driver/src/stm32f4xx_hal_flash_ramfunc.c(49): warning: In file included from...../Drivers/STM32F4xx_HAL_Driver/inc\stm32f4xx_hal.h(30): warning: In file included from...../Drivers/CMSIS\stm32f4xx_hal_conf.h(224): warning: In file included from...../Drivers/STM32F4xx_HAL_Driver/inc\stm32f4xx_hal_exti.h(49): warning: commas at the end of enumerator lists are a C99-specific feature [-Wc99-extensions]
   49 |   HAL_EXTI_FALLING_CB_ID         = 0x02U,
      |                                         ^
../Drivers/STM32F4xx_HAL_Driver/src/stm32f4xx_hal_flash_ramfunc.c(49): warning: In file included from...../Drivers/STM32F4xx_HAL_Driver/inc\stm32f4xx_hal.h(30): warning: In file included from...../Drivers/CMSIS\stm32f4xx_hal_conf.h(232): warning: In file included from...../Drivers/STM32F4xx_HAL_Driver/inc\stm32f4xx_hal_dma.h(110): warning: commas at the end of enumerator lists are a C99-specific feature [-Wc99-extensions]
  110 |   HAL_DMA_STATE_ABORT             = 0x05U,  /*!< DMA Abort state                     */
      |                                          ^
../Drivers/STM32F4xx_HAL_Driver/src/stm32f4xx_hal_flash_ramfunc.c(49): warning: In file included from...../Drivers/STM32F4xx_HAL_Driver/inc\stm32f4xx_hal.h(30): warning: In file included from...../Drivers/CMSIS\stm32f4xx_hal_conf.h(368): warning: In file included from...../Drivers/STM32F4xx_HAL_Driver/inc\stm32f4xx_hal_pcd.h(64): warning: commas at the end of enumerator lists are a C99-specific feature [-Wc99-extensions]
   64 |   LPM_L3 = 0x03, /* off */
      |                ^
../Drivers/STM32F4xx_HAL_Driver/inc\stm32f4xx_hal_pcd.h(70): warning: commas at the end of enumerator lists are a C99-specific feature [-Wc99-extensions]
   70 |   PCD_LPM_L1_ACTIVE = 0x01, /* LPM L1 sleep */
      |                           ^
../Drivers/STM32F4xx_HAL_Driver/inc\stm32f4xx_hal_pcd.h(80): warning: commas at the end of enumerator lists are a C99-specific feature [-Wc99-extensions]
   80 |   PCD_BCD_DISCOVERY_COMPLETED       = 0x00,
      |                                           ^
../Drivers/STM32F4xx_HAL_Driver/src/stm32f4xx_hal_flash_ramfunc.c(49): warning: In file included from...../Drivers/STM32F4xx_HAL_Driver/inc\stm32f4xx_hal.h(30): warning: In file included from...../Drivers/CMSIS\stm32f4xx_hal_conf.h(368): warning: In file included from...../Drivers/STM32F4xx_HAL_Driver/inc\stm32f4xx_hal_pcd.h(29): warning: In file included from...../Drivers/STM32F4xx_HAL_Driver/inc\stm32f4xx_ll_usb.h(186): warning: padding struct 'USB_OTG_HCTypeDef' with 1 byte to align 'xfer_buff' [-Wpadded]
  186 |   uint8_t   *xfer_buff;         /*!< Pointer to transfer buffer.                                                */
      |              ^
../Drivers/STM32F4xx_HAL_Driver/inc\stm32f4xx_ll_usb.h(198): warning: padding struct 'USB_OTG_HCTypeDef' with 2 bytes to align 'dma_addr' [-Wpadded]
  198 |   uint32_t  dma_addr;           /*!< 32 bits aligned transfer buffer address.                                   */
      |             ^
../Drivers/STM32F4xx_HAL_Driver/inc\stm32f4xx_ll_usb.h(156): warning: padding size of 'USB_OTG_HCTypeDef' with 2 bytes to alignment boundary [-Wpadded]
  156 | typedef struct
      |         ^
10 warnings generated.
compiling stm32f4xx_hal_flash_ramfunc.c...
armclang: warning: no such include directory: 'Drivers/CMSIS/Device/ST/STM32F4xx/Include' [-Wmissing-include-dirs]
../Drivers/STM32F4xx_HAL_Driver/src/stm32f4xx_hal_exti.c(85): warning: In file included from...../Drivers/STM32F4xx_HAL_Driver/inc\stm32f4xx_hal.h(30): warning: In file included from...../Drivers/CMSIS\stm32f4xx_hal_conf.h(220): warning: In file included from...../Drivers/STM32F4xx_HAL_Driver/inc\stm32f4xx_hal_rcc.h(29): warning: In file included from...../Drivers/STM32F4xx_HAL_Driver/inc\stm32f4xx_hal_def.h(30): warning: In file included from...../Drivers/CMSIS\stm32f4xx.h(11): warning: invalid UTF-8 in comment [-Winvalid-utf8]
   11 |   *              - To use or not the peripheral<92>s drivers in application code(i.e. 
      |                                                ^
../Drivers/CMSIS\stm32f4xx.h(12): warning: invalid UTF-8 in comment [-Winvalid-utf8]
   12 |   *                code will be based on direct access to peripheral<92>s registers 
      |                                                                     ^
../Drivers/STM32F4xx_HAL_Driver/src/stm32f4xx_hal_exti.c(85): warning: In file included from...../Drivers/STM32F4xx_HAL_Driver/inc\stm32f4xx_hal.h(30): warning: In file included from...../Drivers/CMSIS\stm32f4xx_hal_conf.h(224): warning: In file included from...../Drivers/STM32F4xx_HAL_Driver/inc\stm32f4xx_hal_exti.h(49): warning: commas at the end of enumerator lists are a C99-specific feature [-Wc99-extensions]
   49 |   HAL_EXTI_FALLING_CB_ID         = 0x02U,
      |                                         ^
../Drivers/STM32F4xx_HAL_Driver/src/stm32f4xx_hal_exti.c(85): warning: In file included from...../Drivers/STM32F4xx_HAL_Driver/inc\stm32f4xx_hal.h(30): warning: In file included from...../Drivers/CMSIS\stm32f4xx_hal_conf.h(232): warning: In file included from...../Drivers/STM32F4xx_HAL_Driver/inc\stm32f4xx_hal_dma.h(110): warning: commas at the end of enumerator lists are a C99-specific feature [-Wc99-extensions]
  110 |   HAL_DMA_STATE_ABORT             = 0x05U,  /*!< DMA Abort state                     */
      |                                          ^
../Drivers/STM32F4xx_HAL_Driver/src/stm32f4xx_hal_exti.c(85): warning: In file included from...../Drivers/STM32F4xx_HAL_Driver/inc\stm32f4xx_hal.h(30): warning: In file included from...../Drivers/CMSIS\stm32f4xx_hal_conf.h(368): warning: In file included from...../Drivers/STM32F4xx_HAL_Driver/inc\stm32f4xx_hal_pcd.h(64): warning: commas at the end of enumerator lists are a C99-specific feature [-Wc99-extensions]
   64 |   LPM_L3 = 0x03, /* off */
      |                ^
../Drivers/STM32F4xx_HAL_Driver/inc\stm32f4xx_hal_pcd.h(70): warning: commas at the end of enumerator lists are a C99-specific feature [-Wc99-extensions]
   70 |   PCD_LPM_L1_ACTIVE = 0x01, /* LPM L1 sleep */
      |                           ^
../Drivers/STM32F4xx_HAL_Driver/inc\stm32f4xx_hal_pcd.h(80): warning: commas at the end of enumerator lists are a C99-specific feature [-Wc99-extensions]
   80 |   PCD_BCD_DISCOVERY_COMPLETED       = 0x00,
      |                                           ^
../Drivers/STM32F4xx_HAL_Driver/src/stm32f4xx_hal_exti.c(85): warning: In file included from...../Drivers/STM32F4xx_HAL_Driver/inc\stm32f4xx_hal.h(30): warning: In file included from...../Drivers/CMSIS\stm32f4xx_hal_conf.h(368): warning: In file included from...../Drivers/STM32F4xx_HAL_Driver/inc\stm32f4xx_hal_pcd.h(29): warning: In file included from...../Drivers/STM32F4xx_HAL_Driver/inc\stm32f4xx_ll_usb.h(186): warning: padding struct 'USB_OTG_HCTypeDef' with 1 byte to align 'xfer_buff' [-Wpadded]
  186 |   uint8_t   *xfer_buff;         /*!< Pointer to transfer buffer.                                                */
      |              ^
../Drivers/STM32F4xx_HAL_Driver/inc\stm32f4xx_ll_usb.h(198): warning: padding struct 'USB_OTG_HCTypeDef' with 2 bytes to align 'dma_addr' [-Wpadded]
  198 |   uint32_t  dma_addr;           /*!< 32 bits aligned transfer buffer address.                                   */
      |             ^
../Drivers/STM32F4xx_HAL_Driver/inc\stm32f4xx_ll_usb.h(156): warning: padding size of 'USB_OTG_HCTypeDef' with 2 bytes to alignment boundary [-Wpadded]
  156 | typedef struct
      |         ^
../Drivers/STM32F4xx_HAL_Driver/src/stm32f4xx_hal_exti.c(289): warning: enumeration values 'HAL_EXTI_RISING_CB_ID' and 'HAL_EXTI_FALLING_CB_ID' not explicitly handled in switch [-Wswitch-enum]
  289 |   switch (CallbackID)
      |           ^~~~~~~~~~
../Drivers/STM32F4xx_HAL_Driver/src/stm32f4xx_hal_exti.c(374): warning: unused parameter 'Edge' [-Wunused-parameter]
  374 | uint32_t HAL_EXTI_GetPending(EXTI_HandleTypeDef *hexti, uint32_t Edge)
      |                                                                  ^
../Drivers/STM32F4xx_HAL_Driver/src/stm32f4xx_hal_exti.c(401): warning: unused parameter 'Edge' [-Wunused-parameter]
  401 | void HAL_EXTI_ClearPending(EXTI_HandleTypeDef *hexti, uint32_t Edge)
      |                                                                ^
13 warnings generated.
compiling stm32f4xx_hal_exti.c...
armclang: warning: no such include directory: 'Drivers/CMSIS/Device/ST/STM32F4xx/Include' [-Wmissing-include-dirs]
../Middlewares/FreeRTOS/tasks.c(40): warning: In file included from...../Middlewares/FreeRTOS/include\FreeRTOS.h(58): error: 'FreeRTOSConfig.h' file not found
   58 | #include "FreeRTOSConfig.h"
      |          ^~~~~~~~~~~~~~~~~~
1 error generated.
compiling tasks.c...
armclang: warning: no such include directory: 'Drivers/CMSIS/Device/ST/STM32F4xx/Include' [-Wmissing-include-dirs]
../Middlewares/FreeRTOS/queue.c(37): warning: In file included from...../Middlewares/FreeRTOS/include\FreeRTOS.h(58): error: 'FreeRTOSConfig.h' file not found
   58 | #include "FreeRTOSConfig.h"
      |          ^~~~~~~~~~~~~~~~~~
1 error generated.
compiling queue.c...
armclang: warning: no such include directory: 'Drivers/CMSIS/Device/ST/STM32F4xx/Include' [-Wmissing-include-dirs]
../Middlewares/FreeRTOS/list.c(37): warning: In file included from...../Middlewares/FreeRTOS/include\FreeRTOS.h(58): error: 'FreeRTOSConfig.h' file not found
   58 | #include "FreeRTOSConfig.h"
      |          ^~~~~~~~~~~~~~~~~~
1 error generated.
compiling list.c...
armclang: warning: no such include directory: 'Drivers/CMSIS/Device/ST/STM32F4xx/Include' [-Wmissing-include-dirs]
../Middlewares/FreeRTOS/timers.c(37): warning: In file included from...../Middlewares/FreeRTOS/include\FreeRTOS.h(58): error: 'FreeRTOSConfig.h' file not found
   58 | #include "FreeRTOSConfig.h"
      |          ^~~~~~~~~~~~~~~~~~
1 error generated.
compiling timers.c...
armclang: warning: no such include directory: 'Drivers/CMSIS/Device/ST/STM32F4xx/Include' [-Wmissing-include-dirs]
../Middlewares/FreeRTOS/portable/RVDS/ARM_CM4F/port.c(34): warning: In file included from...../Middlewares/FreeRTOS/include\FreeRTOS.h(58): error: 'FreeRTOSConfig.h' file not found
   58 | #include "FreeRTOSConfig.h"
      |          ^~~~~~~~~~~~~~~~~~
1 error generated.
compiling port.c...
armclang: warning: no such include directory: 'Drivers/CMSIS/Device/ST/STM32F4xx/Include' [-Wmissing-include-dirs]
../Middlewares/FreeRTOS/portable/MemMang/heap_4.c(45): warning: In file included from...../Middlewares/FreeRTOS/include\FreeRTOS.h(58): error: 'FreeRTOSConfig.h' file not found
   58 | #include "FreeRTOSConfig.h"
      |          ^~~~~~~~~~~~~~~~~~
1 error generated.
compiling heap_4.c...
".\OBJ\C1.axf" - 9 Error(s), 670 Warning(s).
Target not created.
Build Time Elapsed:  00:00:04
